ISO-10303-21;
HEADER;
FILE_DESCRIPTION(('KiCad electronic assembly'),'2;1');
FILE_NAME('phoogateBallDrop.step','2026-01-20T10:46:11',('Pcbnew'),(
    'Kicad'),'Open CASCADE STEP processor 7.9','KiCad to STEP converter'
  ,'Unknown');
FILE_SCHEMA(('AUTOMOTIVE_DESIGN { 1 0 10303 214 1 1 1 1 }'));
ENDSEC;
DATA;
#1 = APPLICATION_PROTOCOL_DEFINITION('international standard',
  'automotive_design',2000,#2);
#2 = APPLICATION_CONTEXT(
  'core data for automotive mechanical design processes');
#3 = SHAPE_DEFINITION_REPRESENTATION(#4,#10);
#4 = PRODUCT_DEFINITION_SHAPE('','',#5);
#5 = PRODUCT_DEFINITION('design','',#6,#9);
#6 = PRODUCT_DEFINITION_FORMATION('','',#7);
#7 = PRODUCT('phoogateBallDrop 1','phoogateBallDrop 1','',(#8));
#8 = PRODUCT_CONTEXT('',#2,'mechanical');
#9 = PRODUCT_DEFINITION_CONTEXT('part definition',#2,'design');
#10 = SHAPE_REPRESENTATION('',(#11,#15,#19,#23,#27,#31,#35,#39,#43,#47,
    #51,#55,#59,#63,#67,#71,#75,#79,#83,#87,#91,#95,#99,#103,#107,#111,
    #115,#119,#123,#127,#131,#135,#139,#143,#147,#151,#155,#159,#163,
    #167,#171,#175,#179,#183),#187);
#11 = AXIS2_PLACEMENT_3D('',#12,#13,#14);
#12 = CARTESIAN_POINT('',(0.,0.,0.));
#13 = DIRECTION('',(0.,0.,1.));
#14 = DIRECTION('',(1.,0.,-0.));
#15 = AXIS2_PLACEMENT_3D('',#16,#17,#18);
#16 = CARTESIAN_POINT('',(36.83,-54.737,1.595));
#17 = DIRECTION('',(0.,0.,1.));
#18 = DIRECTION('',(-1.,1.224646799147E-16,0.));
#19 = AXIS2_PLACEMENT_3D('',#20,#21,#22);
#20 = CARTESIAN_POINT('',(149.098,-68.834,1.595));
#21 = DIRECTION('',(0.,0.,1.));
#22 = DIRECTION('',(-1.,1.224646799147E-16,0.));
#23 = AXIS2_PLACEMENT_3D('',#24,#25,#26);
#24 = CARTESIAN_POINT('',(65.024,-89.408,1.595));
#25 = DIRECTION('',(0.,0.,1.));
#26 = DIRECTION('',(1.,0.,0.));
#27 = AXIS2_PLACEMENT_3D('',#28,#29,#30);
#28 = CARTESIAN_POINT('',(26.67,-50.927,1.595));
#29 = DIRECTION('',(0.,0.,1.));
#30 = DIRECTION('',(1.,0.,0.));
#31 = AXIS2_PLACEMENT_3D('',#32,#33,#34);
#32 = CARTESIAN_POINT('',(104.394,-81.788,1.595));
#33 = DIRECTION('',(-0.,0.,1.));
#34 = DIRECTION('',(1.110223024625E-16,-1.,0.));
#35 = AXIS2_PLACEMENT_3D('',#36,#37,#38);
#36 = CARTESIAN_POINT('',(120.904,-73.787,1.595));
#37 = DIRECTION('',(0.,0.,1.));
#38 = DIRECTION('',(-1.,1.224646799147E-16,0.));
#39 = AXIS2_PLACEMENT_3D('',#40,#41,#42);
#40 = CARTESIAN_POINT('',(65.024,-78.999,1.595));
#41 = DIRECTION('',(0.,-0.,1.));
#42 = DIRECTION('',(1.110223024625E-16,1.,0.));
#43 = AXIS2_PLACEMENT_3D('',#44,#45,#46);
#44 = CARTESIAN_POINT('',(26.67,-42.651,1.595));
#45 = DIRECTION('',(0.,0.,1.));
#46 = DIRECTION('',(1.,0.,0.));
#47 = AXIS2_PLACEMENT_3D('',#48,#49,#50);
#48 = CARTESIAN_POINT('',(34.885,-29.215,-0.945));
#49 = DIRECTION('',(0.,-0.,1.));
#50 = DIRECTION('',(1.110223024625E-16,1.,0.));
#51 = AXIS2_PLACEMENT_3D('',#52,#53,#54);
#52 = CARTESIAN_POINT('',(77.049,-74.549,1.595));
#53 = DIRECTION('',(0.,0.,1.));
#54 = DIRECTION('',(-1.,1.224646799147E-16,0.));
#55 = AXIS2_PLACEMENT_3D('',#56,#57,#58);
#56 = CARTESIAN_POINT('',(97.028,-69.85,1.595));
#57 = DIRECTION('',(-0.,0.,1.));
#58 = DIRECTION('',(1.110223024625E-16,-1.,0.));
#59 = AXIS2_PLACEMENT_3D('',#60,#61,#62);
#60 = CARTESIAN_POINT('',(74.549,-91.908,1.595));
#61 = DIRECTION('',(0.,-0.,1.));
#62 = DIRECTION('',(1.110223024625E-16,1.,0.));
#63 = AXIS2_PLACEMENT_3D('',#64,#65,#66);
#64 = CARTESIAN_POINT('',(48.514,-92.71,1.595));
#65 = DIRECTION('',(0.,-0.,1.));
#66 = DIRECTION('',(1.110223024625E-16,1.,0.));
#67 = AXIS2_PLACEMENT_3D('',#68,#69,#70);
#68 = CARTESIAN_POINT('',(113.284,-81.153,1.595));
#69 = DIRECTION('',(0.,0.,1.));
#70 = DIRECTION('',(1.,0.,0.));
#71 = AXIS2_PLACEMENT_3D('',#72,#73,#74);
#72 = CARTESIAN_POINT('',(108.077,-84.709,1.595));
#73 = DIRECTION('',(-0.,0.,1.));
#74 = DIRECTION('',(1.110223024625E-16,-1.,0.));
#75 = AXIS2_PLACEMENT_3D('',#76,#77,#78);
#76 = CARTESIAN_POINT('',(143.59,-53.213,1.595));
#77 = DIRECTION('',(0.,0.,1.));
#78 = DIRECTION('',(1.,0.,0.));
#79 = AXIS2_PLACEMENT_3D('',#80,#81,#82);
#80 = CARTESIAN_POINT('',(142.915,-26.665,1.595));
#81 = DIRECTION('',(-0.,0.,1.));
#82 = DIRECTION('',(1.110223024625E-16,-1.,0.));
#83 = AXIS2_PLACEMENT_3D('',#84,#85,#86);
#84 = CARTESIAN_POINT('',(140.97,-72.136,1.595));
#85 = DIRECTION('',(0.,0.,1.));
#86 = DIRECTION('',(1.,0.,0.));
#87 = AXIS2_PLACEMENT_3D('',#88,#89,#90);
#88 = CARTESIAN_POINT('',(29.25,-37.846,1.595));
#89 = DIRECTION('',(0.,0.,1.));
#90 = DIRECTION('',(1.,0.,0.));
#91 = AXIS2_PLACEMENT_3D('',#92,#93,#94);
#92 = CARTESIAN_POINT('',(124.841,-86.614,1.595));
#93 = DIRECTION('',(0.,-0.,1.));
#94 = DIRECTION('',(1.110223024625E-16,1.,0.));
#95 = AXIS2_PLACEMENT_3D('',#96,#97,#98);
#96 = CARTESIAN_POINT('',(77.569,-81.026,1.595));
#97 = DIRECTION('',(0.,0.,1.));
#98 = DIRECTION('',(-1.,1.224646799147E-16,0.));
#99 = AXIS2_PLACEMENT_3D('',#100,#101,#102);
#100 = CARTESIAN_POINT('',(36.83,-34.417,1.595));
#101 = DIRECTION('',(0.,0.,1.));
#102 = DIRECTION('',(-1.,1.224646799147E-16,0.));
#103 = AXIS2_PLACEMENT_3D('',#104,#105,#106);
#104 = CARTESIAN_POINT('',(100.838,-84.328,1.595));
#105 = DIRECTION('',(0.,-0.,1.));
#106 = DIRECTION('',(1.110223024625E-16,1.,0.));
#107 = AXIS2_PLACEMENT_3D('',#108,#109,#110);
#108 = CARTESIAN_POINT('',(140.97,-65.278,1.595));
#109 = DIRECTION('',(0.,0.,1.));
#110 = DIRECTION('',(1.,0.,0.));
#111 = AXIS2_PLACEMENT_3D('',#112,#113,#114);
#112 = CARTESIAN_POINT('',(143.51,-38.1,1.595));
#113 = DIRECTION('',(0.,0.,1.));
#114 = DIRECTION('',(1.,0.,0.));
#115 = AXIS2_PLACEMENT_3D('',#116,#117,#118);
#116 = CARTESIAN_POINT('',(151.13,-75.565,1.595));
#117 = DIRECTION('',(0.,0.,1.));
#118 = DIRECTION('',(-1.,1.224646799147E-16,0.));
#119 = AXIS2_PLACEMENT_3D('',#120,#121,#122);
#120 = CARTESIAN_POINT('',(143.51,-34.671,1.595));
#121 = DIRECTION('',(0.,0.,1.));
#122 = DIRECTION('',(1.,0.,0.));
#123 = AXIS2_PLACEMENT_3D('',#124,#125,#126);
#124 = CARTESIAN_POINT('',(120.904,-77.47,1.595));
#125 = DIRECTION('',(0.,0.,1.));
#126 = DIRECTION('',(-1.,1.224646799147E-16,0.));
#127 = AXIS2_PLACEMENT_3D('',#128,#129,#130);
#128 = CARTESIAN_POINT('',(151.13,-60.579,1.595));
#129 = DIRECTION('',(0.,0.,1.));
#130 = DIRECTION('',(-1.,1.224646799147E-16,0.));
#131 = AXIS2_PLACEMENT_3D('',#132,#133,#134);
#132 = CARTESIAN_POINT('',(140.97,-49.784,1.595));
#133 = DIRECTION('',(0.,0.,1.));
#134 = DIRECTION('',(1.,0.,0.));
#135 = AXIS2_PLACEMENT_3D('',#136,#137,#138);
#136 = CARTESIAN_POINT('',(128.651,-82.169,1.595));
#137 = DIRECTION('',(-0.,0.,1.));
#138 = DIRECTION('',(1.110223024625E-16,-1.,0.));
#139 = AXIS2_PLACEMENT_3D('',#140,#141,#142);
#140 = CARTESIAN_POINT('',(36.83,-46.355,1.595));
#141 = DIRECTION('',(0.,0.,1.));
#142 = DIRECTION('',(-1.,1.224646799147E-16,0.));
#143 = AXIS2_PLACEMENT_3D('',#144,#145,#146);
#144 = CARTESIAN_POINT('',(108.077,-81.788,1.595));
#145 = DIRECTION('',(0.,-0.,1.));
#146 = DIRECTION('',(1.110223024625E-16,1.,0.));
#147 = AXIS2_PLACEMENT_3D('',#148,#149,#150);
#148 = CARTESIAN_POINT('',(54.356,-92.71,1.595));
#149 = DIRECTION('',(0.,-0.,1.));
#150 = DIRECTION('',(1.110223024625E-16,1.,0.));
#151 = AXIS2_PLACEMENT_3D('',#152,#153,#154);
#152 = CARTESIAN_POINT('',(128.651,-80.01,1.595));
#153 = DIRECTION('',(0.,-0.,1.));
#154 = DIRECTION('',(1.110223024625E-16,1.,0.));
#155 = AXIS2_PLACEMENT_3D('',#156,#157,#158);
#156 = CARTESIAN_POINT('',(151.13,-45.233,1.595));
#157 = DIRECTION('',(0.,0.,1.));
#158 = DIRECTION('',(-1.,1.224646799147E-16,0.));
#159 = AXIS2_PLACEMENT_3D('',#160,#161,#162);
#160 = CARTESIAN_POINT('',(48.006,-71.882,1.595));
#161 = DIRECTION('',(-0.,0.,1.));
#162 = DIRECTION('',(1.110223024625E-16,-1.,0.));
#163 = AXIS2_PLACEMENT_3D('',#164,#165,#166);
#164 = CARTESIAN_POINT('',(140.97,-56.642,1.595));
#165 = DIRECTION('',(0.,0.,1.));
#166 = DIRECTION('',(1.,0.,0.));
#167 = AXIS2_PLACEMENT_3D('',#168,#169,#170);
#168 = CARTESIAN_POINT('',(140.97,-41.402,1.595));
#169 = DIRECTION('',(0.,0.,1.));
#170 = DIRECTION('',(1.,0.,0.));
#171 = AXIS2_PLACEMENT_3D('',#172,#173,#174);
#172 = CARTESIAN_POINT('',(52.324,-71.882,1.595));
#173 = DIRECTION('',(-0.,0.,1.));
#174 = DIRECTION('',(1.110223024625E-16,-1.,0.));
#175 = AXIS2_PLACEMENT_3D('',#176,#177,#178);
#176 = CARTESIAN_POINT('',(56.007,-69.85,1.595));
#177 = DIRECTION('',(-0.,0.,1.));
#178 = DIRECTION('',(1.110223024625E-16,-1.,0.));
#179 = AXIS2_PLACEMENT_3D('',#180,#181,#182);
#180 = CARTESIAN_POINT('',(59.817,-80.01,1.595));
#181 = DIRECTION('',(0.,-0.,1.));
#182 = DIRECTION('',(1.110223024625E-16,1.,0.));
#183 = AXIS2_PLACEMENT_3D('',#184,#185,#186);
#184 = CARTESIAN_POINT('',(0.,0.,0.));
#185 = DIRECTION('',(0.,0.,1.));
#186 = DIRECTION('',(1.,0.,-0.));
#187 = ( GEOMETRIC_REPRESENTATION_CONTEXT(3) 
GLOBAL_UNCERTAINTY_ASSIGNED_CONTEXT((#191)) GLOBAL_UNIT_ASSIGNED_CONTEXT
((#188,#189,#190)) REPRESENTATION_CONTEXT('Context #1',
  '3D Context with UNIT and UNCERTAINTY') );
#188 = ( LENGTH_UNIT() NAMED_UNIT(*) SI_UNIT(.MILLI.,.METRE.) );
#189 = ( NAMED_UNIT(*) PLANE_ANGLE_UNIT() SI_UNIT($,.RADIAN.) );
#190 = ( NAMED_UNIT(*) SI_UNIT($,.STERADIAN.) SOLID_ANGLE_UNIT() );
#191 = UNCERTAINTY_MEASURE_WITH_UNIT(LENGTH_MEASURE(2.E-07),#188,
  'distance_accuracy_value','confusion accuracy');
#192 = PRODUCT_RELATED_PRODUCT_CATEGORY('part',$,(#7));
#193 = SHAPE_DEFINITION_REPRESENTATION(#194,#200);
#194 = PRODUCT_DEFINITION_SHAPE('','',#195);
#195 = PRODUCT_DEFINITION('design','',#196,#199);
#196 = PRODUCT_DEFINITION_FORMATION('','',#197);
#197 = PRODUCT('R_Axial_DIN0207_L6.3mm_D2.5mm_P7.62mm_Horizontal',
  'R_Axial_DIN0207_L6.3mm_D2.5mm_P7.62mm_Horizontal','',(#198));
#198 = PRODUCT_CONTEXT('',#2,'mechanical');
#199 = PRODUCT_DEFINITION_CONTEXT('part definition',#2,'design');
#200 = ADVANCED_BREP_SHAPE_REPRESENTATION('',(#11,#201),#864);
#201 = MANIFOLD_SOLID_BREP('',#202);
#202 = CLOSED_SHELL('',(#203,#236,#262,#282,#465,#490,#516,#536,#561,
    #586,#595,#621,#804,#830,#855));
#203 = ADVANCED_FACE('',(#204),#231,.T.);
#204 = FACE_BOUND('',#205,.T.);
#205 = EDGE_LOOP('',(#206,#215,#223,#230));
#206 = ORIENTED_EDGE('',*,*,#207,.T.);
#207 = EDGE_CURVE('',#208,#208,#210,.T.);
#208 = VERTEX_POINT('',#209);
#209 = CARTESIAN_POINT('',(1.285,1.25,1.25));
#210 = CIRCLE('',#211,1.25);
#211 = AXIS2_PLACEMENT_3D('',#212,#213,#214);
#212 = CARTESIAN_POINT('',(1.285,0.,1.25));
#213 = DIRECTION('',(1.,0.,0.));
#214 = DIRECTION('',(-0.,1.,0.));
#215 = ORIENTED_EDGE('',*,*,#216,.T.);
#216 = EDGE_CURVE('',#208,#217,#219,.T.);
#217 = VERTEX_POINT('',#218);
#218 = CARTESIAN_POINT('',(2.235,1.25,1.25));
#219 = LINE('',#220,#221);
#220 = CARTESIAN_POINT('',(0.66,1.25,1.25));
#221 = VECTOR('',#222,1.);
#222 = DIRECTION('',(1.,0.,0.));
#223 = ORIENTED_EDGE('',*,*,#224,.F.);
#224 = EDGE_CURVE('',#217,#217,#225,.T.);
#225 = CIRCLE('',#226,1.25);
#226 = AXIS2_PLACEMENT_3D('',#227,#228,#229);
#227 = CARTESIAN_POINT('',(2.235,0.,1.25));
#228 = DIRECTION('',(1.,0.,0.));
#229 = DIRECTION('',(-0.,1.,0.));
#230 = ORIENTED_EDGE('',*,*,#216,.F.);
#231 = CYLINDRICAL_SURFACE('',#232,1.25);
#232 = AXIS2_PLACEMENT_3D('',#233,#234,#235);
#233 = CARTESIAN_POINT('',(0.66,0.,1.25));
#234 = DIRECTION('',(-1.,-0.,-0.));
#235 = DIRECTION('',(0.,1.,0.));
#236 = ADVANCED_FACE('',(#237),#257,.T.);
#237 = FACE_BOUND('',#238,.T.);
#238 = EDGE_LOOP('',(#239,#248,#255,#256));
#239 = ORIENTED_EDGE('',*,*,#240,.T.);
#240 = EDGE_CURVE('',#241,#241,#243,.T.);
#241 = VERTEX_POINT('',#242);
#242 = CARTESIAN_POINT('',(0.66,0.625,1.25));
#243 = CIRCLE('',#244,0.625);
#244 = AXIS2_PLACEMENT_3D('',#245,#246,#247);
#245 = CARTESIAN_POINT('',(0.66,0.,1.25));
#246 = DIRECTION('',(1.,0.,0.));
#247 = DIRECTION('',(-0.,1.,0.));
#248 = ORIENTED_EDGE('',*,*,#249,.F.);
#249 = EDGE_CURVE('',#208,#241,#250,.T.);
#250 = CIRCLE('',#251,0.625);
#251 = AXIS2_PLACEMENT_3D('',#252,#253,#254);
#252 = CARTESIAN_POINT('',(1.285,0.625,1.25));
#253 = DIRECTION('',(0.,-0.,1.));
#254 = DIRECTION('',(0.,1.,0.));
#255 = ORIENTED_EDGE('',*,*,#207,.F.);
#256 = ORIENTED_EDGE('',*,*,#249,.T.);
#257 = TOROIDAL_SURFACE('',#258,0.625,0.625);
#258 = AXIS2_PLACEMENT_3D('',#259,#260,#261);
#259 = CARTESIAN_POINT('',(1.285,0.,1.25));
#260 = DIRECTION('',(-1.,0.,0.));
#261 = DIRECTION('',(0.,1.,0.));
#262 = ADVANCED_FACE('',(#263,#266),#277,.F.);
#263 = FACE_BOUND('',#264,.F.);
#264 = EDGE_LOOP('',(#265));
#265 = ORIENTED_EDGE('',*,*,#224,.F.);
#266 = FACE_BOUND('',#267,.F.);
#267 = EDGE_LOOP('',(#268));
#268 = ORIENTED_EDGE('',*,*,#269,.F.);
#269 = EDGE_CURVE('',#270,#270,#272,.T.);
#270 = VERTEX_POINT('',#271);
#271 = CARTESIAN_POINT('',(2.235,1.125,1.25));
#272 = CIRCLE('',#273,1.125);
#273 = AXIS2_PLACEMENT_3D('',#274,#275,#276);
#274 = CARTESIAN_POINT('',(2.235,0.,1.25));
#275 = DIRECTION('',(-1.,0.,0.));
#276 = DIRECTION('',(0.,1.,0.));
#277 = PLANE('',#278);
#278 = AXIS2_PLACEMENT_3D('',#279,#280,#281);
#279 = CARTESIAN_POINT('',(2.235,1.25,1.25));
#280 = DIRECTION('',(-1.,0.,0.));
#281 = DIRECTION('',(0.,0.,-1.));
#282 = ADVANCED_FACE('',(#283,#286),#460,.T.);
#283 = FACE_BOUND('',#284,.T.);
#284 = EDGE_LOOP('',(#285));
#285 = ORIENTED_EDGE('',*,*,#240,.F.);
#286 = FACE_BOUND('',#287,.T.);
#287 = EDGE_LOOP('',(#288));
#288 = ORIENTED_EDGE('',*,*,#289,.F.);
#289 = EDGE_CURVE('',#290,#290,#292,.T.);
#290 = VERTEX_POINT('',#291);
#291 = CARTESIAN_POINT('',(0.66,1.102182119233E-16,0.899909083395));
#292 = B_SPLINE_CURVE_WITH_KNOTS('',6,(#293,#294,#295,#296,#297,#298,
    #299,#300,#301,#302,#303,#304,#305,#306,#307,#308,#309,#310,#311,
    #312,#313,#314,#315,#316,#317,#318,#319,#320,#321,#322,#323,#324,
    #325,#326,#327,#328,#329,#330,#331,#332,#333,#334,#335,#336,#337,
    #338,#339,#340,#341,#342,#343,#344,#345,#346,#347,#348,#349,#350,
    #351,#352,#353,#354,#355,#356,#357,#358,#359,#360,#361,#362,#363,
    #364,#365,#366,#367,#368,#369,#370,#371,#372,#373,#374,#375,#376,
    #377,#378,#379,#380,#381,#382,#383,#384,#385,#386,#387,#388,#389,
    #390,#391,#392,#393,#394,#395,#396,#397,#398,#399,#400,#401,#402,
    #403,#404,#405,#406,#407,#408,#409,#410,#411,#412,#413,#414,#415,
    #416,#417,#418,#419,#420,#421,#422,#423,#424,#425,#426,#427,#428,
    #429,#430,#431,#432,#433,#434,#435,#436,#437,#438,#439,#440,#441,
    #442,#443,#444,#445,#446,#447,#448,#449,#450,#451,#452,#453,#454,
    #455,#456,#457,#458,#459),.UNSPECIFIED.,.T.,.F.,(1,6,5,5,5,5,5,5,5,5
    ,5,5,5,5,5,5,5,5,5,5,5,5,5,5,5,5,5,5,5,5,5,5,5,5,6,1),(
    -3.7441643477E-02,0.,2.521870323933E-02,5.431496394384E-02,
    8.648919549843E-02,0.120700162351,0.155854554579,0.191019956077,
    0.22552099352,0.258944151729,0.291091798271,0.321919308947,
    0.351475044446,0.379851974729,0.407153625953,0.43347490921,
    0.458900868731,0.483545347382,0.505902822615,0.530283950565,
    0.555351989471,0.581274789002,0.608140584187,0.636038742308,
    0.665070462617,0.695336577837,0.72690990423,0.759792997252,
    0.79386262098,0.828806470397,0.864066503475,0.898816439436,
    0.932013287381,0.962558356523,1.,1.025218703239),.UNSPECIFIED.);
#293 = CARTESIAN_POINT('',(0.66,0.,0.899909083395));
#294 = CARTESIAN_POINT('',(0.66,-9.861963323296E-03,0.899909084471));
#295 = CARTESIAN_POINT('',(0.66,-1.960383099012E-02,0.900333558971));
#296 = CARTESIAN_POINT('',(0.66,-2.90667633729E-02,0.901163095205));
#297 = CARTESIAN_POINT('',(0.66,-3.818473840012E-02,0.902336888075));
#298 = CARTESIAN_POINT('',(0.66,-4.697555886318E-02,0.903805406252));
#299 = CARTESIAN_POINT('',(0.66,-6.541217845247E-02,0.907588617289));
#300 = CARTESIAN_POINT('',(0.66,-7.491989955217E-02,0.909985996381));
#301 = CARTESIAN_POINT('',(0.66,-8.408858685729E-02,0.912709602459));
#302 = CARTESIAN_POINT('',(0.66,-9.29431150905E-02,0.915726339128));
#303 = CARTESIAN_POINT('',(0.66,-0.101504886237,0.919011492948));
#304 = CARTESIAN_POINT('',(0.66,-0.118958160976,0.926453793498));
#305 = CARTESIAN_POINT('',(0.66,-0.127787740677,0.930666021227));
#306 = CARTESIAN_POINT('',(0.66,-0.136306213845,0.935155972835));
#307 = CARTESIAN_POINT('',(0.66,-0.144532125259,0.939904061777));
#308 = CARTESIAN_POINT('',(0.66,-0.152479834979,0.944895594586));
#309 = CARTESIAN_POINT('',(0.66,-0.168328675181,0.955672717204));
#310 = CARTESIAN_POINT('',(0.66,-0.176194628708,0.961488338811));
#311 = CARTESIAN_POINT('',(0.66,-0.183772627725,0.967551590964));
#312 = CARTESIAN_POINT('',(0.66,-0.191071921446,0.973851630909));
#313 = CARTESIAN_POINT('',(0.66,-0.19809849539,0.980379998969));
#314 = CARTESIAN_POINT('',(0.66,-0.211800252103,0.99406561399));
#315 = CARTESIAN_POINT('',(0.66,-0.218460183619,1.001235038361));
#316 = CARTESIAN_POINT('',(0.66,-0.224839916669,1.008630424477));
#317 = CARTESIAN_POINT('',(0.66,-0.230940302033,1.016245317007));
#318 = CARTESIAN_POINT('',(0.66,-0.236759778797,1.024074009311));
#319 = CARTESIAN_POINT('',(0.66,-0.247832030244,1.040150827903));
#320 = CARTESIAN_POINT('',(0.66,-0.253084597548,1.048398894868));
#321 = CARTESIAN_POINT('',(0.66,-0.258049056373,1.056850063306));
#322 = CARTESIAN_POINT('',(0.66,-0.262719990238,1.065498702059));
#323 = CARTESIAN_POINT('',(0.66,-0.267090249501,1.07433884651));
#324 = CARTESIAN_POINT('',(0.66,-0.275134936213,1.092219038761));
#325 = CARTESIAN_POINT('',(0.66,-0.278821023102,1.101251941956));
#326 = CARTESIAN_POINT('',(0.66,-0.282200792082,1.110456832947));
#327 = CARTESIAN_POINT('',(0.66,-0.285264705632,1.119826546568));
#328 = CARTESIAN_POINT('',(0.66,-0.288002108658,1.129352827713));
#329 = CARTESIAN_POINT('',(0.66,-0.29272539517,1.148397615962));
#330 = CARTESIAN_POINT('',(0.66,-0.29473218058,1.157906910826));
#331 = CARTESIAN_POINT('',(0.66,-0.296410836061,1.167545600214));
#332 = CARTESIAN_POINT('',(0.66,-0.297750151594,1.177303530334));
#333 = CARTESIAN_POINT('',(0.66,-0.298738455802,1.187169009313));
#334 = CARTESIAN_POINT('',(0.66,-0.299964918417,1.206708514181));
#335 = CARTESIAN_POINT('',(0.66,-0.300230384291,1.216375379318));
#336 = CARTESIAN_POINT('',(0.66,-0.300149186912,1.226117491764));
#337 = CARTESIAN_POINT('',(0.66,-0.299710710819,1.235921272022));
#338 = CARTESIAN_POINT('',(0.66,-0.298904551758,1.245771471938));
#339 = CARTESIAN_POINT('',(0.66,-0.296585103724,1.265125169703));
#340 = CARTESIAN_POINT('',(0.66,-0.295102339165,1.274626258325));
#341 = CARTESIAN_POINT('',(0.66,-0.293263240337,1.284139377081));
#342 = CARTESIAN_POINT('',(0.66,-0.291059628806,1.293647957516));
#343 = CARTESIAN_POINT('',(0.66,-0.288484130363,1.303133926208));
#344 = CARTESIAN_POINT('',(0.66,-0.282698083788,1.321631884472));
#345 = CARTESIAN_POINT('',(0.66,-0.279518227914,1.330647303479));
#346 = CARTESIAN_POINT('',(0.66,-0.275984860345,1.33960658093));
#347 = CARTESIAN_POINT('',(0.66,-0.272093455342,1.348491200819));
#348 = CARTESIAN_POINT('',(0.66,-0.267840708483,1.357281511993));
#349 = CARTESIAN_POINT('',(0.66,-0.258792476906,1.374285940745));
#350 = CARTESIAN_POINT('',(0.66,-0.254025481533,1.382509111114));
#351 = CARTESIAN_POINT('',(0.66,-0.248921768643,1.390607755283));
#352 = CARTESIAN_POINT('',(0.66,-0.243480982245,1.398562700734));
#353 = CARTESIAN_POINT('',(0.66,-0.237704192262,1.406354086406));
#354 = CARTESIAN_POINT('',(0.66,-0.22571513259,1.421280378602));
#355 = CARTESIAN_POINT('',(0.66,-0.219527706492,1.428429037341));
#356 = CARTESIAN_POINT('',(0.66,-0.213033892817,1.435388992124));
#357 = CARTESIAN_POINT('',(0.66,-0.206237433156,1.442141613477));
#358 = CARTESIAN_POINT('',(0.66,-0.199143534101,1.448667989237));
#359 = CARTESIAN_POINT('',(0.66,-0.184639374507,1.46100431938));
#360 = CARTESIAN_POINT('',(0.66,-0.177249666015,1.466831638372));
#361 = CARTESIAN_POINT('',(0.66,-0.169595736209,1.472413656662));
#362 = CARTESIAN_POINT('',(0.66,-0.161685054894,1.477733175901));
#363 = CARTESIAN_POINT('',(0.66,-0.153526567249,1.482773024258));
#364 = CARTESIAN_POINT('',(0.66,-0.137020407721,1.492097753386));
#365 = CARTESIAN_POINT('',(0.66,-0.128688747003,1.496402530856));
#366 = CARTESIAN_POINT('',(0.66,-0.12014499879,1.500414878928));
#367 = CARTESIAN_POINT('',(0.66,-0.111400259626,1.504119593216));
#368 = CARTESIAN_POINT('',(0.66,-0.102467435485,1.507501774849));
#369 = CARTESIAN_POINT('',(0.66,-8.453493192811E-02,1.513498294635));
#370 = CARTESIAN_POINT('',(0.66,-7.554639694304E-02,1.516132890753));
#371 = CARTESIAN_POINT('',(0.66,-6.64085144705E-02,1.518437847791));
#372 = CARTESIAN_POINT('',(0.66,-5.713783351899E-02,1.520400106432));
#373 = CARTESIAN_POINT('',(0.66,-4.775488525608E-02,1.522007764907));
#374 = CARTESIAN_POINT('',(0.66,-2.969295309097E-02,1.524379864025));
#375 = CARTESIAN_POINT('',(0.66,-2.102888075484E-02,1.525208782901));
#376 = CARTESIAN_POINT('',(0.66,-1.231401679426E-02,1.525730893697));
#377 = CARTESIAN_POINT('',(0.66,-3.572675622322E-03,1.525941364018));
#378 = CARTESIAN_POINT('',(0.66,5.168222805428E-03,1.525838983228));
#379 = CARTESIAN_POINT('',(0.66,2.337847467049E-02,1.524978205181));
#380 = CARTESIAN_POINT('',(0.66,3.284375814827E-02,1.524161190409));
#381 = CARTESIAN_POINT('',(0.66,4.224166817951E-02,1.522980309203));
#382 = CARTESIAN_POINT('',(0.66,5.154498116248E-02,1.52144453626));
#383 = CARTESIAN_POINT('',(0.66,6.073223707979E-02,1.519565307122));
#384 = CARTESIAN_POINT('',(0.66,7.909772773064E-02,1.515080653378));
#385 = CARTESIAN_POINT('',(0.66,8.826753248322E-02,1.512456350085));
#386 = CARTESIAN_POINT('',(0.66,9.727917108862E-02,1.509494369221));
#387 = CARTESIAN_POINT('',(0.66,0.106117308319,1.506208374239));
#388 = CARTESIAN_POINT('',(0.66,0.114768939441,1.502612541932));
#389 = CARTESIAN_POINT('',(0.66,0.131966117695,1.494697909774));
#390 = CARTESIAN_POINT('',(0.66,0.140497702999,1.490358571609));
#391 = CARTESIAN_POINT('',(0.66,0.148806061897,1.485719660214));
#392 = CARTESIAN_POINT('',(0.66,0.156880650792,1.480797427009));
#393 = CARTESIAN_POINT('',(0.66,0.164712466725,1.47560826256));
#394 = CARTESIAN_POINT('',(0.66,0.180151423764,1.464531255078));
#395 = CARTESIAN_POINT('',(0.66,0.187739958872,1.458624810593));
#396 = CARTESIAN_POINT('',(0.66,0.195051326582,1.452467732556));
#397 = CARTESIAN_POINT('',(0.66,0.202078661493,1.446078253645));
#398 = CARTESIAN_POINT('',(0.66,0.208816558921,1.439474469779));
#399 = CARTESIAN_POINT('',(0.66,0.221953232148,1.425612904145));
#400 = CARTESIAN_POINT('',(0.66,0.228328983313,1.41833967682));
#401 = CARTESIAN_POINT('',(0.66,0.234383958936,1.410874731309));
#402 = CARTESIAN_POINT('',(0.66,0.240115246881,1.403237638329));
#403 = CARTESIAN_POINT('',(0.66,0.245521392347,1.395447466144));
#404 = CARTESIAN_POINT('',(0.66,0.255889855564,1.379276097975));
#405 = CARTESIAN_POINT('',(0.66,0.260825146013,1.370883681886));
#406 = CARTESIAN_POINT('',(0.66,0.265408341569,1.362366377835));
#407 = CARTESIAN_POINT('',(0.66,0.269640849736,1.353744088225));
#408 = CARTESIAN_POINT('',(0.66,0.273525413156,1.345035772328));
#409 = CARTESIAN_POINT('',(0.66,0.280757352367,1.327109961101));
#410 = CARTESIAN_POINT('',(0.66,0.284074759274,1.317886517643));
#411 = CARTESIAN_POINT('',(0.66,0.287023012024,1.308609403309));
#412 = CARTESIAN_POINT('',(0.66,0.289607802772,1.299297542852));
#413 = CARTESIAN_POINT('',(0.66,0.291835834134,1.289968498384));
#414 = CARTESIAN_POINT('',(0.66,0.295674958709,1.270905470981));
#415 = CARTESIAN_POINT('',(0.66,0.297255116553,1.261171411794));
#416 = CARTESIAN_POINT('',(0.66,0.298464074992,1.251454521799));
#417 = CARTESIAN_POINT('',(0.66,0.299311100714,1.241771401083));
#418 = CARTESIAN_POINT('',(0.66,0.299805944827,1.232137019844));
#419 = CARTESIAN_POINT('',(0.66,0.30011808361,1.212595326012));
#420 = CARTESIAN_POINT('',(0.66,0.299906283631,1.202693348802));
#421 = CARTESIAN_POINT('',(0.66,0.299334987113,1.192873693594));
#422 = CARTESIAN_POINT('',(0.66,0.298415571185,1.183149633751));
#423 = CARTESIAN_POINT('',(0.66,0.297159245916,1.173532809156));
#424 = CARTESIAN_POINT('',(0.66,0.293937772017,1.154190866917));
#425 = CARTESIAN_POINT('',(0.66,0.291948568133,1.144474505513));
#426 = CARTESIAN_POINT('',(0.66,0.289621677512,1.134895129825));
#427 = CARTESIAN_POINT('',(0.66,0.286968496105,1.125462405282));
#428 = CARTESIAN_POINT('',(0.66,0.283999580964,1.116184674916));
#429 = CARTESIAN_POINT('',(0.66,0.277365684897,1.097719334783));
#430 = CARTESIAN_POINT('',(0.66,0.273684712853,1.08854034335));
#431 = CARTESIAN_POINT('',(0.66,0.269692176119,1.079539433524));
#432 = CARTESIAN_POINT('',(0.66,0.265397048483,1.07072335418));
#433 = CARTESIAN_POINT('',(0.66,0.260806835513,1.062098154612));
#434 = CARTESIAN_POINT('',(0.66,0.251004164416,1.045163946312));
#435 = CARTESIAN_POINT('',(0.66,0.245786379559,1.036858764173));
#436 = CARTESIAN_POINT('',(0.66,0.240280407048,1.028758964174));
#437 = CARTESIAN_POINT('',(0.66,0.234490342534,1.020870115558));
#438 = CARTESIAN_POINT('',(0.66,0.228418190257,1.013198030747));
#439 = CARTESIAN_POINT('',(0.66,0.215801462132,0.998407266407));
#440 = CARTESIAN_POINT('',(0.66,0.209265037039,0.991282398269));
#441 = CARTESIAN_POINT('',(0.66,0.202454011648,0.98438004474));
#442 = CARTESIAN_POINT('',(0.66,0.195365844133,0.977707070031));
#443 = CARTESIAN_POINT('',(0.66,0.187995125017,0.971271927442));
#444 = CARTESIAN_POINT('',(0.66,0.173012685338,0.959175110633));
#445 = CARTESIAN_POINT('',(0.66,0.165426730288,0.953491920673));
#446 = CARTESIAN_POINT('',(0.66,0.157566473117,0.948044968651));
#447 = CARTESIAN_POINT('',(0.66,0.149421191466,0.9428457983));
#448 = CARTESIAN_POINT('',(0.66,0.140976348171,0.937909629891));
#449 = CARTESIAN_POINT('',(0.66,0.124148062588,0.928975570166));
#450 = CARTESIAN_POINT('',(0.66,0.115814079383,0.924934455913));
#451 = CARTESIAN_POINT('',(0.66,0.107194119667,0.921149233675));
#452 = CARTESIAN_POINT('',(0.66,9.826941158436E-02,0.91763978502));
#453 = CARTESIAN_POINT('',(0.66,8.901687105598E-02,0.914432779149));
#454 = CARTESIAN_POINT('',(0.66,6.762842160337E-02,0.908048369916));
#455 = CARTESIAN_POINT('',(0.66,5.540310162877E-02,0.905067930004));
#456 = CARTESIAN_POINT('',(0.66,4.253150709481E-02,0.902628405907));
#457 = CARTESIAN_POINT('',(0.66,2.893757304003E-02,0.900850137762));
#458 = CARTESIAN_POINT('',(0.66,1.468319780375E-02,0.899909084997));
#459 = CARTESIAN_POINT('',(0.66,0.,0.899909083395));
#460 = PLANE('',#461);
#461 = AXIS2_PLACEMENT_3D('',#462,#463,#464);
#462 = CARTESIAN_POINT('',(0.66,1.25,1.25));
#463 = DIRECTION('',(-1.,0.,0.));
#464 = DIRECTION('',(0.,0.,-1.));
#465 = ADVANCED_FACE('',(#466),#485,.T.);
#466 = FACE_BOUND('',#467,.T.);
#467 = EDGE_LOOP('',(#468,#477,#483,#484));
#468 = ORIENTED_EDGE('',*,*,#469,.T.);
#469 = EDGE_CURVE('',#470,#470,#472,.T.);
#470 = VERTEX_POINT('',#471);
#471 = CARTESIAN_POINT('',(5.385,1.125,1.25));
#472 = CIRCLE('',#473,1.125);
#473 = AXIS2_PLACEMENT_3D('',#474,#475,#476);
#474 = CARTESIAN_POINT('',(5.385,0.,1.25));
#475 = DIRECTION('',(-1.,0.,0.));
#476 = DIRECTION('',(0.,1.,0.));
#477 = ORIENTED_EDGE('',*,*,#478,.F.);
#478 = EDGE_CURVE('',#270,#470,#479,.T.);
#479 = LINE('',#480,#481);
#480 = CARTESIAN_POINT('',(0.66,1.125,1.25));
#481 = VECTOR('',#482,1.);
#482 = DIRECTION('',(1.,0.,0.));
#483 = ORIENTED_EDGE('',*,*,#269,.F.);
#484 = ORIENTED_EDGE('',*,*,#478,.T.);
#485 = CYLINDRICAL_SURFACE('',#486,1.125);
#486 = AXIS2_PLACEMENT_3D('',#487,#488,#489);
#487 = CARTESIAN_POINT('',(0.66,0.,1.25));
#488 = DIRECTION('',(-1.,-0.,-0.));
#489 = DIRECTION('',(0.,1.,0.));
#490 = ADVANCED_FACE('',(#491),#511,.T.);
#491 = FACE_BOUND('',#492,.T.);
#492 = EDGE_LOOP('',(#493,#502,#509,#510));
#493 = ORIENTED_EDGE('',*,*,#494,.T.);
#494 = EDGE_CURVE('',#495,#495,#497,.T.);
#495 = VERTEX_POINT('',#496);
#496 = CARTESIAN_POINT('',(0.3,0.,0.35));
#497 = CIRCLE('',#498,0.3);
#498 = AXIS2_PLACEMENT_3D('',#499,#500,#501);
#499 = CARTESIAN_POINT('',(0.,0.,0.35));
#500 = DIRECTION('',(0.,0.,1.));
#501 = DIRECTION('',(1.,0.,-0.));
#502 = ORIENTED_EDGE('',*,*,#503,.T.);
#503 = EDGE_CURVE('',#495,#290,#504,.T.);
#504 = CIRCLE('',#505,0.6);
#505 = AXIS2_PLACEMENT_3D('',#506,#507,#508);
#506 = CARTESIAN_POINT('',(0.9,1.102182119233E-16,0.35));
#507 = DIRECTION('',(0.,1.,-0.));
#508 = DIRECTION('',(-1.,0.,4.93432455389E-16));
#509 = ORIENTED_EDGE('',*,*,#289,.T.);
#510 = ORIENTED_EDGE('',*,*,#503,.F.);
#511 = TOROIDAL_SURFACE('',#512,0.9,0.3);
#512 = AXIS2_PLACEMENT_3D('',#513,#514,#515);
#513 = CARTESIAN_POINT('',(0.9,0.,0.35));
#514 = DIRECTION('',(0.,1.,0.));
#515 = DIRECTION('',(-1.,0.,4.93432455389E-16));
#516 = ADVANCED_FACE('',(#517,#528),#531,.T.);
#517 = FACE_BOUND('',#518,.T.);
#518 = EDGE_LOOP('',(#519));
#519 = ORIENTED_EDGE('',*,*,#520,.F.);
#520 = EDGE_CURVE('',#521,#521,#523,.T.);
#521 = VERTEX_POINT('',#522);
#522 = CARTESIAN_POINT('',(5.385,1.25,1.25));
#523 = CIRCLE('',#524,1.25);
#524 = AXIS2_PLACEMENT_3D('',#525,#526,#527);
#525 = CARTESIAN_POINT('',(5.385,0.,1.25));
#526 = DIRECTION('',(1.,0.,0.));
#527 = DIRECTION('',(-0.,1.,0.));
#528 = FACE_BOUND('',#529,.T.);
#529 = EDGE_LOOP('',(#530));
#530 = ORIENTED_EDGE('',*,*,#469,.F.);
#531 = PLANE('',#532);
#532 = AXIS2_PLACEMENT_3D('',#533,#534,#535);
#533 = CARTESIAN_POINT('',(5.385,1.25,1.25));
#534 = DIRECTION('',(-1.,0.,0.));
#535 = DIRECTION('',(0.,0.,-1.));
#536 = ADVANCED_FACE('',(#537),#556,.T.);
#537 = FACE_BOUND('',#538,.T.);
#538 = EDGE_LOOP('',(#539,#547,#548,#549));
#539 = ORIENTED_EDGE('',*,*,#540,.T.);
#540 = EDGE_CURVE('',#541,#495,#543,.T.);
#541 = VERTEX_POINT('',#542);
#542 = CARTESIAN_POINT('',(0.3,-7.347880794884E-17,-3.));
#543 = LINE('',#544,#545);
#544 = CARTESIAN_POINT('',(0.3,0.,-3.));
#545 = VECTOR('',#546,1.);
#546 = DIRECTION('',(0.,0.,1.));
#547 = ORIENTED_EDGE('',*,*,#494,.F.);
#548 = ORIENTED_EDGE('',*,*,#540,.F.);
#549 = ORIENTED_EDGE('',*,*,#550,.T.);
#550 = EDGE_CURVE('',#541,#541,#551,.T.);
#551 = CIRCLE('',#552,0.3);
#552 = AXIS2_PLACEMENT_3D('',#553,#554,#555);
#553 = CARTESIAN_POINT('',(0.,0.,-3.));
#554 = DIRECTION('',(0.,0.,1.));
#555 = DIRECTION('',(1.,0.,-0.));
#556 = CYLINDRICAL_SURFACE('',#557,0.3);
#557 = AXIS2_PLACEMENT_3D('',#558,#559,#560);
#558 = CARTESIAN_POINT('',(0.,0.,-3.));
#559 = DIRECTION('',(0.,0.,1.));
#560 = DIRECTION('',(1.,0.,-0.));
#561 = ADVANCED_FACE('',(#562),#581,.T.);
#562 = FACE_BOUND('',#563,.T.);
#563 = EDGE_LOOP('',(#564,#565,#573,#580));
#564 = ORIENTED_EDGE('',*,*,#520,.T.);
#565 = ORIENTED_EDGE('',*,*,#566,.T.);
#566 = EDGE_CURVE('',#521,#567,#569,.T.);
#567 = VERTEX_POINT('',#568);
#568 = CARTESIAN_POINT('',(6.335,1.25,1.25));
#569 = LINE('',#570,#571);
#570 = CARTESIAN_POINT('',(5.385,1.25,1.25));
#571 = VECTOR('',#572,1.);
#572 = DIRECTION('',(1.,0.,0.));
#573 = ORIENTED_EDGE('',*,*,#574,.F.);
#574 = EDGE_CURVE('',#567,#567,#575,.T.);
#575 = CIRCLE('',#576,1.25);
#576 = AXIS2_PLACEMENT_3D('',#577,#578,#579);
#577 = CARTESIAN_POINT('',(6.335,0.,1.25));
#578 = DIRECTION('',(1.,0.,0.));
#579 = DIRECTION('',(-0.,1.,0.));
#580 = ORIENTED_EDGE('',*,*,#566,.F.);
#581 = CYLINDRICAL_SURFACE('',#582,1.25);
#582 = AXIS2_PLACEMENT_3D('',#583,#584,#585);
#583 = CARTESIAN_POINT('',(5.385,0.,1.25));
#584 = DIRECTION('',(-1.,-0.,-0.));
#585 = DIRECTION('',(0.,1.,0.));
#586 = ADVANCED_FACE('',(#587),#590,.T.);
#587 = FACE_BOUND('',#588,.F.);
#588 = EDGE_LOOP('',(#589));
#589 = ORIENTED_EDGE('',*,*,#550,.T.);
#590 = PLANE('',#591);
#591 = AXIS2_PLACEMENT_3D('',#592,#593,#594);
#592 = CARTESIAN_POINT('',(0.3,0.,-3.));
#593 = DIRECTION('',(0.,0.,-1.));
#594 = DIRECTION('',(-1.,0.,0.));
#595 = ADVANCED_FACE('',(#596),#616,.T.);
#596 = FACE_BOUND('',#597,.T.);
#597 = EDGE_LOOP('',(#598,#607,#608,#609));
#598 = ORIENTED_EDGE('',*,*,#599,.F.);
#599 = EDGE_CURVE('',#567,#600,#602,.T.);
#600 = VERTEX_POINT('',#601);
#601 = CARTESIAN_POINT('',(6.96,0.625,1.25));
#602 = CIRCLE('',#603,0.625);
#603 = AXIS2_PLACEMENT_3D('',#604,#605,#606);
#604 = CARTESIAN_POINT('',(6.335,0.625,1.25));
#605 = DIRECTION('',(0.,0.,-1.));
#606 = DIRECTION('',(0.,1.,0.));
#607 = ORIENTED_EDGE('',*,*,#574,.T.);
#608 = ORIENTED_EDGE('',*,*,#599,.T.);
#609 = ORIENTED_EDGE('',*,*,#610,.F.);
#610 = EDGE_CURVE('',#600,#600,#611,.T.);
#611 = CIRCLE('',#612,0.625);
#612 = AXIS2_PLACEMENT_3D('',#613,#614,#615);
#613 = CARTESIAN_POINT('',(6.96,0.,1.25));
#614 = DIRECTION('',(1.,0.,0.));
#615 = DIRECTION('',(-0.,1.,0.));
#616 = TOROIDAL_SURFACE('',#617,0.625,0.625);
#617 = AXIS2_PLACEMENT_3D('',#618,#619,#620);
#618 = CARTESIAN_POINT('',(6.335,0.,1.25));
#619 = DIRECTION('',(1.,0.,0.));
#620 = DIRECTION('',(-0.,1.,0.));
#621 = ADVANCED_FACE('',(#622,#625),#799,.F.);
#622 = FACE_BOUND('',#623,.F.);
#623 = EDGE_LOOP('',(#624));
#624 = ORIENTED_EDGE('',*,*,#610,.F.);
#625 = FACE_BOUND('',#626,.F.);
#626 = EDGE_LOOP('',(#627));
#627 = ORIENTED_EDGE('',*,*,#628,.F.);
#628 = EDGE_CURVE('',#629,#629,#631,.T.);
#629 = VERTEX_POINT('',#630);
#630 = CARTESIAN_POINT('',(6.96,1.102182119233E-16,0.899909083395));
#631 = B_SPLINE_CURVE_WITH_KNOTS('',6,(#632,#633,#634,#635,#636,#637,
    #638,#639,#640,#641,#642,#643,#644,#645,#646,#647,#648,#649,#650,
    #651,#652,#653,#654,#655,#656,#657,#658,#659,#660,#661,#662,#663,
    #664,#665,#666,#667,#668,#669,#670,#671,#672,#673,#674,#675,#676,
    #677,#678,#679,#680,#681,#682,#683,#684,#685,#686,#687,#688,#689,
    #690,#691,#692,#693,#694,#695,#696,#697,#698,#699,#700,#701,#702,
    #703,#704,#705,#706,#707,#708,#709,#710,#711,#712,#713,#714,#715,
    #716,#717,#718,#719,#720,#721,#722,#723,#724,#725,#726,#727,#728,
    #729,#730,#731,#732,#733,#734,#735,#736,#737,#738,#739,#740,#741,
    #742,#743,#744,#745,#746,#747,#748,#749,#750,#751,#752,#753,#754,
    #755,#756,#757,#758,#759,#760,#761,#762,#763,#764,#765,#766,#767,
    #768,#769,#770,#771,#772,#773,#774,#775,#776,#777,#778,#779,#780,
    #781,#782,#783,#784,#785,#786,#787,#788,#789,#790,#791,#792,#793,
    #794,#795,#796,#797,#798),.UNSPECIFIED.,.T.,.F.,(1,6,5,5,5,5,5,5,5,5
    ,5,5,5,5,5,5,5,5,5,5,5,5,5,5,5,5,5,5,5,5,5,5,5,5,6,1),(
    -3.7454922963E-02,0.,2.522151735631E-02,5.431626764274E-02,
    8.648932873413E-02,0.120698905604,0.15585219498,0.191016701755,
    0.225517033144,0.258939642143,0.291086884381,0.32191412294,
    0.351469698498,0.379846555914,0.407148198058,0.433469525493,
    0.458895614127,0.483540398702,0.505898369155,0.530279933853,
    0.555348100008,0.581270886766,0.608136607836,0.636034631737,
    0.665066137875,0.695331933304,0.726904811218,0.759787311372,
    0.793856187529,0.828799116201,0.864057997078,0.898806507422,
    0.932001552493,0.962545077037,1.,1.025221517356),.UNSPECIFIED.);
#632 = CARTESIAN_POINT('',(6.96,0.,0.899909083395));
#633 = CARTESIAN_POINT('',(6.96,-9.860167462582E-03,0.89990896861));
#634 = CARTESIAN_POINT('',(6.96,-1.96044152314E-02,0.900333777569));
#635 = CARTESIAN_POINT('',(6.96,-2.906856746895E-02,0.901162791225));
#636 = CARTESIAN_POINT('',(6.96,-3.818494668051E-02,0.902337445313));
#637 = CARTESIAN_POINT('',(6.96,-4.697397432956E-02,0.903804960014));
#638 = CARTESIAN_POINT('',(6.96,-6.54122858756E-02,0.907588661461));
#639 = CARTESIAN_POINT('',(6.96,-7.491985816654E-02,0.909985989386));
#640 = CARTESIAN_POINT('',(6.96,-8.408849098391E-02,0.912709553602));
#641 = CARTESIAN_POINT('',(6.96,-9.294310465939E-02,0.915726321464));
#642 = CARTESIAN_POINT('',(6.96,-0.10150496885,0.919011549987));
#643 = CARTESIAN_POINT('',(6.96,-0.118958221281,0.926453836747));
#644 = CARTESIAN_POINT('',(6.96,-0.127787715696,0.930666010737));
#645 = CARTESIAN_POINT('',(6.96,-0.136306161655,0.935155928941));
#646 = CARTESIAN_POINT('',(6.96,-0.144532121634,0.939904049757));
#647 = CARTESIAN_POINT('',(6.96,-0.152479877126,0.944895641374));
#648 = CARTESIAN_POINT('',(6.96,-0.168328600516,0.955672815412));
#649 = CARTESIAN_POINT('',(6.96,-0.176194773963,0.961488214941));
#650 = CARTESIAN_POINT('',(6.96,-0.183772608747,0.967551566344));
#651 = CARTESIAN_POINT('',(6.96,-0.191071765541,0.973851742068));
#652 = CARTESIAN_POINT('',(6.96,-0.198098606692,0.980379951052));
#653 = CARTESIAN_POINT('',(6.96,-0.211800202804,0.994065659178));
#654 = CARTESIAN_POINT('',(6.96,-0.218460270558,1.001234983766));
#655 = CARTESIAN_POINT('',(6.96,-0.224839910615,1.00863041136));
#656 = CARTESIAN_POINT('',(6.96,-0.230940211566,1.016245364777));
#657 = CARTESIAN_POINT('',(6.96,-0.236759839456,1.024073990789));
#658 = CARTESIAN_POINT('',(6.96,-0.247832003876,1.040150861324));
#659 = CARTESIAN_POINT('',(6.96,-0.253084568675,1.048398903269));
#660 = CARTESIAN_POINT('',(6.96,-0.258049049185,1.05685004652));
#661 = CARTESIAN_POINT('',(6.96,-0.2627200155,1.065498685566));
#662 = CARTESIAN_POINT('',(6.96,-0.267090290802,1.074338848812));
#663 = CARTESIAN_POINT('',(6.96,-0.275134913375,1.092219064394));
#664 = CARTESIAN_POINT('',(6.96,-0.278821000575,1.10125194666));
#665 = CARTESIAN_POINT('',(6.96,-0.282200788118,1.110456818481));
#666 = CARTESIAN_POINT('',(6.96,-0.285264726102,1.119826534893));
#667 = CARTESIAN_POINT('',(6.96,-0.288002139566,1.129352832871));
#668 = CARTESIAN_POINT('',(6.96,-0.292725370416,1.148397637921));
#669 = CARTESIAN_POINT('',(6.96,-0.29473215882,1.157906911838));
#670 = CARTESIAN_POINT('',(6.96,-0.296410834199,1.16754558505));
#671 = CARTESIAN_POINT('',(6.96,-0.297750172302,1.177303521997));
#672 = CARTESIAN_POINT('',(6.96,-0.298738484134,1.187169019587));
#673 = CARTESIAN_POINT('',(6.96,-0.29996489055,1.20670853133));
#674 = CARTESIAN_POINT('',(6.96,-0.300230362775,1.216375375657));
#675 = CARTESIAN_POINT('',(6.96,-0.300149187552,1.22611747583));
#676 = CARTESIAN_POINT('',(6.96,-0.299710732489,1.235921267953));
#677 = CARTESIAN_POINT('',(6.96,-0.298904577874,1.245771488577));
#678 = CARTESIAN_POINT('',(6.96,-0.296585075031,1.265125180201));
#679 = CARTESIAN_POINT('',(6.96,-0.295102319855,1.27462625024));
#680 = CARTESIAN_POINT('',(6.96,-0.293263243612,1.284139361954));
#681 = CARTESIAN_POINT('',(6.96,-0.29105964956,1.293647958229));
#682 = CARTESIAN_POINT('',(6.96,-0.288484151749,1.303133947704));
#683 = CARTESIAN_POINT('',(6.96,-0.282698057797,1.321631888118));
#684 = CARTESIAN_POINT('',(6.96,-0.279518212828,1.330647292743));
#685 = CARTESIAN_POINT('',(6.96,-0.275984865526,1.339606568389));
#686 = CARTESIAN_POINT('',(6.96,-0.27209347283,1.348491205415));
#687 = CARTESIAN_POINT('',(6.96,-0.26784072321,1.357281534804));
#688 = CARTESIAN_POINT('',(6.96,-0.258792456003,1.374285939199));
#689 = CARTESIAN_POINT('',(6.96,-0.254025471274,1.382509099941));
#690 = CARTESIAN_POINT('',(6.96,-0.248921774536,1.390607746147));
#691 = CARTESIAN_POINT('',(6.96,-0.24348099529,1.398562707415));
#692 = CARTESIAN_POINT('',(6.96,-0.237704200488,1.406354107177));
#693 = CARTESIAN_POINT('',(6.96,-0.225715116467,1.421280374005));
#694 = CARTESIAN_POINT('',(6.96,-0.219527700064,1.428429026844));
#695 = CARTESIAN_POINT('',(6.96,-0.213033898729,1.435388985848));
#696 = CARTESIAN_POINT('',(6.96,-0.206237442407,1.442141620875));
#697 = CARTESIAN_POINT('',(6.96,-0.199143537578,1.448668007007));
#698 = CARTESIAN_POINT('',(6.96,-0.184639358866,1.461004311837));
#699 = CARTESIAN_POINT('',(6.96,-0.177249661366,1.46683162664));
#700 = CARTESIAN_POINT('',(6.96,-0.169595743404,1.472413651413));
#701 = CARTESIAN_POINT('',(6.96,-0.161685063001,1.477733185029));
#702 = CARTESIAN_POINT('',(6.96,-0.153526567552,1.482773042789));
#703 = CARTESIAN_POINT('',(6.96,-0.137020377957,1.492097733275));
#704 = CARTESIAN_POINT('',(6.96,-0.128688741655,1.496402506097));
#705 = CARTESIAN_POINT('',(6.96,-0.120145015698,1.500414870926));
#706 = CARTESIAN_POINT('',(6.96,-0.111400273136,1.504119613979));
#707 = CARTESIAN_POINT('',(6.96,-0.102467429294,1.507501811642));
#708 = CARTESIAN_POINT('',(6.96,-8.453487359643E-02,1.513498183633));
#709 = CARTESIAN_POINT('',(6.96,-7.554644720911E-02,1.51613308184));
#710 = CARTESIAN_POINT('',(6.96,-6.640854708582E-02,1.518437839156));
#711 = CARTESIAN_POINT('',(6.96,-5.713780068804E-02,1.520399910874));
#712 = CARTESIAN_POINT('',(6.96,-4.775487845774E-02,1.522007893513));
#713 = CARTESIAN_POINT('',(6.96,-2.969292548283E-02,1.52437977876));
#714 = CARTESIAN_POINT('',(6.96,-2.102889094976E-02,1.525208924822));
#715 = CARTESIAN_POINT('',(6.96,-1.231404153143E-02,1.525730890851));
#716 = CARTESIAN_POINT('',(6.96,-3.572679276074E-03,1.525941220805));
#717 = CARTESIAN_POINT('',(6.96,5.168243033088E-03,1.52583907475));
#718 = CARTESIAN_POINT('',(6.96,2.337844678287E-02,1.524978413229));
#719 = CARTESIAN_POINT('',(6.96,3.284373024997E-02,1.524160868463));
#720 = CARTESIAN_POINT('',(6.96,4.224172239025E-02,1.522980299422));
#721 = CARTESIAN_POINT('',(6.96,5.154503802108E-02,1.521444853212));
#722 = CARTESIAN_POINT('',(6.96,6.073215666605E-02,1.519565119195));
#723 = CARTESIAN_POINT('',(6.96,7.909771199475E-02,1.515080715405));
#724 = CARTESIAN_POINT('',(6.96,8.82675531125E-02,1.512456387335));
#725 = CARTESIAN_POINT('',(6.96,9.727920151967E-02,1.509494357792));
#726 = CARTESIAN_POINT('',(6.96,0.106117302403,1.506208331254));
#727 = CARTESIAN_POINT('',(6.96,0.114768890523,1.502612503667));
#728 = CARTESIAN_POINT('',(6.96,0.1319661163,1.494697932395));
#729 = CARTESIAN_POINT('',(6.96,0.140497712216,1.490358583428));
#730 = CARTESIAN_POINT('',(6.96,0.148806071355,1.485719654426));
#731 = CARTESIAN_POINT('',(6.96,0.156880646133,1.480797412311));
#732 = CARTESIAN_POINT('',(6.96,0.164712447986,1.475608252032));
#733 = CARTESIAN_POINT('',(6.96,0.180151425777,1.46453127229));
#734 = CARTESIAN_POINT('',(6.96,0.187739967164,1.45862481836));
#735 = CARTESIAN_POINT('',(6.96,0.195051332691,1.452467727028));
#736 = CARTESIAN_POINT('',(6.96,0.20207865613,1.446078243141));
#737 = CARTESIAN_POINT('',(6.96,0.208816543867,1.439474464151));
#738 = CARTESIAN_POINT('',(6.96,0.221953238059,1.425612923524));
#739 = CARTESIAN_POINT('',(6.96,0.228328994524,1.418339683896));
#740 = CARTESIAN_POINT('',(6.96,0.234383964852,1.410874723556));
#741 = CARTESIAN_POINT('',(6.96,0.240115238483,1.403237627432));
#742 = CARTESIAN_POINT('',(6.96,0.245521373748,1.395447463058));
#743 = CARTESIAN_POINT('',(6.96,0.25588986733,1.379276120213));
#744 = CARTESIAN_POINT('',(6.96,0.260825161615,1.370883687614));
#745 = CARTESIAN_POINT('',(6.96,0.265408347201,1.362366366749));
#746 = CARTESIAN_POINT('',(6.96,0.269640836772,1.353744077057));
#747 = CARTESIAN_POINT('',(6.96,0.273525389215,1.345035773446));
#748 = CARTESIAN_POINT('',(6.96,0.280757370989,1.327109983642));
#749 = CARTESIAN_POINT('',(6.96,0.284074778857,1.317886520225));
#750 = CARTESIAN_POINT('',(6.96,0.28702301626,1.308609389122));
#751 = CARTESIAN_POINT('',(6.96,0.289607785113,1.29929753334));
#752 = CARTESIAN_POINT('',(6.96,0.291835806202,1.289968505808));
#753 = CARTESIAN_POINT('',(6.96,0.295674983107,1.270905490066));
#754 = CARTESIAN_POINT('',(6.96,0.297255138129,1.261171409814));
#755 = CARTESIAN_POINT('',(6.96,0.298464076807,1.251454505978));
#756 = CARTESIAN_POINT('',(6.96,0.299311079865,1.241771395371));
#757 = CARTESIAN_POINT('',(6.96,0.299805916194,1.232137034265));
#758 = CARTESIAN_POINT('',(6.96,0.300118111197,1.212595339038));
#759 = CARTESIAN_POINT('',(6.96,0.299906304864,1.202693342182));
#760 = CARTESIAN_POINT('',(6.96,0.299334986276,1.192873677979));
#761 = CARTESIAN_POINT('',(6.96,0.298415549391,1.183149632812));
#762 = CARTESIAN_POINT('',(6.96,0.29715921972,1.173532829284));
#763 = CARTESIAN_POINT('',(6.96,0.293937801394,1.154190874));
#764 = CARTESIAN_POINT('',(6.96,0.291948588365,1.144474495238));
#765 = CARTESIAN_POINT('',(6.96,0.28962167445,1.134895115228));
#766 = CARTESIAN_POINT('',(6.96,0.286968474246,1.125462408515));
#767 = CARTESIAN_POINT('',(6.96,0.283999557728,1.116184698885));
#768 = CARTESIAN_POINT('',(6.96,0.277365720041,1.097719338125));
#769 = CARTESIAN_POINT('',(6.96,0.273684735103,1.088540329457));
#770 = CARTESIAN_POINT('',(6.96,0.269692170683,1.079539418357));
#771 = CARTESIAN_POINT('',(6.96,0.265397023465,1.070723360764));
#772 = CARTESIAN_POINT('',(6.96,0.260806811571,1.062098183552));
#773 = CARTESIAN_POINT('',(6.96,0.251004219697,1.045163947022));
#774 = CARTESIAN_POINT('',(6.96,0.245786411547,1.036858741787));
#775 = CARTESIAN_POINT('',(6.96,0.240280395782,1.028758943151));
#776 = CARTESIAN_POINT('',(6.96,0.234490304979,1.02087012779));
#777 = CARTESIAN_POINT('',(6.96,0.22841815861,1.013198074729));
#778 = CARTESIAN_POINT('',(6.96,0.215801547815,0.998407234883));
#779 = CARTESIAN_POINT('',(6.96,0.209264913083,0.99128247471));
#780 = CARTESIAN_POINT('',(6.96,0.202454000094,0.984380026053));
#781 = CARTESIAN_POINT('',(6.96,0.195365961507,0.977706983911));
#782 = CARTESIAN_POINT('',(6.96,0.187995061392,0.971271997058));
#783 = CARTESIAN_POINT('',(6.96,0.173012837564,0.959175029375));
#784 = CARTESIAN_POINT('',(6.96,0.165426529007,0.953492099376));
#785 = CARTESIAN_POINT('',(6.96,0.157566437944,0.948044934321));
#786 = CARTESIAN_POINT('',(6.96,0.149421373308,0.942845601948));
#787 = CARTESIAN_POINT('',(6.96,0.140976264593,0.937909781461));
#788 = CARTESIAN_POINT('',(6.96,0.124148131162,0.928975627958));
#789 = CARTESIAN_POINT('',(6.96,0.115814071992,0.924934439518));
#790 = CARTESIAN_POINT('',(6.96,0.107194037794,0.921149181784));
#791 = CARTESIAN_POINT('',(6.96,9.826937450524E-02,0.917639774974));
#792 = CARTESIAN_POINT('',(6.96,8.901696421491E-02,0.914432828225));
#793 = CARTESIAN_POINT('',(6.96,6.762356037127E-02,0.908046964389));
#794 = CARTESIAN_POINT('',(6.96,5.540377745077E-02,0.905068595899));
#795 = CARTESIAN_POINT('',(6.96,4.253681255711E-02,0.902629529668));
#796 = CARTESIAN_POINT('',(6.96,2.893994360873E-02,0.900849442899));
#797 = CARTESIAN_POINT('',(6.96,1.46772221458E-02,0.899909046356));
#798 = CARTESIAN_POINT('',(6.96,0.,0.899909083395));
#799 = PLANE('',#800);
#800 = AXIS2_PLACEMENT_3D('',#801,#802,#803);
#801 = CARTESIAN_POINT('',(6.96,1.25,1.25));
#802 = DIRECTION('',(-1.,0.,0.));
#803 = DIRECTION('',(0.,0.,-1.));
#804 = ADVANCED_FACE('',(#805),#825,.T.);
#805 = FACE_BOUND('',#806,.T.);
#806 = EDGE_LOOP('',(#807,#808,#817,#824));
#807 = ORIENTED_EDGE('',*,*,#628,.F.);
#808 = ORIENTED_EDGE('',*,*,#809,.T.);
#809 = EDGE_CURVE('',#629,#810,#812,.T.);
#810 = VERTEX_POINT('',#811);
#811 = CARTESIAN_POINT('',(7.32,0.,0.35));
#812 = CIRCLE('',#813,0.6);
#813 = AXIS2_PLACEMENT_3D('',#814,#815,#816);
#814 = CARTESIAN_POINT('',(6.72,1.102182119233E-16,0.35));
#815 = DIRECTION('',(0.,1.,0.));
#816 = DIRECTION('',(0.,-0.,1.));
#817 = ORIENTED_EDGE('',*,*,#818,.T.);
#818 = EDGE_CURVE('',#810,#810,#819,.T.);
#819 = CIRCLE('',#820,0.3);
#820 = AXIS2_PLACEMENT_3D('',#821,#822,#823);
#821 = CARTESIAN_POINT('',(7.62,0.,0.35));
#822 = DIRECTION('',(3.828568698927E-16,-0.,1.));
#823 = DIRECTION('',(1.,0.,-3.828568698927E-16));
#824 = ORIENTED_EDGE('',*,*,#809,.F.);
#825 = TOROIDAL_SURFACE('',#826,0.9,0.3);
#826 = AXIS2_PLACEMENT_3D('',#827,#828,#829);
#827 = CARTESIAN_POINT('',(6.72,0.,0.35));
#828 = DIRECTION('',(0.,1.,0.));
#829 = DIRECTION('',(0.,-0.,1.));
#830 = ADVANCED_FACE('',(#831),#850,.T.);
#831 = FACE_BOUND('',#832,.T.);
#832 = EDGE_LOOP('',(#833,#841,#848,#849));
#833 = ORIENTED_EDGE('',*,*,#834,.T.);
#834 = EDGE_CURVE('',#810,#835,#837,.T.);
#835 = VERTEX_POINT('',#836);
#836 = CARTESIAN_POINT('',(7.32,-7.347880794884E-17,-3.));
#837 = LINE('',#838,#839);
#838 = CARTESIAN_POINT('',(7.32,0.,0.35));
#839 = VECTOR('',#840,1.);
#840 = DIRECTION('',(0.,0.,-1.));
#841 = ORIENTED_EDGE('',*,*,#842,.F.);
#842 = EDGE_CURVE('',#835,#835,#843,.T.);
#843 = CIRCLE('',#844,0.3);
#844 = AXIS2_PLACEMENT_3D('',#845,#846,#847);
#845 = CARTESIAN_POINT('',(7.62,0.,-3.));
#846 = DIRECTION('',(0.,0.,-1.));
#847 = DIRECTION('',(-1.,0.,0.));
#848 = ORIENTED_EDGE('',*,*,#834,.F.);
#849 = ORIENTED_EDGE('',*,*,#818,.F.);
#850 = CYLINDRICAL_SURFACE('',#851,0.3);
#851 = AXIS2_PLACEMENT_3D('',#852,#853,#854);
#852 = CARTESIAN_POINT('',(7.62,0.,0.35));
#853 = DIRECTION('',(0.,0.,-1.));
#854 = DIRECTION('',(-1.,0.,0.));
#855 = ADVANCED_FACE('',(#856),#859,.F.);
#856 = FACE_BOUND('',#857,.T.);
#857 = EDGE_LOOP('',(#858));
#858 = ORIENTED_EDGE('',*,*,#842,.T.);
#859 = PLANE('',#860);
#860 = AXIS2_PLACEMENT_3D('',#861,#862,#863);
#861 = CARTESIAN_POINT('',(7.32,0.,-3.));
#862 = DIRECTION('',(0.,0.,1.));
#863 = DIRECTION('',(1.,0.,-0.));
#864 = ( GEOMETRIC_REPRESENTATION_CONTEXT(3) 
GLOBAL_UNCERTAINTY_ASSIGNED_CONTEXT((#868)) GLOBAL_UNIT_ASSIGNED_CONTEXT
((#865,#866,#867)) REPRESENTATION_CONTEXT('Context #1',
  '3D Context with UNIT and UNCERTAINTY') );
#865 = ( LENGTH_UNIT() NAMED_UNIT(*) SI_UNIT(.MILLI.,.METRE.) );
#866 = ( NAMED_UNIT(*) PLANE_ANGLE_UNIT() SI_UNIT($,.RADIAN.) );
#867 = ( NAMED_UNIT(*) SI_UNIT($,.STERADIAN.) SOLID_ANGLE_UNIT() );
#868 = UNCERTAINTY_MEASURE_WITH_UNIT(LENGTH_MEASURE(1.E-07),#865,
  'distance_accuracy_value','confusion accuracy');
#869 = CONTEXT_DEPENDENT_SHAPE_REPRESENTATION(#870,#872);
#870 = ( REPRESENTATION_RELATIONSHIP('','',#200,#10) 
REPRESENTATION_RELATIONSHIP_WITH_TRANSFORMATION(#871) 
SHAPE_REPRESENTATION_RELATIONSHIP() );
#871 = ITEM_DEFINED_TRANSFORMATION('','',#11,#15);
#872 = PRODUCT_DEFINITION_SHAPE('Placement','Placement of an item',#873
  );
#873 = NEXT_ASSEMBLY_USAGE_OCCURRENCE('1','R6','',#5,#195,$);
#874 = PRODUCT_RELATED_PRODUCT_CATEGORY('part',$,(#197));
#875 = SHAPE_DEFINITION_REPRESENTATION(#876,#882);
#876 = PRODUCT_DEFINITION_SHAPE('','',#877);
#877 = PRODUCT_DEFINITION('design','',#878,#881);
#878 = PRODUCT_DEFINITION_FORMATION('','',#879);
#879 = PRODUCT('D_DO-35_SOD27_P7.62mm_Horizontal',
  'D_DO-35_SOD27_P7.62mm_Horizontal','',(#880));
#880 = PRODUCT_CONTEXT('',#2,'mechanical');
#881 = PRODUCT_DEFINITION_CONTEXT('part definition',#2,'design');
#882 = SHAPE_REPRESENTATION('',(#11,#883,#1038),#1233);
#883 = MANIFOLD_SOLID_BREP('',#884);
#884 = CLOSED_SHELL('',(#885,#918,#944,#969,#995,#1020,#1029));
#885 = ADVANCED_FACE('',(#886),#913,.T.);
#886 = FACE_BOUND('',#887,.T.);
#887 = EDGE_LOOP('',(#888,#898,#905,#906));
#888 = ORIENTED_EDGE('',*,*,#889,.T.);
#889 = EDGE_CURVE('',#890,#892,#894,.T.);
#890 = VERTEX_POINT('',#891);
#891 = CARTESIAN_POINT('',(0.25,0.,-2.5));
#892 = VERTEX_POINT('',#893);
#893 = CARTESIAN_POINT('',(0.25,1.E-15,1.));
#894 = LINE('',#895,#896);
#895 = CARTESIAN_POINT('',(0.25,6.7E-16,1.));
#896 = VECTOR('',#897,1.);
#897 = DIRECTION('',(0.,2.2E-16,1.));
#898 = ORIENTED_EDGE('',*,*,#899,.F.);
#899 = EDGE_CURVE('',#892,#892,#900,.T.);
#900 = CIRCLE('',#901,0.25);
#901 = AXIS2_PLACEMENT_3D('',#902,#903,#904);
#902 = CARTESIAN_POINT('',(0.,6.7E-16,1.));
#903 = DIRECTION('',(-0.,2.2E-16,1.));
#904 = DIRECTION('',(1.,0.,0.));
#905 = ORIENTED_EDGE('',*,*,#889,.F.);
#906 = ORIENTED_EDGE('',*,*,#907,.T.);
#907 = EDGE_CURVE('',#890,#890,#908,.T.);
#908 = CIRCLE('',#909,0.25);
#909 = AXIS2_PLACEMENT_3D('',#910,#911,#912);
#910 = CARTESIAN_POINT('',(0.,-1.1E-16,-2.5));
#911 = DIRECTION('',(-0.,2.2E-16,1.));
#912 = DIRECTION('',(1.,0.,0.));
#913 = CYLINDRICAL_SURFACE('',#914,0.25);
#914 = AXIS2_PLACEMENT_3D('',#915,#916,#917);
#915 = CARTESIAN_POINT('',(0.,6.7E-16,1.));
#916 = DIRECTION('',(0.,2.2E-16,1.));
#917 = DIRECTION('',(1.,0.,-0.));
#918 = ADVANCED_FACE('',(#919),#939,.T.);
#919 = FACE_BOUND('',#920,.T.);
#920 = EDGE_LOOP('',(#921,#930,#937,#938));
#921 = ORIENTED_EDGE('',*,*,#922,.T.);
#922 = EDGE_CURVE('',#892,#923,#925,.T.);
#923 = VERTEX_POINT('',#924);
#924 = CARTESIAN_POINT('',(0.5,1.E-15,1.25));
#925 = CIRCLE('',#926,0.25);
#926 = AXIS2_PLACEMENT_3D('',#927,#928,#929);
#927 = CARTESIAN_POINT('',(0.5,7.6E-16,1.));
#928 = DIRECTION('',(0.,1.,-2.2E-16));
#929 = DIRECTION('',(1.,0.,0.));
#930 = ORIENTED_EDGE('',*,*,#931,.T.);
#931 = EDGE_CURVE('',#923,#923,#932,.T.);
#932 = CIRCLE('',#933,0.25);
#933 = AXIS2_PLACEMENT_3D('',#934,#935,#936);
#934 = CARTESIAN_POINT('',(0.5,7.8E-16,1.5));
#935 = DIRECTION('',(-1.,0.,-1.8E-16));
#936 = DIRECTION('',(-1.8E-16,2.2E-16,1.));
#937 = ORIENTED_EDGE('',*,*,#922,.F.);
#938 = ORIENTED_EDGE('',*,*,#899,.T.);
#939 = TOROIDAL_SURFACE('',#940,0.5,0.25);
#940 = AXIS2_PLACEMENT_3D('',#941,#942,#943);
#941 = CARTESIAN_POINT('',(0.5,6.7E-16,1.));
#942 = DIRECTION('',(0.,1.,-2.2E-16));
#943 = DIRECTION('',(1.,0.,0.));
#944 = ADVANCED_FACE('',(#945),#964,.T.);
#945 = FACE_BOUND('',#946,.T.);
#946 = EDGE_LOOP('',(#947,#955,#962,#963));
#947 = ORIENTED_EDGE('',*,*,#948,.T.);
#948 = EDGE_CURVE('',#923,#949,#951,.T.);
#949 = VERTEX_POINT('',#950);
#950 = CARTESIAN_POINT('',(7.12,1.E-15,1.25));
#951 = LINE('',#952,#953);
#952 = CARTESIAN_POINT('',(0.5,7.2E-16,1.25));
#953 = VECTOR('',#954,1.);
#954 = DIRECTION('',(1.,0.,0.));
#955 = ORIENTED_EDGE('',*,*,#956,.F.);
#956 = EDGE_CURVE('',#949,#949,#957,.T.);
#957 = CIRCLE('',#958,0.25);
#958 = AXIS2_PLACEMENT_3D('',#959,#960,#961);
#959 = CARTESIAN_POINT('',(7.12,7.8E-16,1.5));
#960 = DIRECTION('',(1.,0.,0.));
#961 = DIRECTION('',(0.,-2.2E-16,-1.));
#962 = ORIENTED_EDGE('',*,*,#948,.F.);
#963 = ORIENTED_EDGE('',*,*,#931,.F.);
#964 = CYLINDRICAL_SURFACE('',#965,0.25);
#965 = AXIS2_PLACEMENT_3D('',#966,#967,#968);
#966 = CARTESIAN_POINT('',(0.5,7.8E-16,1.5));
#967 = DIRECTION('',(1.,0.,0.));
#968 = DIRECTION('',(0.,-2.2E-16,-1.));
#969 = ADVANCED_FACE('',(#970),#990,.T.);
#970 = FACE_BOUND('',#971,.T.);
#971 = EDGE_LOOP('',(#972,#981,#988,#989));
#972 = ORIENTED_EDGE('',*,*,#973,.T.);
#973 = EDGE_CURVE('',#949,#974,#976,.T.);
#974 = VERTEX_POINT('',#975);
#975 = CARTESIAN_POINT('',(7.37,1.E-15,1.));
#976 = CIRCLE('',#977,0.25);
#977 = AXIS2_PLACEMENT_3D('',#978,#979,#980);
#978 = CARTESIAN_POINT('',(7.12,7.6E-16,1.));
#979 = DIRECTION('',(0.,1.,-2.2E-16));
#980 = DIRECTION('',(1.,0.,0.));
#981 = ORIENTED_EDGE('',*,*,#982,.T.);
#982 = EDGE_CURVE('',#974,#974,#983,.T.);
#983 = CIRCLE('',#984,0.25);
#984 = AXIS2_PLACEMENT_3D('',#985,#986,#987);
#985 = CARTESIAN_POINT('',(7.62,6.7E-16,1.));
#986 = DIRECTION('',(-2.4E-16,2.2E-16,1.));
#987 = DIRECTION('',(1.,0.,2.4E-16));
#988 = ORIENTED_EDGE('',*,*,#973,.F.);
#989 = ORIENTED_EDGE('',*,*,#956,.T.);
#990 = TOROIDAL_SURFACE('',#991,0.5,0.25);
#991 = AXIS2_PLACEMENT_3D('',#992,#993,#994);
#992 = CARTESIAN_POINT('',(7.12,6.7E-16,1.));
#993 = DIRECTION('',(0.,1.,-2.2E-16));
#994 = DIRECTION('',(1.,0.,0.));
#995 = ADVANCED_FACE('',(#996),#1015,.T.);
#996 = FACE_BOUND('',#997,.T.);
#997 = EDGE_LOOP('',(#998,#1006,#1013,#1014));
#998 = ORIENTED_EDGE('',*,*,#999,.T.);
#999 = EDGE_CURVE('',#974,#1000,#1002,.T.);
#1000 = VERTEX_POINT('',#1001);
#1001 = CARTESIAN_POINT('',(7.37,0.,-2.5));
#1002 = LINE('',#1003,#1004);
#1003 = CARTESIAN_POINT('',(7.37,6.7E-16,1.));
#1004 = VECTOR('',#1005,1.);
#1005 = DIRECTION('',(0.,-2.2E-16,-1.));
#1006 = ORIENTED_EDGE('',*,*,#1007,.F.);
#1007 = EDGE_CURVE('',#1000,#1000,#1008,.T.);
#1008 = CIRCLE('',#1009,0.25);
#1009 = AXIS2_PLACEMENT_3D('',#1010,#1011,#1012);
#1010 = CARTESIAN_POINT('',(7.62,-1.1E-16,-2.5));
#1011 = DIRECTION('',(-0.,-2.2E-16,-1.));
#1012 = DIRECTION('',(-1.,0.,0.));
#1013 = ORIENTED_EDGE('',*,*,#999,.F.);
#1014 = ORIENTED_EDGE('',*,*,#982,.F.);
#1015 = CYLINDRICAL_SURFACE('',#1016,0.25);
#1016 = AXIS2_PLACEMENT_3D('',#1017,#1018,#1019);
#1017 = CARTESIAN_POINT('',(7.62,6.7E-16,1.));
#1018 = DIRECTION('',(0.,-2.2E-16,-1.));
#1019 = DIRECTION('',(-1.,-0.,0.));
#1020 = ADVANCED_FACE('',(#1021),#1024,.T.);
#1021 = FACE_BOUND('',#1022,.F.);
#1022 = EDGE_LOOP('',(#1023));
#1023 = ORIENTED_EDGE('',*,*,#907,.T.);
#1024 = PLANE('',#1025);
#1025 = AXIS2_PLACEMENT_3D('',#1026,#1027,#1028);
#1026 = CARTESIAN_POINT('',(0.25,-1.1E-16,-2.5));
#1027 = DIRECTION('',(0.,0.,-1.));
#1028 = DIRECTION('',(-1.,0.,0.));
#1029 = ADVANCED_FACE('',(#1030),#1033,.F.);
#1030 = FACE_BOUND('',#1031,.T.);
#1031 = EDGE_LOOP('',(#1032));
#1032 = ORIENTED_EDGE('',*,*,#1007,.T.);
#1033 = PLANE('',#1034);
#1034 = AXIS2_PLACEMENT_3D('',#1035,#1036,#1037);
#1035 = CARTESIAN_POINT('',(7.37,-1.1E-16,-2.5));
#1036 = DIRECTION('',(0.,0.,1.));
#1037 = DIRECTION('',(1.,0.,-0.));
#1038 = MANIFOLD_SOLID_BREP('',#1039);
#1039 = CLOSED_SHELL('',(#1040,#1073,#1093,#1113,#1138,#1163,#1189,#1215
    ,#1224));
#1040 = ADVANCED_FACE('',(#1041),#1068,.T.);
#1041 = FACE_BOUND('',#1042,.T.);
#1042 = EDGE_LOOP('',(#1043,#1052,#1060,#1067));
#1043 = ORIENTED_EDGE('',*,*,#1044,.T.);
#1044 = EDGE_CURVE('',#1045,#1045,#1047,.T.);
#1045 = VERTEX_POINT('',#1046);
#1046 = CARTESIAN_POINT('',(2.41,3.557331958362E-15,2.51));
#1047 = CIRCLE('',#1048,1.01);
#1048 = AXIS2_PLACEMENT_3D('',#1049,#1050,#1051);
#1049 = CARTESIAN_POINT('',(2.41,6.630669073875E-16,1.5));
#1050 = DIRECTION('',(1.,0.,-0.));
#1051 = DIRECTION('',(0.,9.92044604925E-16,1.));
#1052 = ORIENTED_EDGE('',*,*,#1053,.T.);
#1053 = EDGE_CURVE('',#1045,#1054,#1056,.T.);
#1054 = VERTEX_POINT('',#1055);
#1055 = CARTESIAN_POINT('',(3.41,3.557331958362E-15,2.51));
#1056 = LINE('',#1057,#1058);
#1057 = CARTESIAN_POINT('',(2.41,5.573319583618E-16,2.51));
#1058 = VECTOR('',#1059,1.);
#1059 = DIRECTION('',(1.,0.,0.));
#1060 = ORIENTED_EDGE('',*,*,#1061,.F.);
#1061 = EDGE_CURVE('',#1054,#1054,#1062,.T.);
#1062 = CIRCLE('',#1063,1.01);
#1063 = AXIS2_PLACEMENT_3D('',#1064,#1065,#1066);
#1064 = CARTESIAN_POINT('',(3.41,6.630669073875E-16,1.5));
#1065 = DIRECTION('',(1.,0.,-0.));
#1066 = DIRECTION('',(0.,9.92044604925E-16,1.));
#1067 = ORIENTED_EDGE('',*,*,#1053,.F.);
#1068 = CYLINDRICAL_SURFACE('',#1069,1.01);
#1069 = AXIS2_PLACEMENT_3D('',#1070,#1071,#1072);
#1070 = CARTESIAN_POINT('',(2.41,6.630669073875E-16,1.5));
#1071 = DIRECTION('',(1.,0.,0.));
#1072 = DIRECTION('',(-0.,9.92044604925E-16,1.));
#1073 = ADVANCED_FACE('',(#1074,#1077),#1088,.F.);
#1074 = FACE_BOUND('',#1075,.T.);
#1075 = EDGE_LOOP('',(#1076));
#1076 = ORIENTED_EDGE('',*,*,#1044,.F.);
#1077 = FACE_BOUND('',#1078,.T.);
#1078 = EDGE_LOOP('',(#1079));
#1079 = ORIENTED_EDGE('',*,*,#1080,.T.);
#1080 = EDGE_CURVE('',#1081,#1081,#1083,.T.);
#1081 = VERTEX_POINT('',#1082);
#1082 = CARTESIAN_POINT('',(2.41,5.551115123126E-16,2.5));
#1083 = CIRCLE('',#1084,1.);
#1084 = AXIS2_PLACEMENT_3D('',#1085,#1086,#1087);
#1085 = CARTESIAN_POINT('',(2.41,6.630669073875E-16,1.5));
#1086 = DIRECTION('',(1.,0.,-0.));
#1087 = DIRECTION('',(0.,1.002044604925E-15,1.));
#1088 = PLANE('',#1089);
#1089 = AXIS2_PLACEMENT_3D('',#1090,#1091,#1092);
#1090 = CARTESIAN_POINT('',(2.41,6.630669073875E-16,1.5));
#1091 = DIRECTION('',(1.,0.,0.));
#1092 = DIRECTION('',(-0.,1.002044604925E-15,1.));
#1093 = ADVANCED_FACE('',(#1094,#1097),#1108,.T.);
#1094 = FACE_BOUND('',#1095,.T.);
#1095 = EDGE_LOOP('',(#1096));
#1096 = ORIENTED_EDGE('',*,*,#1061,.T.);
#1097 = FACE_BOUND('',#1098,.T.);
#1098 = EDGE_LOOP('',(#1099));
#1099 = ORIENTED_EDGE('',*,*,#1100,.F.);
#1100 = EDGE_CURVE('',#1101,#1101,#1103,.T.);
#1101 = VERTEX_POINT('',#1102);
#1102 = CARTESIAN_POINT('',(3.41,5.551115123126E-16,2.5));
#1103 = CIRCLE('',#1104,1.);
#1104 = AXIS2_PLACEMENT_3D('',#1105,#1106,#1107);
#1105 = CARTESIAN_POINT('',(3.41,6.630669073875E-16,1.5));
#1106 = DIRECTION('',(1.,0.,-0.));
#1107 = DIRECTION('',(0.,1.002044604925E-15,1.));
#1108 = PLANE('',#1109);
#1109 = AXIS2_PLACEMENT_3D('',#1110,#1111,#1112);
#1110 = CARTESIAN_POINT('',(3.41,6.630669073875E-16,1.5));
#1111 = DIRECTION('',(1.,0.,0.));
#1112 = DIRECTION('',(-0.,9.92044604925E-16,1.));
#1113 = ADVANCED_FACE('',(#1114),#1133,.T.);
#1114 = FACE_BOUND('',#1115,.T.);
#1115 = EDGE_LOOP('',(#1116,#1125,#1131,#1132));
#1116 = ORIENTED_EDGE('',*,*,#1117,.T.);
#1117 = EDGE_CURVE('',#1118,#1118,#1120,.T.);
#1118 = VERTEX_POINT('',#1119);
#1119 = CARTESIAN_POINT('',(2.21,3.555111512313E-15,2.5));
#1120 = CIRCLE('',#1121,1.);
#1121 = AXIS2_PLACEMENT_3D('',#1122,#1123,#1124);
#1122 = CARTESIAN_POINT('',(2.21,6.630669073875E-16,1.5));
#1123 = DIRECTION('',(1.,0.,-0.));
#1124 = DIRECTION('',(0.,1.002044604925E-15,1.));
#1125 = ORIENTED_EDGE('',*,*,#1126,.T.);
#1126 = EDGE_CURVE('',#1118,#1081,#1127,.T.);
#1127 = LINE('',#1128,#1129);
#1128 = CARTESIAN_POINT('',(1.81,5.551115123126E-16,2.5));
#1129 = VECTOR('',#1130,1.);
#1130 = DIRECTION('',(1.,0.,0.));
#1131 = ORIENTED_EDGE('',*,*,#1080,.F.);
#1132 = ORIENTED_EDGE('',*,*,#1126,.F.);
#1133 = CYLINDRICAL_SURFACE('',#1134,1.);
#1134 = AXIS2_PLACEMENT_3D('',#1135,#1136,#1137);
#1135 = CARTESIAN_POINT('',(1.81,6.630669073875E-16,1.5));
#1136 = DIRECTION('',(1.,0.,0.));
#1137 = DIRECTION('',(-0.,1.002044604925E-15,1.));
#1138 = ADVANCED_FACE('',(#1139),#1158,.T.);
#1139 = FACE_BOUND('',#1140,.T.);
#1140 = EDGE_LOOP('',(#1141,#1142,#1150,#1157));
#1141 = ORIENTED_EDGE('',*,*,#1100,.T.);
#1142 = ORIENTED_EDGE('',*,*,#1143,.T.);
#1143 = EDGE_CURVE('',#1101,#1144,#1146,.T.);
#1144 = VERTEX_POINT('',#1145);
#1145 = CARTESIAN_POINT('',(5.41,3.555111512313E-15,2.5));
#1146 = LINE('',#1147,#1148);
#1147 = CARTESIAN_POINT('',(1.81,5.551115123126E-16,2.5));
#1148 = VECTOR('',#1149,1.);
#1149 = DIRECTION('',(1.,0.,0.));
#1150 = ORIENTED_EDGE('',*,*,#1151,.F.);
#1151 = EDGE_CURVE('',#1144,#1144,#1152,.T.);
#1152 = CIRCLE('',#1153,1.);
#1153 = AXIS2_PLACEMENT_3D('',#1154,#1155,#1156);
#1154 = CARTESIAN_POINT('',(5.41,6.630669073875E-16,1.5));
#1155 = DIRECTION('',(1.,0.,-0.));
#1156 = DIRECTION('',(0.,1.002044604925E-15,1.));
#1157 = ORIENTED_EDGE('',*,*,#1143,.F.);
#1158 = CYLINDRICAL_SURFACE('',#1159,1.);
#1159 = AXIS2_PLACEMENT_3D('',#1160,#1161,#1162);
#1160 = CARTESIAN_POINT('',(1.81,6.630669073875E-16,1.5));
#1161 = DIRECTION('',(1.,0.,0.));
#1162 = DIRECTION('',(-0.,1.002044604925E-15,1.));
#1163 = ADVANCED_FACE('',(#1164),#1184,.T.);
#1164 = FACE_BOUND('',#1165,.T.);
#1165 = EDGE_LOOP('',(#1166,#1175,#1182,#1183));
#1166 = ORIENTED_EDGE('',*,*,#1167,.T.);
#1167 = EDGE_CURVE('',#1168,#1168,#1170,.T.);
#1168 = VERTEX_POINT('',#1169);
#1169 = CARTESIAN_POINT('',(1.81,1.466293670343E-15,2.1));
#1170 = CIRCLE('',#1171,0.6);
#1171 = AXIS2_PLACEMENT_3D('',#1172,#1173,#1174);
#1172 = CARTESIAN_POINT('',(1.81,6.630669073875E-16,1.5));
#1173 = DIRECTION('',(1.,0.,-0.));
#1174 = DIRECTION('',(0.,1.002044604925E-15,1.));
#1175 = ORIENTED_EDGE('',*,*,#1176,.F.);
#1176 = EDGE_CURVE('',#1118,#1168,#1177,.T.);
#1177 = CIRCLE('',#1178,0.4);
#1178 = AXIS2_PLACEMENT_3D('',#1179,#1180,#1181);
#1179 = CARTESIAN_POINT('',(2.21,1.266293670343E-15,2.1));
#1180 = DIRECTION('',(0.,-1.,1.002044604925E-15));
#1181 = DIRECTION('',(0.,1.002044604925E-15,1.));
#1182 = ORIENTED_EDGE('',*,*,#1117,.F.);
#1183 = ORIENTED_EDGE('',*,*,#1176,.T.);
#1184 = TOROIDAL_SURFACE('',#1185,0.6,0.4);
#1185 = AXIS2_PLACEMENT_3D('',#1186,#1187,#1188);
#1186 = CARTESIAN_POINT('',(2.21,6.630669073875E-16,1.5));
#1187 = DIRECTION('',(-1.,0.,0.));
#1188 = DIRECTION('',(0.,1.002044604925E-15,1.));
#1189 = ADVANCED_FACE('',(#1190),#1210,.T.);
#1190 = FACE_BOUND('',#1191,.T.);
#1191 = EDGE_LOOP('',(#1192,#1193,#1202,#1209));
#1192 = ORIENTED_EDGE('',*,*,#1151,.T.);
#1193 = ORIENTED_EDGE('',*,*,#1194,.F.);
#1194 = EDGE_CURVE('',#1195,#1144,#1197,.T.);
#1195 = VERTEX_POINT('',#1196);
#1196 = CARTESIAN_POINT('',(5.81,1.466293670343E-15,2.1));
#1197 = CIRCLE('',#1198,0.4);
#1198 = AXIS2_PLACEMENT_3D('',#1199,#1200,#1201);
#1199 = CARTESIAN_POINT('',(5.41,1.266293670343E-15,2.1));
#1200 = DIRECTION('',(0.,-1.,1.002044604925E-15));
#1201 = DIRECTION('',(0.,1.002044604925E-15,1.));
#1202 = ORIENTED_EDGE('',*,*,#1203,.F.);
#1203 = EDGE_CURVE('',#1195,#1195,#1204,.T.);
#1204 = CIRCLE('',#1205,0.6);
#1205 = AXIS2_PLACEMENT_3D('',#1206,#1207,#1208);
#1206 = CARTESIAN_POINT('',(5.81,6.630669073875E-16,1.5));
#1207 = DIRECTION('',(1.,0.,-0.));
#1208 = DIRECTION('',(0.,1.002044604925E-15,1.));
#1209 = ORIENTED_EDGE('',*,*,#1194,.T.);
#1210 = TOROIDAL_SURFACE('',#1211,0.6,0.4);
#1211 = AXIS2_PLACEMENT_3D('',#1212,#1213,#1214);
#1212 = CARTESIAN_POINT('',(5.41,6.630669073875E-16,1.5));
#1213 = DIRECTION('',(-1.,0.,0.));
#1214 = DIRECTION('',(0.,1.002044604925E-15,1.));
#1215 = ADVANCED_FACE('',(#1216),#1219,.F.);
#1216 = FACE_BOUND('',#1217,.T.);
#1217 = EDGE_LOOP('',(#1218));
#1218 = ORIENTED_EDGE('',*,*,#1167,.F.);
#1219 = PLANE('',#1220);
#1220 = AXIS2_PLACEMENT_3D('',#1221,#1222,#1223);
#1221 = CARTESIAN_POINT('',(1.81,6.630669073875E-16,1.5));
#1222 = DIRECTION('',(1.,0.,0.));
#1223 = DIRECTION('',(-0.,1.002044604925E-15,1.));
#1224 = ADVANCED_FACE('',(#1225),#1228,.T.);
#1225 = FACE_BOUND('',#1226,.F.);
#1226 = EDGE_LOOP('',(#1227));
#1227 = ORIENTED_EDGE('',*,*,#1203,.F.);
#1228 = PLANE('',#1229);
#1229 = AXIS2_PLACEMENT_3D('',#1230,#1231,#1232);
#1230 = CARTESIAN_POINT('',(5.81,6.630669073875E-16,1.5));
#1231 = DIRECTION('',(1.,0.,0.));
#1232 = DIRECTION('',(-0.,1.002044604925E-15,1.));
#1233 = ( GEOMETRIC_REPRESENTATION_CONTEXT(3) 
GLOBAL_UNCERTAINTY_ASSIGNED_CONTEXT((#1237)) 
GLOBAL_UNIT_ASSIGNED_CONTEXT((#1234,#1235,#1236)) REPRESENTATION_CONTEXT
('Context #1','3D Context with UNIT and UNCERTAINTY') );
#1234 = ( LENGTH_UNIT() NAMED_UNIT(*) SI_UNIT(.MILLI.,.METRE.) );
#1235 = ( NAMED_UNIT(*) PLANE_ANGLE_UNIT() SI_UNIT($,.RADIAN.) );
#1236 = ( NAMED_UNIT(*) SI_UNIT($,.STERADIAN.) SOLID_ANGLE_UNIT() );
#1237 = UNCERTAINTY_MEASURE_WITH_UNIT(LENGTH_MEASURE(1.E-07),#1234,
  'distance_accuracy_value','confusion accuracy');
#1238 = CONTEXT_DEPENDENT_SHAPE_REPRESENTATION(#1239,#1241);
#1239 = ( REPRESENTATION_RELATIONSHIP('','',#882,#10) 
REPRESENTATION_RELATIONSHIP_WITH_TRANSFORMATION(#1240) 
SHAPE_REPRESENTATION_RELATIONSHIP() );
#1240 = ITEM_DEFINED_TRANSFORMATION('','',#11,#19);
#1241 = PRODUCT_DEFINITION_SHAPE('Placement','Placement of an item',
  #1242);
#1242 = NEXT_ASSEMBLY_USAGE_OCCURRENCE('2','D2','',#5,#877,$);
#1243 = PRODUCT_RELATED_PRODUCT_CATEGORY('part',$,(#879));
#1244 = SHAPE_DEFINITION_REPRESENTATION(#1245,#1251);
#1245 = PRODUCT_DEFINITION_SHAPE('','',#1246);
#1246 = PRODUCT_DEFINITION('design','',#1247,#1250);
#1247 = PRODUCT_DEFINITION_FORMATION('','',#1248);
#1248 = PRODUCT('Jack_3.5mm_CUI_SJ1-3523N_Horizontal',
  'Jack_3.5mm_CUI_SJ1-3523N_Horizontal','',(#1249));
#1249 = PRODUCT_CONTEXT('',#2,'mechanical');
#1250 = PRODUCT_DEFINITION_CONTEXT('part definition',#2,'design');
#1251 = ADVANCED_BREP_SHAPE_REPRESENTATION('',(#11,#1252),#2536);
#1252 = MANIFOLD_SOLID_BREP('',#1253);
#1253 = CLOSED_SHELL('',(#1254,#1294,#1325,#1381,#1405,#1611,#1642,#1659
    ,#1676,#1700,#1716,#1747,#1771,#1787,#1818,#1843,#1868,#1893,#1924,
    #1948,#1972,#1989,#2014,#2045,#2069,#2093,#2110,#2135,#2166,#2190,
    #2214,#2231,#2249,#2266,#2313,#2326,#2335,#2344,#2353,#2365,#2374,
    #2386,#2395,#2407,#2432,#2452,#2477,#2502,#2527));
#1254 = ADVANCED_FACE('',(#1255),#1289,.F.);
#1255 = FACE_BOUND('',#1256,.F.);
#1256 = EDGE_LOOP('',(#1257,#1267,#1275,#1283));
#1257 = ORIENTED_EDGE('',*,*,#1258,.F.);
#1258 = EDGE_CURVE('',#1259,#1261,#1263,.T.);
#1259 = VERTEX_POINT('',#1260);
#1260 = CARTESIAN_POINT('',(-6.,-3.5,0.));
#1261 = VERTEX_POINT('',#1262);
#1262 = CARTESIAN_POINT('',(-6.,-3.5,5.));
#1263 = LINE('',#1264,#1265);
#1264 = CARTESIAN_POINT('',(-6.,-3.5,0.));
#1265 = VECTOR('',#1266,1.);
#1266 = DIRECTION('',(0.,0.,1.));
#1267 = ORIENTED_EDGE('',*,*,#1268,.T.);
#1268 = EDGE_CURVE('',#1259,#1269,#1271,.T.);
#1269 = VERTEX_POINT('',#1270);
#1270 = CARTESIAN_POINT('',(-6.,7.5,0.));
#1271 = LINE('',#1272,#1273);
#1272 = CARTESIAN_POINT('',(-6.,-3.5,0.));
#1273 = VECTOR('',#1274,1.);
#1274 = DIRECTION('',(0.,1.,0.));
#1275 = ORIENTED_EDGE('',*,*,#1276,.T.);
#1276 = EDGE_CURVE('',#1269,#1277,#1279,.T.);
#1277 = VERTEX_POINT('',#1278);
#1278 = CARTESIAN_POINT('',(-6.,7.5,5.));
#1279 = LINE('',#1280,#1281);
#1280 = CARTESIAN_POINT('',(-6.,7.5,0.));
#1281 = VECTOR('',#1282,1.);
#1282 = DIRECTION('',(0.,0.,1.));
#1283 = ORIENTED_EDGE('',*,*,#1284,.F.);
#1284 = EDGE_CURVE('',#1261,#1277,#1285,.T.);
#1285 = LINE('',#1286,#1287);
#1286 = CARTESIAN_POINT('',(-6.,-3.5,5.));
#1287 = VECTOR('',#1288,1.);
#1288 = DIRECTION('',(0.,1.,0.));
#1289 = PLANE('',#1290);
#1290 = AXIS2_PLACEMENT_3D('',#1291,#1292,#1293);
#1291 = CARTESIAN_POINT('',(-6.,-3.5,0.));
#1292 = DIRECTION('',(1.,0.,0.));
#1293 = DIRECTION('',(0.,0.,1.));
#1294 = ADVANCED_FACE('',(#1295),#1320,.F.);
#1295 = FACE_BOUND('',#1296,.F.);
#1296 = EDGE_LOOP('',(#1297,#1305,#1306,#1314));
#1297 = ORIENTED_EDGE('',*,*,#1298,.F.);
#1298 = EDGE_CURVE('',#1259,#1299,#1301,.T.);
#1299 = VERTEX_POINT('',#1300);
#1300 = CARTESIAN_POINT('',(-4.5,-3.5,0.));
#1301 = LINE('',#1302,#1303);
#1302 = CARTESIAN_POINT('',(-6.,-3.5,0.));
#1303 = VECTOR('',#1304,1.);
#1304 = DIRECTION('',(1.,0.,0.));
#1305 = ORIENTED_EDGE('',*,*,#1258,.T.);
#1306 = ORIENTED_EDGE('',*,*,#1307,.T.);
#1307 = EDGE_CURVE('',#1261,#1308,#1310,.T.);
#1308 = VERTEX_POINT('',#1309);
#1309 = CARTESIAN_POINT('',(-4.5,-3.5,5.));
#1310 = LINE('',#1311,#1312);
#1311 = CARTESIAN_POINT('',(-6.,-3.5,5.));
#1312 = VECTOR('',#1313,1.);
#1313 = DIRECTION('',(1.,0.,0.));
#1314 = ORIENTED_EDGE('',*,*,#1315,.F.);
#1315 = EDGE_CURVE('',#1299,#1308,#1316,.T.);
#1316 = LINE('',#1317,#1318);
#1317 = CARTESIAN_POINT('',(-4.5,-3.5,0.));
#1318 = VECTOR('',#1319,1.);
#1319 = DIRECTION('',(0.,0.,1.));
#1320 = PLANE('',#1321);
#1321 = AXIS2_PLACEMENT_3D('',#1322,#1323,#1324);
#1322 = CARTESIAN_POINT('',(-6.,-3.5,0.));
#1323 = DIRECTION('',(0.,1.,0.));
#1324 = DIRECTION('',(0.,-0.,1.));
#1325 = ADVANCED_FACE('',(#1326),#1376,.T.);
#1326 = FACE_BOUND('',#1327,.T.);
#1327 = EDGE_LOOP('',(#1328,#1329,#1330,#1338,#1346,#1354,#1362,#1370));
#1328 = ORIENTED_EDGE('',*,*,#1284,.F.);
#1329 = ORIENTED_EDGE('',*,*,#1307,.T.);
#1330 = ORIENTED_EDGE('',*,*,#1331,.T.);
#1331 = EDGE_CURVE('',#1308,#1332,#1334,.T.);
#1332 = VERTEX_POINT('',#1333);
#1333 = CARTESIAN_POINT('',(-1.658312395178,-3.5,5.));
#1334 = LINE('',#1335,#1336);
#1335 = CARTESIAN_POINT('',(-6.,-3.5,5.));
#1336 = VECTOR('',#1337,1.);
#1337 = DIRECTION('',(1.,0.,0.));
#1338 = ORIENTED_EDGE('',*,*,#1339,.T.);
#1339 = EDGE_CURVE('',#1332,#1340,#1342,.T.);
#1340 = VERTEX_POINT('',#1341);
#1341 = CARTESIAN_POINT('',(1.658312395178,-3.5,5.));
#1342 = LINE('',#1343,#1344);
#1343 = CARTESIAN_POINT('',(-6.,-3.5,5.));
#1344 = VECTOR('',#1345,1.);
#1345 = DIRECTION('',(1.,0.,0.));
#1346 = ORIENTED_EDGE('',*,*,#1347,.T.);
#1347 = EDGE_CURVE('',#1340,#1348,#1350,.T.);
#1348 = VERTEX_POINT('',#1349);
#1349 = CARTESIAN_POINT('',(4.5,-3.5,5.));
#1350 = LINE('',#1351,#1352);
#1351 = CARTESIAN_POINT('',(-6.,-3.5,5.));
#1352 = VECTOR('',#1353,1.);
#1353 = DIRECTION('',(1.,0.,0.));
#1354 = ORIENTED_EDGE('',*,*,#1355,.T.);
#1355 = EDGE_CURVE('',#1348,#1356,#1358,.T.);
#1356 = VERTEX_POINT('',#1357);
#1357 = CARTESIAN_POINT('',(6.,-3.5,5.));
#1358 = LINE('',#1359,#1360);
#1359 = CARTESIAN_POINT('',(-6.,-3.5,5.));
#1360 = VECTOR('',#1361,1.);
#1361 = DIRECTION('',(1.,0.,0.));
#1362 = ORIENTED_EDGE('',*,*,#1363,.T.);
#1363 = EDGE_CURVE('',#1356,#1364,#1366,.T.);
#1364 = VERTEX_POINT('',#1365);
#1365 = CARTESIAN_POINT('',(6.,7.5,5.));
#1366 = LINE('',#1367,#1368);
#1367 = CARTESIAN_POINT('',(6.,-3.5,5.));
#1368 = VECTOR('',#1369,1.);
#1369 = DIRECTION('',(0.,1.,0.));
#1370 = ORIENTED_EDGE('',*,*,#1371,.F.);
#1371 = EDGE_CURVE('',#1277,#1364,#1372,.T.);
#1372 = LINE('',#1373,#1374);
#1373 = CARTESIAN_POINT('',(-6.,7.5,5.));
#1374 = VECTOR('',#1375,1.);
#1375 = DIRECTION('',(1.,0.,0.));
#1376 = PLANE('',#1377);
#1377 = AXIS2_PLACEMENT_3D('',#1378,#1379,#1380);
#1378 = CARTESIAN_POINT('',(-6.,-3.5,5.));
#1379 = DIRECTION('',(0.,0.,1.));
#1380 = DIRECTION('',(1.,0.,-0.));
#1381 = ADVANCED_FACE('',(#1382),#1400,.T.);
#1382 = FACE_BOUND('',#1383,.T.);
#1383 = EDGE_LOOP('',(#1384,#1392,#1393,#1394));
#1384 = ORIENTED_EDGE('',*,*,#1385,.F.);
#1385 = EDGE_CURVE('',#1269,#1386,#1388,.T.);
#1386 = VERTEX_POINT('',#1387);
#1387 = CARTESIAN_POINT('',(6.,7.5,0.));
#1388 = LINE('',#1389,#1390);
#1389 = CARTESIAN_POINT('',(-6.,7.5,0.));
#1390 = VECTOR('',#1391,1.);
#1391 = DIRECTION('',(1.,0.,0.));
#1392 = ORIENTED_EDGE('',*,*,#1276,.T.);
#1393 = ORIENTED_EDGE('',*,*,#1371,.T.);
#1394 = ORIENTED_EDGE('',*,*,#1395,.F.);
#1395 = EDGE_CURVE('',#1386,#1364,#1396,.T.);
#1396 = LINE('',#1397,#1398);
#1397 = CARTESIAN_POINT('',(6.,7.5,0.));
#1398 = VECTOR('',#1399,1.);
#1399 = DIRECTION('',(0.,0.,1.));
#1400 = PLANE('',#1401);
#1401 = AXIS2_PLACEMENT_3D('',#1402,#1403,#1404);
#1402 = CARTESIAN_POINT('',(-6.,7.5,0.));
#1403 = DIRECTION('',(0.,1.,0.));
#1404 = DIRECTION('',(0.,-0.,1.));
#1405 = ADVANCED_FACE('',(#1406,#1449,#1460,#1471,#1482,#1516,#1527,
    #1561,#1572),#1606,.F.);
#1406 = FACE_BOUND('',#1407,.F.);
#1407 = EDGE_LOOP('',(#1408,#1409,#1410,#1418,#1426,#1434,#1442,#1448));
#1408 = ORIENTED_EDGE('',*,*,#1268,.F.);
#1409 = ORIENTED_EDGE('',*,*,#1298,.T.);
#1410 = ORIENTED_EDGE('',*,*,#1411,.T.);
#1411 = EDGE_CURVE('',#1299,#1412,#1414,.T.);
#1412 = VERTEX_POINT('',#1413);
#1413 = CARTESIAN_POINT('',(-1.658312395178,-3.5,-2.E-14));
#1414 = LINE('',#1415,#1416);
#1415 = CARTESIAN_POINT('',(-6.,-3.5,0.));
#1416 = VECTOR('',#1417,1.);
#1417 = DIRECTION('',(1.,0.,0.));
#1418 = ORIENTED_EDGE('',*,*,#1419,.T.);
#1419 = EDGE_CURVE('',#1412,#1420,#1422,.T.);
#1420 = VERTEX_POINT('',#1421);
#1421 = CARTESIAN_POINT('',(1.658312395178,-3.5,-1.2E-14));
#1422 = LINE('',#1423,#1424);
#1423 = CARTESIAN_POINT('',(-6.,-3.5,0.));
#1424 = VECTOR('',#1425,1.);
#1425 = DIRECTION('',(1.,0.,0.));
#1426 = ORIENTED_EDGE('',*,*,#1427,.T.);
#1427 = EDGE_CURVE('',#1420,#1428,#1430,.T.);
#1428 = VERTEX_POINT('',#1429);
#1429 = CARTESIAN_POINT('',(4.5,-3.5,0.));
#1430 = LINE('',#1431,#1432);
#1431 = CARTESIAN_POINT('',(-6.,-3.5,0.));
#1432 = VECTOR('',#1433,1.);
#1433 = DIRECTION('',(1.,0.,0.));
#1434 = ORIENTED_EDGE('',*,*,#1435,.T.);
#1435 = EDGE_CURVE('',#1428,#1436,#1438,.T.);
#1436 = VERTEX_POINT('',#1437);
#1437 = CARTESIAN_POINT('',(6.,-3.5,0.));
#1438 = LINE('',#1439,#1440);
#1439 = CARTESIAN_POINT('',(-6.,-3.5,0.));
#1440 = VECTOR('',#1441,1.);
#1441 = DIRECTION('',(1.,0.,0.));
#1442 = ORIENTED_EDGE('',*,*,#1443,.T.);
#1443 = EDGE_CURVE('',#1436,#1386,#1444,.T.);
#1444 = LINE('',#1445,#1446);
#1445 = CARTESIAN_POINT('',(6.,-3.5,0.));
#1446 = VECTOR('',#1447,1.);
#1447 = DIRECTION('',(0.,1.,0.));
#1448 = ORIENTED_EDGE('',*,*,#1385,.F.);
#1449 = FACE_BOUND('',#1450,.F.);
#1450 = EDGE_LOOP('',(#1451));
#1451 = ORIENTED_EDGE('',*,*,#1452,.F.);
#1452 = EDGE_CURVE('',#1453,#1453,#1455,.T.);
#1453 = VERTEX_POINT('',#1454);
#1454 = CARTESIAN_POINT('',(-4.55,-2.5,0.));
#1455 = CIRCLE('',#1456,0.45);
#1456 = AXIS2_PLACEMENT_3D('',#1457,#1458,#1459);
#1457 = CARTESIAN_POINT('',(-5.,-2.5,0.));
#1458 = DIRECTION('',(0.,0.,1.));
#1459 = DIRECTION('',(1.,0.,-0.));
#1460 = FACE_BOUND('',#1461,.F.);
#1461 = EDGE_LOOP('',(#1462));
#1462 = ORIENTED_EDGE('',*,*,#1463,.F.);
#1463 = EDGE_CURVE('',#1464,#1464,#1466,.T.);
#1464 = VERTEX_POINT('',#1465);
#1465 = CARTESIAN_POINT('',(-4.55,0.,0.));
#1466 = CIRCLE('',#1467,0.45);
#1467 = AXIS2_PLACEMENT_3D('',#1468,#1469,#1470);
#1468 = CARTESIAN_POINT('',(-5.,0.,0.));
#1469 = DIRECTION('',(0.,0.,1.));
#1470 = DIRECTION('',(1.,0.,-0.));
#1471 = FACE_BOUND('',#1472,.F.);
#1472 = EDGE_LOOP('',(#1473));
#1473 = ORIENTED_EDGE('',*,*,#1474,.F.);
#1474 = EDGE_CURVE('',#1475,#1475,#1477,.T.);
#1475 = VERTEX_POINT('',#1476);
#1476 = CARTESIAN_POINT('',(5.45,-2.5,0.));
#1477 = CIRCLE('',#1478,0.45);
#1478 = AXIS2_PLACEMENT_3D('',#1479,#1480,#1481);
#1479 = CARTESIAN_POINT('',(5.,-2.5,0.));
#1480 = DIRECTION('',(0.,0.,1.));
#1481 = DIRECTION('',(1.,0.,-0.));
#1482 = FACE_BOUND('',#1483,.F.);
#1483 = EDGE_LOOP('',(#1484,#1494,#1502,#1510));
#1484 = ORIENTED_EDGE('',*,*,#1485,.T.);
#1485 = EDGE_CURVE('',#1486,#1488,#1490,.T.);
#1486 = VERTEX_POINT('',#1487);
#1487 = CARTESIAN_POINT('',(-0.5,-0.1,0.));
#1488 = VERTEX_POINT('',#1489);
#1489 = CARTESIAN_POINT('',(-0.5,0.1,0.));
#1490 = LINE('',#1491,#1492);
#1491 = CARTESIAN_POINT('',(-0.5,-0.1,0.));
#1492 = VECTOR('',#1493,1.);
#1493 = DIRECTION('',(0.,1.,0.));
#1494 = ORIENTED_EDGE('',*,*,#1495,.T.);
#1495 = EDGE_CURVE('',#1488,#1496,#1498,.T.);
#1496 = VERTEX_POINT('',#1497);
#1497 = CARTESIAN_POINT('',(0.5,0.1,0.));
#1498 = LINE('',#1499,#1500);
#1499 = CARTESIAN_POINT('',(-0.5,0.1,0.));
#1500 = VECTOR('',#1501,1.);
#1501 = DIRECTION('',(1.,0.,0.));
#1502 = ORIENTED_EDGE('',*,*,#1503,.F.);
#1503 = EDGE_CURVE('',#1504,#1496,#1506,.T.);
#1504 = VERTEX_POINT('',#1505);
#1505 = CARTESIAN_POINT('',(0.5,-0.1,0.));
#1506 = LINE('',#1507,#1508);
#1507 = CARTESIAN_POINT('',(0.5,-0.1,0.));
#1508 = VECTOR('',#1509,1.);
#1509 = DIRECTION('',(0.,1.,0.));
#1510 = ORIENTED_EDGE('',*,*,#1511,.F.);
#1511 = EDGE_CURVE('',#1486,#1504,#1512,.T.);
#1512 = LINE('',#1513,#1514);
#1513 = CARTESIAN_POINT('',(-0.5,-0.1,0.));
#1514 = VECTOR('',#1515,1.);
#1515 = DIRECTION('',(1.,0.,0.));
#1516 = FACE_BOUND('',#1517,.F.);
#1517 = EDGE_LOOP('',(#1518));
#1518 = ORIENTED_EDGE('',*,*,#1519,.F.);
#1519 = EDGE_CURVE('',#1520,#1520,#1522,.T.);
#1520 = VERTEX_POINT('',#1521);
#1521 = CARTESIAN_POINT('',(5.45,0.,0.));
#1522 = CIRCLE('',#1523,0.45);
#1523 = AXIS2_PLACEMENT_3D('',#1524,#1525,#1526);
#1524 = CARTESIAN_POINT('',(5.,0.,0.));
#1525 = DIRECTION('',(0.,0.,1.));
#1526 = DIRECTION('',(1.,0.,-0.));
#1527 = FACE_BOUND('',#1528,.F.);
#1528 = EDGE_LOOP('',(#1529,#1539,#1547,#1555));
#1529 = ORIENTED_EDGE('',*,*,#1530,.T.);
#1530 = EDGE_CURVE('',#1531,#1533,#1535,.T.);
#1531 = VERTEX_POINT('',#1532);
#1532 = CARTESIAN_POINT('',(-5.1,4.5,0.));
#1533 = VERTEX_POINT('',#1534);
#1534 = CARTESIAN_POINT('',(-5.1,5.5,0.));
#1535 = LINE('',#1536,#1537);
#1536 = CARTESIAN_POINT('',(-5.1,4.5,0.));
#1537 = VECTOR('',#1538,1.);
#1538 = DIRECTION('',(0.,1.,0.));
#1539 = ORIENTED_EDGE('',*,*,#1540,.T.);
#1540 = EDGE_CURVE('',#1533,#1541,#1543,.T.);
#1541 = VERTEX_POINT('',#1542);
#1542 = CARTESIAN_POINT('',(-4.9,5.5,0.));
#1543 = LINE('',#1544,#1545);
#1544 = CARTESIAN_POINT('',(-5.1,5.5,0.));
#1545 = VECTOR('',#1546,1.);
#1546 = DIRECTION('',(1.,0.,0.));
#1547 = ORIENTED_EDGE('',*,*,#1548,.F.);
#1548 = EDGE_CURVE('',#1549,#1541,#1551,.T.);
#1549 = VERTEX_POINT('',#1550);
#1550 = CARTESIAN_POINT('',(-4.9,4.5,0.));
#1551 = LINE('',#1552,#1553);
#1552 = CARTESIAN_POINT('',(-4.9,4.5,0.));
#1553 = VECTOR('',#1554,1.);
#1554 = DIRECTION('',(0.,1.,0.));
#1555 = ORIENTED_EDGE('',*,*,#1556,.F.);
#1556 = EDGE_CURVE('',#1531,#1549,#1557,.T.);
#1557 = LINE('',#1558,#1559);
#1558 = CARTESIAN_POINT('',(-5.1,4.5,0.));
#1559 = VECTOR('',#1560,1.);
#1560 = DIRECTION('',(1.,0.,0.));
#1561 = FACE_BOUND('',#1562,.F.);
#1562 = EDGE_LOOP('',(#1563));
#1563 = ORIENTED_EDGE('',*,*,#1564,.F.);
#1564 = EDGE_CURVE('',#1565,#1565,#1567,.T.);
#1565 = VERTEX_POINT('',#1566);
#1566 = CARTESIAN_POINT('',(0.45,5.,0.));
#1567 = CIRCLE('',#1568,0.45);
#1568 = AXIS2_PLACEMENT_3D('',#1569,#1570,#1571);
#1569 = CARTESIAN_POINT('',(0.,5.,0.));
#1570 = DIRECTION('',(0.,0.,1.));
#1571 = DIRECTION('',(1.,0.,-0.));
#1572 = FACE_BOUND('',#1573,.F.);
#1573 = EDGE_LOOP('',(#1574,#1584,#1592,#1600));
#1574 = ORIENTED_EDGE('',*,*,#1575,.T.);
#1575 = EDGE_CURVE('',#1576,#1578,#1580,.T.);
#1576 = VERTEX_POINT('',#1577);
#1577 = CARTESIAN_POINT('',(4.9,4.5,0.));
#1578 = VERTEX_POINT('',#1579);
#1579 = CARTESIAN_POINT('',(4.9,5.5,0.));
#1580 = LINE('',#1581,#1582);
#1581 = CARTESIAN_POINT('',(4.9,4.5,0.));
#1582 = VECTOR('',#1583,1.);
#1583 = DIRECTION('',(0.,1.,0.));
#1584 = ORIENTED_EDGE('',*,*,#1585,.T.);
#1585 = EDGE_CURVE('',#1578,#1586,#1588,.T.);
#1586 = VERTEX_POINT('',#1587);
#1587 = CARTESIAN_POINT('',(5.1,5.5,0.));
#1588 = LINE('',#1589,#1590);
#1589 = CARTESIAN_POINT('',(4.9,5.5,0.));
#1590 = VECTOR('',#1591,1.);
#1591 = DIRECTION('',(1.,0.,0.));
#1592 = ORIENTED_EDGE('',*,*,#1593,.F.);
#1593 = EDGE_CURVE('',#1594,#1586,#1596,.T.);
#1594 = VERTEX_POINT('',#1595);
#1595 = CARTESIAN_POINT('',(5.1,4.5,0.));
#1596 = LINE('',#1597,#1598);
#1597 = CARTESIAN_POINT('',(5.1,4.5,0.));
#1598 = VECTOR('',#1599,1.);
#1599 = DIRECTION('',(0.,1.,0.));
#1600 = ORIENTED_EDGE('',*,*,#1601,.F.);
#1601 = EDGE_CURVE('',#1576,#1594,#1602,.T.);
#1602 = LINE('',#1603,#1604);
#1603 = CARTESIAN_POINT('',(4.9,4.5,0.));
#1604 = VECTOR('',#1605,1.);
#1605 = DIRECTION('',(1.,0.,0.));
#1606 = PLANE('',#1607);
#1607 = AXIS2_PLACEMENT_3D('',#1608,#1609,#1610);
#1608 = CARTESIAN_POINT('',(-6.,-3.5,0.));
#1609 = DIRECTION('',(0.,0.,1.));
#1610 = DIRECTION('',(1.,0.,-0.));
#1611 = ADVANCED_FACE('',(#1612),#1637,.F.);
#1612 = FACE_BOUND('',#1613,.F.);
#1613 = EDGE_LOOP('',(#1614,#1624,#1630,#1631));
#1614 = ORIENTED_EDGE('',*,*,#1615,.F.);
#1615 = EDGE_CURVE('',#1616,#1618,#1620,.T.);
#1616 = VERTEX_POINT('',#1617);
#1617 = CARTESIAN_POINT('',(-4.5,-4.5,0.));
#1618 = VERTEX_POINT('',#1619);
#1619 = CARTESIAN_POINT('',(-4.5,-4.5,5.));
#1620 = LINE('',#1621,#1622);
#1621 = CARTESIAN_POINT('',(-4.5,-4.5,0.));
#1622 = VECTOR('',#1623,1.);
#1623 = DIRECTION('',(0.,0.,1.));
#1624 = ORIENTED_EDGE('',*,*,#1625,.T.);
#1625 = EDGE_CURVE('',#1616,#1299,#1626,.T.);
#1626 = LINE('',#1627,#1628);
#1627 = CARTESIAN_POINT('',(-4.5,-4.5,0.));
#1628 = VECTOR('',#1629,1.);
#1629 = DIRECTION('',(0.,1.,0.));
#1630 = ORIENTED_EDGE('',*,*,#1315,.T.);
#1631 = ORIENTED_EDGE('',*,*,#1632,.F.);
#1632 = EDGE_CURVE('',#1618,#1308,#1633,.T.);
#1633 = LINE('',#1634,#1635);
#1634 = CARTESIAN_POINT('',(-4.5,-4.5,5.));
#1635 = VECTOR('',#1636,1.);
#1636 = DIRECTION('',(0.,1.,0.));
#1637 = PLANE('',#1638);
#1638 = AXIS2_PLACEMENT_3D('',#1639,#1640,#1641);
#1639 = CARTESIAN_POINT('',(-4.5,-4.5,0.));
#1640 = DIRECTION('',(1.,0.,0.));
#1641 = DIRECTION('',(0.,0.,1.));
#1642 = ADVANCED_FACE('',(#1643),#1654,.T.);
#1643 = FACE_BOUND('',#1644,.T.);
#1644 = EDGE_LOOP('',(#1645,#1651,#1652,#1653));
#1645 = ORIENTED_EDGE('',*,*,#1646,.F.);
#1646 = EDGE_CURVE('',#1436,#1356,#1647,.T.);
#1647 = LINE('',#1648,#1649);
#1648 = CARTESIAN_POINT('',(6.,-3.5,0.));
#1649 = VECTOR('',#1650,1.);
#1650 = DIRECTION('',(0.,0.,1.));
#1651 = ORIENTED_EDGE('',*,*,#1443,.T.);
#1652 = ORIENTED_EDGE('',*,*,#1395,.T.);
#1653 = ORIENTED_EDGE('',*,*,#1363,.F.);
#1654 = PLANE('',#1655);
#1655 = AXIS2_PLACEMENT_3D('',#1656,#1657,#1658);
#1656 = CARTESIAN_POINT('',(6.,-3.5,0.));
#1657 = DIRECTION('',(1.,0.,0.));
#1658 = DIRECTION('',(0.,0.,1.));
#1659 = ADVANCED_FACE('',(#1660),#1671,.F.);
#1660 = FACE_BOUND('',#1661,.F.);
#1661 = EDGE_LOOP('',(#1662,#1663,#1669,#1670));
#1662 = ORIENTED_EDGE('',*,*,#1435,.F.);
#1663 = ORIENTED_EDGE('',*,*,#1664,.T.);
#1664 = EDGE_CURVE('',#1428,#1348,#1665,.T.);
#1665 = LINE('',#1666,#1667);
#1666 = CARTESIAN_POINT('',(4.5,-3.5,0.));
#1667 = VECTOR('',#1668,1.);
#1668 = DIRECTION('',(0.,0.,1.));
#1669 = ORIENTED_EDGE('',*,*,#1355,.T.);
#1670 = ORIENTED_EDGE('',*,*,#1646,.F.);
#1671 = PLANE('',#1672);
#1672 = AXIS2_PLACEMENT_3D('',#1673,#1674,#1675);
#1673 = CARTESIAN_POINT('',(-6.,-3.5,0.));
#1674 = DIRECTION('',(0.,1.,0.));
#1675 = DIRECTION('',(0.,-0.,1.));
#1676 = ADVANCED_FACE('',(#1677),#1695,.T.);
#1677 = FACE_BOUND('',#1678,.T.);
#1678 = EDGE_LOOP('',(#1679,#1680,#1681,#1689));
#1679 = ORIENTED_EDGE('',*,*,#1331,.F.);
#1680 = ORIENTED_EDGE('',*,*,#1632,.F.);
#1681 = ORIENTED_EDGE('',*,*,#1682,.T.);
#1682 = EDGE_CURVE('',#1618,#1683,#1685,.T.);
#1683 = VERTEX_POINT('',#1684);
#1684 = CARTESIAN_POINT('',(-1.658312395178,-4.5,5.));
#1685 = LINE('',#1686,#1687);
#1686 = CARTESIAN_POINT('',(-4.5,-4.5,5.));
#1687 = VECTOR('',#1688,1.);
#1688 = DIRECTION('',(1.,0.,0.));
#1689 = ORIENTED_EDGE('',*,*,#1690,.F.);
#1690 = EDGE_CURVE('',#1332,#1683,#1691,.T.);
#1691 = LINE('',#1692,#1693);
#1692 = CARTESIAN_POINT('',(-1.658312395178,-3.5,5.));
#1693 = VECTOR('',#1694,1.);
#1694 = DIRECTION('',(0.,-1.,2.2E-16));
#1695 = PLANE('',#1696);
#1696 = AXIS2_PLACEMENT_3D('',#1697,#1698,#1699);
#1697 = CARTESIAN_POINT('',(-4.5,-4.5,5.));
#1698 = DIRECTION('',(0.,0.,1.));
#1699 = DIRECTION('',(1.,0.,-0.));
#1700 = ADVANCED_FACE('',(#1701),#1711,.F.);
#1701 = FACE_BOUND('',#1702,.F.);
#1702 = EDGE_LOOP('',(#1703,#1704));
#1703 = ORIENTED_EDGE('',*,*,#1339,.T.);
#1704 = ORIENTED_EDGE('',*,*,#1705,.T.);
#1705 = EDGE_CURVE('',#1340,#1332,#1706,.T.);
#1706 = CIRCLE('',#1707,3.);
#1707 = AXIS2_PLACEMENT_3D('',#1708,#1709,#1710);
#1708 = CARTESIAN_POINT('',(0.,-3.5,2.5));
#1709 = DIRECTION('',(0.,-1.,0.));
#1710 = DIRECTION('',(1.,0.,0.));
#1711 = PLANE('',#1712);
#1712 = AXIS2_PLACEMENT_3D('',#1713,#1714,#1715);
#1713 = CARTESIAN_POINT('',(0.,-3.5,2.5));
#1714 = DIRECTION('',(0.,-1.,0.));
#1715 = DIRECTION('',(1.,0.,0.));
#1716 = ADVANCED_FACE('',(#1717),#1742,.T.);
#1717 = FACE_BOUND('',#1718,.T.);
#1718 = EDGE_LOOP('',(#1719,#1720,#1728,#1736));
#1719 = ORIENTED_EDGE('',*,*,#1347,.F.);
#1720 = ORIENTED_EDGE('',*,*,#1721,.T.);
#1721 = EDGE_CURVE('',#1340,#1722,#1724,.T.);
#1722 = VERTEX_POINT('',#1723);
#1723 = CARTESIAN_POINT('',(1.658312395178,-4.5,5.));
#1724 = LINE('',#1725,#1726);
#1725 = CARTESIAN_POINT('',(1.658312395178,-3.5,5.));
#1726 = VECTOR('',#1727,1.);
#1727 = DIRECTION('',(0.,-1.,2.2E-16));
#1728 = ORIENTED_EDGE('',*,*,#1729,.T.);
#1729 = EDGE_CURVE('',#1722,#1730,#1732,.T.);
#1730 = VERTEX_POINT('',#1731);
#1731 = CARTESIAN_POINT('',(4.5,-4.5,5.));
#1732 = LINE('',#1733,#1734);
#1733 = CARTESIAN_POINT('',(-4.5,-4.5,5.));
#1734 = VECTOR('',#1735,1.);
#1735 = DIRECTION('',(1.,0.,0.));
#1736 = ORIENTED_EDGE('',*,*,#1737,.T.);
#1737 = EDGE_CURVE('',#1730,#1348,#1738,.T.);
#1738 = LINE('',#1739,#1740);
#1739 = CARTESIAN_POINT('',(4.5,-4.5,5.));
#1740 = VECTOR('',#1741,1.);
#1741 = DIRECTION('',(0.,1.,0.));
#1742 = PLANE('',#1743);
#1743 = AXIS2_PLACEMENT_3D('',#1744,#1745,#1746);
#1744 = CARTESIAN_POINT('',(-4.5,-4.5,5.));
#1745 = DIRECTION('',(0.,0.,1.));
#1746 = DIRECTION('',(1.,0.,-0.));
#1747 = ADVANCED_FACE('',(#1748),#1766,.F.);
#1748 = FACE_BOUND('',#1749,.F.);
#1749 = EDGE_LOOP('',(#1750,#1751,#1752,#1760));
#1750 = ORIENTED_EDGE('',*,*,#1411,.F.);
#1751 = ORIENTED_EDGE('',*,*,#1625,.F.);
#1752 = ORIENTED_EDGE('',*,*,#1753,.T.);
#1753 = EDGE_CURVE('',#1616,#1754,#1756,.T.);
#1754 = VERTEX_POINT('',#1755);
#1755 = CARTESIAN_POINT('',(-1.658312395178,-4.5,0.));
#1756 = LINE('',#1757,#1758);
#1757 = CARTESIAN_POINT('',(-4.5,-4.5,0.));
#1758 = VECTOR('',#1759,1.);
#1759 = DIRECTION('',(1.,0.,0.));
#1760 = ORIENTED_EDGE('',*,*,#1761,.F.);
#1761 = EDGE_CURVE('',#1412,#1754,#1762,.T.);
#1762 = LINE('',#1763,#1764);
#1763 = CARTESIAN_POINT('',(-1.658312395178,-3.5,0.));
#1764 = VECTOR('',#1765,1.);
#1765 = DIRECTION('',(0.,-1.,2.2E-16));
#1766 = PLANE('',#1767);
#1767 = AXIS2_PLACEMENT_3D('',#1768,#1769,#1770);
#1768 = CARTESIAN_POINT('',(-4.5,-4.5,0.));
#1769 = DIRECTION('',(0.,0.,1.));
#1770 = DIRECTION('',(1.,0.,-0.));
#1771 = ADVANCED_FACE('',(#1772),#1782,.F.);
#1772 = FACE_BOUND('',#1773,.F.);
#1773 = EDGE_LOOP('',(#1774,#1781));
#1774 = ORIENTED_EDGE('',*,*,#1775,.T.);
#1775 = EDGE_CURVE('',#1412,#1420,#1776,.T.);
#1776 = CIRCLE('',#1777,3.);
#1777 = AXIS2_PLACEMENT_3D('',#1778,#1779,#1780);
#1778 = CARTESIAN_POINT('',(0.,-3.5,2.5));
#1779 = DIRECTION('',(0.,-1.,0.));
#1780 = DIRECTION('',(1.,0.,0.));
#1781 = ORIENTED_EDGE('',*,*,#1419,.F.);
#1782 = PLANE('',#1783);
#1783 = AXIS2_PLACEMENT_3D('',#1784,#1785,#1786);
#1784 = CARTESIAN_POINT('',(0.,-3.5,2.5));
#1785 = DIRECTION('',(0.,-1.,0.));
#1786 = DIRECTION('',(1.,0.,0.));
#1787 = ADVANCED_FACE('',(#1788),#1813,.F.);
#1788 = FACE_BOUND('',#1789,.F.);
#1789 = EDGE_LOOP('',(#1790,#1791,#1799,#1807));
#1790 = ORIENTED_EDGE('',*,*,#1427,.F.);
#1791 = ORIENTED_EDGE('',*,*,#1792,.T.);
#1792 = EDGE_CURVE('',#1420,#1793,#1795,.T.);
#1793 = VERTEX_POINT('',#1794);
#1794 = CARTESIAN_POINT('',(1.658312395178,-4.5,0.));
#1795 = LINE('',#1796,#1797);
#1796 = CARTESIAN_POINT('',(1.658312395178,-3.5,0.));
#1797 = VECTOR('',#1798,1.);
#1798 = DIRECTION('',(0.,-1.,2.2E-16));
#1799 = ORIENTED_EDGE('',*,*,#1800,.T.);
#1800 = EDGE_CURVE('',#1793,#1801,#1803,.T.);
#1801 = VERTEX_POINT('',#1802);
#1802 = CARTESIAN_POINT('',(4.5,-4.5,0.));
#1803 = LINE('',#1804,#1805);
#1804 = CARTESIAN_POINT('',(-4.5,-4.5,0.));
#1805 = VECTOR('',#1806,1.);
#1806 = DIRECTION('',(1.,0.,0.));
#1807 = ORIENTED_EDGE('',*,*,#1808,.T.);
#1808 = EDGE_CURVE('',#1801,#1428,#1809,.T.);
#1809 = LINE('',#1810,#1811);
#1810 = CARTESIAN_POINT('',(4.5,-4.5,0.));
#1811 = VECTOR('',#1812,1.);
#1812 = DIRECTION('',(0.,1.,0.));
#1813 = PLANE('',#1814);
#1814 = AXIS2_PLACEMENT_3D('',#1815,#1816,#1817);
#1815 = CARTESIAN_POINT('',(-4.5,-4.5,0.));
#1816 = DIRECTION('',(0.,0.,1.));
#1817 = DIRECTION('',(1.,0.,-0.));
#1818 = ADVANCED_FACE('',(#1819),#1838,.T.);
#1819 = FACE_BOUND('',#1820,.T.);
#1820 = EDGE_LOOP('',(#1821,#1822,#1830,#1837));
#1821 = ORIENTED_EDGE('',*,*,#1452,.F.);
#1822 = ORIENTED_EDGE('',*,*,#1823,.F.);
#1823 = EDGE_CURVE('',#1824,#1453,#1826,.T.);
#1824 = VERTEX_POINT('',#1825);
#1825 = CARTESIAN_POINT('',(-4.55,-2.5,-1.));
#1826 = LINE('',#1827,#1828);
#1827 = CARTESIAN_POINT('',(-4.55,-2.5,-1.));
#1828 = VECTOR('',#1829,1.);
#1829 = DIRECTION('',(0.,0.,1.));
#1830 = ORIENTED_EDGE('',*,*,#1831,.T.);
#1831 = EDGE_CURVE('',#1824,#1824,#1832,.T.);
#1832 = CIRCLE('',#1833,0.45);
#1833 = AXIS2_PLACEMENT_3D('',#1834,#1835,#1836);
#1834 = CARTESIAN_POINT('',(-5.,-2.5,-1.));
#1835 = DIRECTION('',(0.,0.,1.));
#1836 = DIRECTION('',(1.,0.,-0.));
#1837 = ORIENTED_EDGE('',*,*,#1823,.T.);
#1838 = CYLINDRICAL_SURFACE('',#1839,0.45);
#1839 = AXIS2_PLACEMENT_3D('',#1840,#1841,#1842);
#1840 = CARTESIAN_POINT('',(-5.,-2.5,-1.));
#1841 = DIRECTION('',(0.,0.,1.));
#1842 = DIRECTION('',(1.,0.,-0.));
#1843 = ADVANCED_FACE('',(#1844),#1863,.T.);
#1844 = FACE_BOUND('',#1845,.T.);
#1845 = EDGE_LOOP('',(#1846,#1847,#1855,#1862));
#1846 = ORIENTED_EDGE('',*,*,#1463,.F.);
#1847 = ORIENTED_EDGE('',*,*,#1848,.F.);
#1848 = EDGE_CURVE('',#1849,#1464,#1851,.T.);
#1849 = VERTEX_POINT('',#1850);
#1850 = CARTESIAN_POINT('',(-4.55,0.,-1.));
#1851 = LINE('',#1852,#1853);
#1852 = CARTESIAN_POINT('',(-4.55,-1.1E-16,-1.));
#1853 = VECTOR('',#1854,1.);
#1854 = DIRECTION('',(0.,0.,1.));
#1855 = ORIENTED_EDGE('',*,*,#1856,.T.);
#1856 = EDGE_CURVE('',#1849,#1849,#1857,.T.);
#1857 = CIRCLE('',#1858,0.45);
#1858 = AXIS2_PLACEMENT_3D('',#1859,#1860,#1861);
#1859 = CARTESIAN_POINT('',(-5.,0.,-1.));
#1860 = DIRECTION('',(0.,0.,1.));
#1861 = DIRECTION('',(1.,0.,-0.));
#1862 = ORIENTED_EDGE('',*,*,#1848,.T.);
#1863 = CYLINDRICAL_SURFACE('',#1864,0.45);
#1864 = AXIS2_PLACEMENT_3D('',#1865,#1866,#1867);
#1865 = CARTESIAN_POINT('',(-5.,0.,-1.));
#1866 = DIRECTION('',(0.,0.,1.));
#1867 = DIRECTION('',(1.,0.,-0.));
#1868 = ADVANCED_FACE('',(#1869),#1888,.T.);
#1869 = FACE_BOUND('',#1870,.T.);
#1870 = EDGE_LOOP('',(#1871,#1872,#1880,#1887));
#1871 = ORIENTED_EDGE('',*,*,#1474,.F.);
#1872 = ORIENTED_EDGE('',*,*,#1873,.F.);
#1873 = EDGE_CURVE('',#1874,#1475,#1876,.T.);
#1874 = VERTEX_POINT('',#1875);
#1875 = CARTESIAN_POINT('',(5.45,-2.5,-1.));
#1876 = LINE('',#1877,#1878);
#1877 = CARTESIAN_POINT('',(5.45,-2.5,-1.));
#1878 = VECTOR('',#1879,1.);
#1879 = DIRECTION('',(0.,0.,1.));
#1880 = ORIENTED_EDGE('',*,*,#1881,.T.);
#1881 = EDGE_CURVE('',#1874,#1874,#1882,.T.);
#1882 = CIRCLE('',#1883,0.45);
#1883 = AXIS2_PLACEMENT_3D('',#1884,#1885,#1886);
#1884 = CARTESIAN_POINT('',(5.,-2.5,-1.));
#1885 = DIRECTION('',(0.,0.,1.));
#1886 = DIRECTION('',(1.,0.,-0.));
#1887 = ORIENTED_EDGE('',*,*,#1873,.T.);
#1888 = CYLINDRICAL_SURFACE('',#1889,0.45);
#1889 = AXIS2_PLACEMENT_3D('',#1890,#1891,#1892);
#1890 = CARTESIAN_POINT('',(5.,-2.5,-1.));
#1891 = DIRECTION('',(0.,0.,1.));
#1892 = DIRECTION('',(1.,0.,-0.));
#1893 = ADVANCED_FACE('',(#1894),#1919,.F.);
#1894 = FACE_BOUND('',#1895,.F.);
#1895 = EDGE_LOOP('',(#1896,#1904,#1912,#1918));
#1896 = ORIENTED_EDGE('',*,*,#1897,.F.);
#1897 = EDGE_CURVE('',#1898,#1486,#1900,.T.);
#1898 = VERTEX_POINT('',#1899);
#1899 = CARTESIAN_POINT('',(-0.5,-0.1,-3.3));
#1900 = LINE('',#1901,#1902);
#1901 = CARTESIAN_POINT('',(-0.5,-0.1,-3.3));
#1902 = VECTOR('',#1903,1.);
#1903 = DIRECTION('',(0.,0.,1.));
#1904 = ORIENTED_EDGE('',*,*,#1905,.T.);
#1905 = EDGE_CURVE('',#1898,#1906,#1908,.T.);
#1906 = VERTEX_POINT('',#1907);
#1907 = CARTESIAN_POINT('',(-0.5,0.1,-3.3));
#1908 = LINE('',#1909,#1910);
#1909 = CARTESIAN_POINT('',(-0.5,-0.1,-3.3));
#1910 = VECTOR('',#1911,1.);
#1911 = DIRECTION('',(0.,1.,0.));
#1912 = ORIENTED_EDGE('',*,*,#1913,.T.);
#1913 = EDGE_CURVE('',#1906,#1488,#1914,.T.);
#1914 = LINE('',#1915,#1916);
#1915 = CARTESIAN_POINT('',(-0.5,0.1,-3.3));
#1916 = VECTOR('',#1917,1.);
#1917 = DIRECTION('',(0.,0.,1.));
#1918 = ORIENTED_EDGE('',*,*,#1485,.F.);
#1919 = PLANE('',#1920);
#1920 = AXIS2_PLACEMENT_3D('',#1921,#1922,#1923);
#1921 = CARTESIAN_POINT('',(-0.5,-0.1,-3.3));
#1922 = DIRECTION('',(1.,0.,0.));
#1923 = DIRECTION('',(0.,0.,1.));
#1924 = ADVANCED_FACE('',(#1925),#1943,.F.);
#1925 = FACE_BOUND('',#1926,.F.);
#1926 = EDGE_LOOP('',(#1927,#1935,#1936,#1937));
#1927 = ORIENTED_EDGE('',*,*,#1928,.F.);
#1928 = EDGE_CURVE('',#1898,#1929,#1931,.T.);
#1929 = VERTEX_POINT('',#1930);
#1930 = CARTESIAN_POINT('',(0.5,-0.1,-3.3));
#1931 = LINE('',#1932,#1933);
#1932 = CARTESIAN_POINT('',(-0.5,-0.1,-3.3));
#1933 = VECTOR('',#1934,1.);
#1934 = DIRECTION('',(1.,0.,0.));
#1935 = ORIENTED_EDGE('',*,*,#1897,.T.);
#1936 = ORIENTED_EDGE('',*,*,#1511,.T.);
#1937 = ORIENTED_EDGE('',*,*,#1938,.F.);
#1938 = EDGE_CURVE('',#1929,#1504,#1939,.T.);
#1939 = LINE('',#1940,#1941);
#1940 = CARTESIAN_POINT('',(0.5,-0.1,-3.3));
#1941 = VECTOR('',#1942,1.);
#1942 = DIRECTION('',(0.,0.,1.));
#1943 = PLANE('',#1944);
#1944 = AXIS2_PLACEMENT_3D('',#1945,#1946,#1947);
#1945 = CARTESIAN_POINT('',(-0.5,-0.1,-3.3));
#1946 = DIRECTION('',(0.,1.,0.));
#1947 = DIRECTION('',(0.,-0.,1.));
#1948 = ADVANCED_FACE('',(#1949),#1967,.T.);
#1949 = FACE_BOUND('',#1950,.T.);
#1950 = EDGE_LOOP('',(#1951,#1952,#1960,#1966));
#1951 = ORIENTED_EDGE('',*,*,#1938,.F.);
#1952 = ORIENTED_EDGE('',*,*,#1953,.T.);
#1953 = EDGE_CURVE('',#1929,#1954,#1956,.T.);
#1954 = VERTEX_POINT('',#1955);
#1955 = CARTESIAN_POINT('',(0.5,0.1,-3.3));
#1956 = LINE('',#1957,#1958);
#1957 = CARTESIAN_POINT('',(0.5,-0.1,-3.3));
#1958 = VECTOR('',#1959,1.);
#1959 = DIRECTION('',(0.,1.,0.));
#1960 = ORIENTED_EDGE('',*,*,#1961,.T.);
#1961 = EDGE_CURVE('',#1954,#1496,#1962,.T.);
#1962 = LINE('',#1963,#1964);
#1963 = CARTESIAN_POINT('',(0.5,0.1,-3.3));
#1964 = VECTOR('',#1965,1.);
#1965 = DIRECTION('',(0.,0.,1.));
#1966 = ORIENTED_EDGE('',*,*,#1503,.F.);
#1967 = PLANE('',#1968);
#1968 = AXIS2_PLACEMENT_3D('',#1969,#1970,#1971);
#1969 = CARTESIAN_POINT('',(0.5,-0.1,-3.3));
#1970 = DIRECTION('',(1.,0.,0.));
#1971 = DIRECTION('',(0.,0.,1.));
#1972 = ADVANCED_FACE('',(#1973),#1984,.T.);
#1973 = FACE_BOUND('',#1974,.T.);
#1974 = EDGE_LOOP('',(#1975,#1981,#1982,#1983));
#1975 = ORIENTED_EDGE('',*,*,#1976,.F.);
#1976 = EDGE_CURVE('',#1906,#1954,#1977,.T.);
#1977 = LINE('',#1978,#1979);
#1978 = CARTESIAN_POINT('',(-0.5,0.1,-3.3));
#1979 = VECTOR('',#1980,1.);
#1980 = DIRECTION('',(1.,0.,0.));
#1981 = ORIENTED_EDGE('',*,*,#1913,.T.);
#1982 = ORIENTED_EDGE('',*,*,#1495,.T.);
#1983 = ORIENTED_EDGE('',*,*,#1961,.F.);
#1984 = PLANE('',#1985);
#1985 = AXIS2_PLACEMENT_3D('',#1986,#1987,#1988);
#1986 = CARTESIAN_POINT('',(-0.5,0.1,-3.3));
#1987 = DIRECTION('',(0.,1.,0.));
#1988 = DIRECTION('',(0.,-0.,1.));
#1989 = ADVANCED_FACE('',(#1990),#2009,.T.);
#1990 = FACE_BOUND('',#1991,.T.);
#1991 = EDGE_LOOP('',(#1992,#1993,#2001,#2008));
#1992 = ORIENTED_EDGE('',*,*,#1519,.F.);
#1993 = ORIENTED_EDGE('',*,*,#1994,.F.);
#1994 = EDGE_CURVE('',#1995,#1520,#1997,.T.);
#1995 = VERTEX_POINT('',#1996);
#1996 = CARTESIAN_POINT('',(5.45,0.,-1.));
#1997 = LINE('',#1998,#1999);
#1998 = CARTESIAN_POINT('',(5.45,-1.1E-16,-1.));
#1999 = VECTOR('',#2000,1.);
#2000 = DIRECTION('',(0.,0.,1.));
#2001 = ORIENTED_EDGE('',*,*,#2002,.T.);
#2002 = EDGE_CURVE('',#1995,#1995,#2003,.T.);
#2003 = CIRCLE('',#2004,0.45);
#2004 = AXIS2_PLACEMENT_3D('',#2005,#2006,#2007);
#2005 = CARTESIAN_POINT('',(5.,0.,-1.));
#2006 = DIRECTION('',(0.,0.,1.));
#2007 = DIRECTION('',(1.,0.,-0.));
#2008 = ORIENTED_EDGE('',*,*,#1994,.T.);
#2009 = CYLINDRICAL_SURFACE('',#2010,0.45);
#2010 = AXIS2_PLACEMENT_3D('',#2011,#2012,#2013);
#2011 = CARTESIAN_POINT('',(5.,0.,-1.));
#2012 = DIRECTION('',(0.,0.,1.));
#2013 = DIRECTION('',(1.,0.,-0.));
#2014 = ADVANCED_FACE('',(#2015),#2040,.F.);
#2015 = FACE_BOUND('',#2016,.F.);
#2016 = EDGE_LOOP('',(#2017,#2025,#2033,#2039));
#2017 = ORIENTED_EDGE('',*,*,#2018,.F.);
#2018 = EDGE_CURVE('',#2019,#1531,#2021,.T.);
#2019 = VERTEX_POINT('',#2020);
#2020 = CARTESIAN_POINT('',(-5.1,4.5,-3.3));
#2021 = LINE('',#2022,#2023);
#2022 = CARTESIAN_POINT('',(-5.1,4.5,-3.3));
#2023 = VECTOR('',#2024,1.);
#2024 = DIRECTION('',(0.,0.,1.));
#2025 = ORIENTED_EDGE('',*,*,#2026,.T.);
#2026 = EDGE_CURVE('',#2019,#2027,#2029,.T.);
#2027 = VERTEX_POINT('',#2028);
#2028 = CARTESIAN_POINT('',(-5.1,5.5,-3.3));
#2029 = LINE('',#2030,#2031);
#2030 = CARTESIAN_POINT('',(-5.1,4.5,-3.3));
#2031 = VECTOR('',#2032,1.);
#2032 = DIRECTION('',(0.,1.,0.));
#2033 = ORIENTED_EDGE('',*,*,#2034,.T.);
#2034 = EDGE_CURVE('',#2027,#1533,#2035,.T.);
#2035 = LINE('',#2036,#2037);
#2036 = CARTESIAN_POINT('',(-5.1,5.5,-3.3));
#2037 = VECTOR('',#2038,1.);
#2038 = DIRECTION('',(0.,0.,1.));
#2039 = ORIENTED_EDGE('',*,*,#1530,.F.);
#2040 = PLANE('',#2041);
#2041 = AXIS2_PLACEMENT_3D('',#2042,#2043,#2044);
#2042 = CARTESIAN_POINT('',(-5.1,4.5,-3.3));
#2043 = DIRECTION('',(1.,0.,0.));
#2044 = DIRECTION('',(0.,0.,1.));
#2045 = ADVANCED_FACE('',(#2046),#2064,.F.);
#2046 = FACE_BOUND('',#2047,.F.);
#2047 = EDGE_LOOP('',(#2048,#2056,#2057,#2058));
#2048 = ORIENTED_EDGE('',*,*,#2049,.F.);
#2049 = EDGE_CURVE('',#2019,#2050,#2052,.T.);
#2050 = VERTEX_POINT('',#2051);
#2051 = CARTESIAN_POINT('',(-4.9,4.5,-3.3));
#2052 = LINE('',#2053,#2054);
#2053 = CARTESIAN_POINT('',(-5.1,4.5,-3.3));
#2054 = VECTOR('',#2055,1.);
#2055 = DIRECTION('',(1.,0.,0.));
#2056 = ORIENTED_EDGE('',*,*,#2018,.T.);
#2057 = ORIENTED_EDGE('',*,*,#1556,.T.);
#2058 = ORIENTED_EDGE('',*,*,#2059,.F.);
#2059 = EDGE_CURVE('',#2050,#1549,#2060,.T.);
#2060 = LINE('',#2061,#2062);
#2061 = CARTESIAN_POINT('',(-4.9,4.5,-3.3));
#2062 = VECTOR('',#2063,1.);
#2063 = DIRECTION('',(0.,0.,1.));
#2064 = PLANE('',#2065);
#2065 = AXIS2_PLACEMENT_3D('',#2066,#2067,#2068);
#2066 = CARTESIAN_POINT('',(-5.1,4.5,-3.3));
#2067 = DIRECTION('',(0.,1.,0.));
#2068 = DIRECTION('',(0.,-0.,1.));
#2069 = ADVANCED_FACE('',(#2070),#2088,.T.);
#2070 = FACE_BOUND('',#2071,.T.);
#2071 = EDGE_LOOP('',(#2072,#2073,#2081,#2087));
#2072 = ORIENTED_EDGE('',*,*,#2059,.F.);
#2073 = ORIENTED_EDGE('',*,*,#2074,.T.);
#2074 = EDGE_CURVE('',#2050,#2075,#2077,.T.);
#2075 = VERTEX_POINT('',#2076);
#2076 = CARTESIAN_POINT('',(-4.9,5.5,-3.3));
#2077 = LINE('',#2078,#2079);
#2078 = CARTESIAN_POINT('',(-4.9,4.5,-3.3));
#2079 = VECTOR('',#2080,1.);
#2080 = DIRECTION('',(0.,1.,0.));
#2081 = ORIENTED_EDGE('',*,*,#2082,.T.);
#2082 = EDGE_CURVE('',#2075,#1541,#2083,.T.);
#2083 = LINE('',#2084,#2085);
#2084 = CARTESIAN_POINT('',(-4.9,5.5,-3.3));
#2085 = VECTOR('',#2086,1.);
#2086 = DIRECTION('',(0.,0.,1.));
#2087 = ORIENTED_EDGE('',*,*,#1548,.F.);
#2088 = PLANE('',#2089);
#2089 = AXIS2_PLACEMENT_3D('',#2090,#2091,#2092);
#2090 = CARTESIAN_POINT('',(-4.9,4.5,-3.3));
#2091 = DIRECTION('',(1.,0.,0.));
#2092 = DIRECTION('',(0.,0.,1.));
#2093 = ADVANCED_FACE('',(#2094),#2105,.T.);
#2094 = FACE_BOUND('',#2095,.T.);
#2095 = EDGE_LOOP('',(#2096,#2102,#2103,#2104));
#2096 = ORIENTED_EDGE('',*,*,#2097,.F.);
#2097 = EDGE_CURVE('',#2027,#2075,#2098,.T.);
#2098 = LINE('',#2099,#2100);
#2099 = CARTESIAN_POINT('',(-5.1,5.5,-3.3));
#2100 = VECTOR('',#2101,1.);
#2101 = DIRECTION('',(1.,0.,0.));
#2102 = ORIENTED_EDGE('',*,*,#2034,.T.);
#2103 = ORIENTED_EDGE('',*,*,#1540,.T.);
#2104 = ORIENTED_EDGE('',*,*,#2082,.F.);
#2105 = PLANE('',#2106);
#2106 = AXIS2_PLACEMENT_3D('',#2107,#2108,#2109);
#2107 = CARTESIAN_POINT('',(-5.1,5.5,-3.3));
#2108 = DIRECTION('',(0.,1.,0.));
#2109 = DIRECTION('',(0.,-0.,1.));
#2110 = ADVANCED_FACE('',(#2111),#2130,.T.);
#2111 = FACE_BOUND('',#2112,.T.);
#2112 = EDGE_LOOP('',(#2113,#2114,#2122,#2129));
#2113 = ORIENTED_EDGE('',*,*,#1564,.F.);
#2114 = ORIENTED_EDGE('',*,*,#2115,.F.);
#2115 = EDGE_CURVE('',#2116,#1565,#2118,.T.);
#2116 = VERTEX_POINT('',#2117);
#2117 = CARTESIAN_POINT('',(0.45,5.,-1.));
#2118 = LINE('',#2119,#2120);
#2119 = CARTESIAN_POINT('',(0.45,5.,-1.));
#2120 = VECTOR('',#2121,1.);
#2121 = DIRECTION('',(0.,0.,1.));
#2122 = ORIENTED_EDGE('',*,*,#2123,.T.);
#2123 = EDGE_CURVE('',#2116,#2116,#2124,.T.);
#2124 = CIRCLE('',#2125,0.45);
#2125 = AXIS2_PLACEMENT_3D('',#2126,#2127,#2128);
#2126 = CARTESIAN_POINT('',(0.,5.,-1.));
#2127 = DIRECTION('',(0.,0.,1.));
#2128 = DIRECTION('',(1.,0.,-0.));
#2129 = ORIENTED_EDGE('',*,*,#2115,.T.);
#2130 = CYLINDRICAL_SURFACE('',#2131,0.45);
#2131 = AXIS2_PLACEMENT_3D('',#2132,#2133,#2134);
#2132 = CARTESIAN_POINT('',(0.,5.,-1.));
#2133 = DIRECTION('',(0.,0.,1.));
#2134 = DIRECTION('',(1.,0.,-0.));
#2135 = ADVANCED_FACE('',(#2136),#2161,.F.);
#2136 = FACE_BOUND('',#2137,.F.);
#2137 = EDGE_LOOP('',(#2138,#2146,#2154,#2160));
#2138 = ORIENTED_EDGE('',*,*,#2139,.F.);
#2139 = EDGE_CURVE('',#2140,#1576,#2142,.T.);
#2140 = VERTEX_POINT('',#2141);
#2141 = CARTESIAN_POINT('',(4.9,4.5,-3.3));
#2142 = LINE('',#2143,#2144);
#2143 = CARTESIAN_POINT('',(4.9,4.5,-3.3));
#2144 = VECTOR('',#2145,1.);
#2145 = DIRECTION('',(0.,0.,1.));
#2146 = ORIENTED_EDGE('',*,*,#2147,.T.);
#2147 = EDGE_CURVE('',#2140,#2148,#2150,.T.);
#2148 = VERTEX_POINT('',#2149);
#2149 = CARTESIAN_POINT('',(4.9,5.5,-3.3));
#2150 = LINE('',#2151,#2152);
#2151 = CARTESIAN_POINT('',(4.9,4.5,-3.3));
#2152 = VECTOR('',#2153,1.);
#2153 = DIRECTION('',(0.,1.,0.));
#2154 = ORIENTED_EDGE('',*,*,#2155,.T.);
#2155 = EDGE_CURVE('',#2148,#1578,#2156,.T.);
#2156 = LINE('',#2157,#2158);
#2157 = CARTESIAN_POINT('',(4.9,5.5,-3.3));
#2158 = VECTOR('',#2159,1.);
#2159 = DIRECTION('',(0.,0.,1.));
#2160 = ORIENTED_EDGE('',*,*,#1575,.F.);
#2161 = PLANE('',#2162);
#2162 = AXIS2_PLACEMENT_3D('',#2163,#2164,#2165);
#2163 = CARTESIAN_POINT('',(4.9,4.5,-3.3));
#2164 = DIRECTION('',(1.,0.,0.));
#2165 = DIRECTION('',(0.,0.,1.));
#2166 = ADVANCED_FACE('',(#2167),#2185,.F.);
#2167 = FACE_BOUND('',#2168,.F.);
#2168 = EDGE_LOOP('',(#2169,#2177,#2178,#2179));
#2169 = ORIENTED_EDGE('',*,*,#2170,.F.);
#2170 = EDGE_CURVE('',#2140,#2171,#2173,.T.);
#2171 = VERTEX_POINT('',#2172);
#2172 = CARTESIAN_POINT('',(5.1,4.5,-3.3));
#2173 = LINE('',#2174,#2175);
#2174 = CARTESIAN_POINT('',(4.9,4.5,-3.3));
#2175 = VECTOR('',#2176,1.);
#2176 = DIRECTION('',(1.,0.,0.));
#2177 = ORIENTED_EDGE('',*,*,#2139,.T.);
#2178 = ORIENTED_EDGE('',*,*,#1601,.T.);
#2179 = ORIENTED_EDGE('',*,*,#2180,.F.);
#2180 = EDGE_CURVE('',#2171,#1594,#2181,.T.);
#2181 = LINE('',#2182,#2183);
#2182 = CARTESIAN_POINT('',(5.1,4.5,-3.3));
#2183 = VECTOR('',#2184,1.);
#2184 = DIRECTION('',(0.,0.,1.));
#2185 = PLANE('',#2186);
#2186 = AXIS2_PLACEMENT_3D('',#2187,#2188,#2189);
#2187 = CARTESIAN_POINT('',(4.9,4.5,-3.3));
#2188 = DIRECTION('',(0.,1.,0.));
#2189 = DIRECTION('',(0.,-0.,1.));
#2190 = ADVANCED_FACE('',(#2191),#2209,.T.);
#2191 = FACE_BOUND('',#2192,.T.);
#2192 = EDGE_LOOP('',(#2193,#2194,#2202,#2208));
#2193 = ORIENTED_EDGE('',*,*,#2180,.F.);
#2194 = ORIENTED_EDGE('',*,*,#2195,.T.);
#2195 = EDGE_CURVE('',#2171,#2196,#2198,.T.);
#2196 = VERTEX_POINT('',#2197);
#2197 = CARTESIAN_POINT('',(5.1,5.5,-3.3));
#2198 = LINE('',#2199,#2200);
#2199 = CARTESIAN_POINT('',(5.1,4.5,-3.3));
#2200 = VECTOR('',#2201,1.);
#2201 = DIRECTION('',(0.,1.,0.));
#2202 = ORIENTED_EDGE('',*,*,#2203,.T.);
#2203 = EDGE_CURVE('',#2196,#1586,#2204,.T.);
#2204 = LINE('',#2205,#2206);
#2205 = CARTESIAN_POINT('',(5.1,5.5,-3.3));
#2206 = VECTOR('',#2207,1.);
#2207 = DIRECTION('',(0.,0.,1.));
#2208 = ORIENTED_EDGE('',*,*,#1593,.F.);
#2209 = PLANE('',#2210);
#2210 = AXIS2_PLACEMENT_3D('',#2211,#2212,#2213);
#2211 = CARTESIAN_POINT('',(5.1,4.5,-3.3));
#2212 = DIRECTION('',(1.,0.,0.));
#2213 = DIRECTION('',(0.,0.,1.));
#2214 = ADVANCED_FACE('',(#2215),#2226,.T.);
#2215 = FACE_BOUND('',#2216,.T.);
#2216 = EDGE_LOOP('',(#2217,#2223,#2224,#2225));
#2217 = ORIENTED_EDGE('',*,*,#2218,.F.);
#2218 = EDGE_CURVE('',#2148,#2196,#2219,.T.);
#2219 = LINE('',#2220,#2221);
#2220 = CARTESIAN_POINT('',(4.9,5.5,-3.3));
#2221 = VECTOR('',#2222,1.);
#2222 = DIRECTION('',(1.,0.,0.));
#2223 = ORIENTED_EDGE('',*,*,#2155,.T.);
#2224 = ORIENTED_EDGE('',*,*,#1585,.T.);
#2225 = ORIENTED_EDGE('',*,*,#2203,.F.);
#2226 = PLANE('',#2227);
#2227 = AXIS2_PLACEMENT_3D('',#2228,#2229,#2230);
#2228 = CARTESIAN_POINT('',(4.9,5.5,-3.3));
#2229 = DIRECTION('',(0.,1.,0.));
#2230 = DIRECTION('',(0.,-0.,1.));
#2231 = ADVANCED_FACE('',(#2232),#2244,.F.);
#2232 = FACE_BOUND('',#2233,.F.);
#2233 = EDGE_LOOP('',(#2234,#2235,#2236,#2237));
#2234 = ORIENTED_EDGE('',*,*,#1753,.F.);
#2235 = ORIENTED_EDGE('',*,*,#1615,.T.);
#2236 = ORIENTED_EDGE('',*,*,#1682,.T.);
#2237 = ORIENTED_EDGE('',*,*,#2238,.T.);
#2238 = EDGE_CURVE('',#1683,#1754,#2239,.T.);
#2239 = CIRCLE('',#2240,3.);
#2240 = AXIS2_PLACEMENT_3D('',#2241,#2242,#2243);
#2241 = CARTESIAN_POINT('',(0.,-4.5,2.5));
#2242 = DIRECTION('',(0.,-1.,2.2E-16));
#2243 = DIRECTION('',(1.,0.,0.));
#2244 = PLANE('',#2245);
#2245 = AXIS2_PLACEMENT_3D('',#2246,#2247,#2248);
#2246 = CARTESIAN_POINT('',(-4.5,-4.5,0.));
#2247 = DIRECTION('',(0.,1.,0.));
#2248 = DIRECTION('',(0.,-0.,1.));
#2249 = ADVANCED_FACE('',(#2250),#2261,.T.);
#2250 = FACE_BOUND('',#2251,.T.);
#2251 = EDGE_LOOP('',(#2252,#2258,#2259,#2260));
#2252 = ORIENTED_EDGE('',*,*,#2253,.F.);
#2253 = EDGE_CURVE('',#1801,#1730,#2254,.T.);
#2254 = LINE('',#2255,#2256);
#2255 = CARTESIAN_POINT('',(4.5,-4.5,0.));
#2256 = VECTOR('',#2257,1.);
#2257 = DIRECTION('',(0.,0.,1.));
#2258 = ORIENTED_EDGE('',*,*,#1808,.T.);
#2259 = ORIENTED_EDGE('',*,*,#1664,.T.);
#2260 = ORIENTED_EDGE('',*,*,#1737,.F.);
#2261 = PLANE('',#2262);
#2262 = AXIS2_PLACEMENT_3D('',#2263,#2264,#2265);
#2263 = CARTESIAN_POINT('',(4.5,-4.5,0.));
#2264 = DIRECTION('',(1.,0.,0.));
#2265 = DIRECTION('',(0.,0.,1.));
#2266 = ADVANCED_FACE('',(#2267),#2308,.T.);
#2267 = FACE_BOUND('',#2268,.T.);
#2268 = EDGE_LOOP('',(#2269,#2278,#2286,#2293,#2294,#2301,#2302,#2303,
    #2304,#2305,#2306,#2307));
#2269 = ORIENTED_EDGE('',*,*,#2270,.T.);
#2270 = EDGE_CURVE('',#1793,#2271,#2273,.T.);
#2271 = VERTEX_POINT('',#2272);
#2272 = CARTESIAN_POINT('',(3.,-4.5,2.5));
#2273 = CIRCLE('',#2274,3.);
#2274 = AXIS2_PLACEMENT_3D('',#2275,#2276,#2277);
#2275 = CARTESIAN_POINT('',(0.,-4.5,2.5));
#2276 = DIRECTION('',(0.,-1.,2.2E-16));
#2277 = DIRECTION('',(1.,0.,0.));
#2278 = ORIENTED_EDGE('',*,*,#2279,.T.);
#2279 = EDGE_CURVE('',#2271,#2280,#2282,.T.);
#2280 = VERTEX_POINT('',#2281);
#2281 = CARTESIAN_POINT('',(3.,-5.5,2.5));
#2282 = LINE('',#2283,#2284);
#2283 = CARTESIAN_POINT('',(3.,-3.5,2.5));
#2284 = VECTOR('',#2285,1.);
#2285 = DIRECTION('',(0.,-1.,0.));
#2286 = ORIENTED_EDGE('',*,*,#2287,.F.);
#2287 = EDGE_CURVE('',#2280,#2280,#2288,.T.);
#2288 = CIRCLE('',#2289,3.);
#2289 = AXIS2_PLACEMENT_3D('',#2290,#2291,#2292);
#2290 = CARTESIAN_POINT('',(0.,-5.5,2.5));
#2291 = DIRECTION('',(0.,-1.,0.));
#2292 = DIRECTION('',(1.,0.,0.));
#2293 = ORIENTED_EDGE('',*,*,#2279,.F.);
#2294 = ORIENTED_EDGE('',*,*,#2295,.T.);
#2295 = EDGE_CURVE('',#2271,#1722,#2296,.T.);
#2296 = CIRCLE('',#2297,3.);
#2297 = AXIS2_PLACEMENT_3D('',#2298,#2299,#2300);
#2298 = CARTESIAN_POINT('',(0.,-4.5,2.5));
#2299 = DIRECTION('',(0.,-1.,2.2E-16));
#2300 = DIRECTION('',(1.,0.,0.));
#2301 = ORIENTED_EDGE('',*,*,#1721,.F.);
#2302 = ORIENTED_EDGE('',*,*,#1705,.T.);
#2303 = ORIENTED_EDGE('',*,*,#1690,.T.);
#2304 = ORIENTED_EDGE('',*,*,#2238,.T.);
#2305 = ORIENTED_EDGE('',*,*,#1761,.F.);
#2306 = ORIENTED_EDGE('',*,*,#1775,.T.);
#2307 = ORIENTED_EDGE('',*,*,#1792,.T.);
#2308 = CYLINDRICAL_SURFACE('',#2309,3.);
#2309 = AXIS2_PLACEMENT_3D('',#2310,#2311,#2312);
#2310 = CARTESIAN_POINT('',(0.,-3.5,2.5));
#2311 = DIRECTION('',(0.,-1.,0.));
#2312 = DIRECTION('',(1.,0.,0.));
#2313 = ADVANCED_FACE('',(#2314),#2321,.F.);
#2314 = FACE_BOUND('',#2315,.F.);
#2315 = EDGE_LOOP('',(#2316,#2317,#2318,#2319,#2320));
#2316 = ORIENTED_EDGE('',*,*,#1800,.F.);
#2317 = ORIENTED_EDGE('',*,*,#2270,.T.);
#2318 = ORIENTED_EDGE('',*,*,#2295,.T.);
#2319 = ORIENTED_EDGE('',*,*,#1729,.T.);
#2320 = ORIENTED_EDGE('',*,*,#2253,.F.);
#2321 = PLANE('',#2322);
#2322 = AXIS2_PLACEMENT_3D('',#2323,#2324,#2325);
#2323 = CARTESIAN_POINT('',(-4.5,-4.5,0.));
#2324 = DIRECTION('',(0.,1.,0.));
#2325 = DIRECTION('',(0.,-0.,1.));
#2326 = ADVANCED_FACE('',(#2327),#2330,.F.);
#2327 = FACE_BOUND('',#2328,.T.);
#2328 = EDGE_LOOP('',(#2329));
#2329 = ORIENTED_EDGE('',*,*,#1831,.F.);
#2330 = PLANE('',#2331);
#2331 = AXIS2_PLACEMENT_3D('',#2332,#2333,#2334);
#2332 = CARTESIAN_POINT('',(-5.,-2.5,-1.));
#2333 = DIRECTION('',(0.,0.,1.));
#2334 = DIRECTION('',(1.,0.,-0.));
#2335 = ADVANCED_FACE('',(#2336),#2339,.F.);
#2336 = FACE_BOUND('',#2337,.T.);
#2337 = EDGE_LOOP('',(#2338));
#2338 = ORIENTED_EDGE('',*,*,#1856,.F.);
#2339 = PLANE('',#2340);
#2340 = AXIS2_PLACEMENT_3D('',#2341,#2342,#2343);
#2341 = CARTESIAN_POINT('',(-5.,0.,-1.));
#2342 = DIRECTION('',(0.,0.,1.));
#2343 = DIRECTION('',(1.,0.,-0.));
#2344 = ADVANCED_FACE('',(#2345),#2348,.F.);
#2345 = FACE_BOUND('',#2346,.T.);
#2346 = EDGE_LOOP('',(#2347));
#2347 = ORIENTED_EDGE('',*,*,#1881,.F.);
#2348 = PLANE('',#2349);
#2349 = AXIS2_PLACEMENT_3D('',#2350,#2351,#2352);
#2350 = CARTESIAN_POINT('',(5.,-2.5,-1.));
#2351 = DIRECTION('',(0.,0.,1.));
#2352 = DIRECTION('',(1.,0.,-0.));
#2353 = ADVANCED_FACE('',(#2354),#2360,.F.);
#2354 = FACE_BOUND('',#2355,.F.);
#2355 = EDGE_LOOP('',(#2356,#2357,#2358,#2359));
#2356 = ORIENTED_EDGE('',*,*,#1905,.F.);
#2357 = ORIENTED_EDGE('',*,*,#1928,.T.);
#2358 = ORIENTED_EDGE('',*,*,#1953,.T.);
#2359 = ORIENTED_EDGE('',*,*,#1976,.F.);
#2360 = PLANE('',#2361);
#2361 = AXIS2_PLACEMENT_3D('',#2362,#2363,#2364);
#2362 = CARTESIAN_POINT('',(-0.5,-0.1,-3.3));
#2363 = DIRECTION('',(0.,0.,1.));
#2364 = DIRECTION('',(1.,0.,-0.));
#2365 = ADVANCED_FACE('',(#2366),#2369,.F.);
#2366 = FACE_BOUND('',#2367,.T.);
#2367 = EDGE_LOOP('',(#2368));
#2368 = ORIENTED_EDGE('',*,*,#2002,.F.);
#2369 = PLANE('',#2370);
#2370 = AXIS2_PLACEMENT_3D('',#2371,#2372,#2373);
#2371 = CARTESIAN_POINT('',(5.,0.,-1.));
#2372 = DIRECTION('',(0.,0.,1.));
#2373 = DIRECTION('',(1.,0.,-0.));
#2374 = ADVANCED_FACE('',(#2375),#2381,.F.);
#2375 = FACE_BOUND('',#2376,.F.);
#2376 = EDGE_LOOP('',(#2377,#2378,#2379,#2380));
#2377 = ORIENTED_EDGE('',*,*,#2026,.F.);
#2378 = ORIENTED_EDGE('',*,*,#2049,.T.);
#2379 = ORIENTED_EDGE('',*,*,#2074,.T.);
#2380 = ORIENTED_EDGE('',*,*,#2097,.F.);
#2381 = PLANE('',#2382);
#2382 = AXIS2_PLACEMENT_3D('',#2383,#2384,#2385);
#2383 = CARTESIAN_POINT('',(-5.1,4.5,-3.3));
#2384 = DIRECTION('',(0.,0.,1.));
#2385 = DIRECTION('',(1.,0.,-0.));
#2386 = ADVANCED_FACE('',(#2387),#2390,.F.);
#2387 = FACE_BOUND('',#2388,.T.);
#2388 = EDGE_LOOP('',(#2389));
#2389 = ORIENTED_EDGE('',*,*,#2123,.F.);
#2390 = PLANE('',#2391);
#2391 = AXIS2_PLACEMENT_3D('',#2392,#2393,#2394);
#2392 = CARTESIAN_POINT('',(0.,5.,-1.));
#2393 = DIRECTION('',(0.,0.,1.));
#2394 = DIRECTION('',(1.,0.,-0.));
#2395 = ADVANCED_FACE('',(#2396),#2402,.F.);
#2396 = FACE_BOUND('',#2397,.F.);
#2397 = EDGE_LOOP('',(#2398,#2399,#2400,#2401));
#2398 = ORIENTED_EDGE('',*,*,#2147,.F.);
#2399 = ORIENTED_EDGE('',*,*,#2170,.T.);
#2400 = ORIENTED_EDGE('',*,*,#2195,.T.);
#2401 = ORIENTED_EDGE('',*,*,#2218,.F.);
#2402 = PLANE('',#2403);
#2403 = AXIS2_PLACEMENT_3D('',#2404,#2405,#2406);
#2404 = CARTESIAN_POINT('',(4.9,4.5,-3.3));
#2405 = DIRECTION('',(0.,0.,1.));
#2406 = DIRECTION('',(1.,0.,-0.));
#2407 = ADVANCED_FACE('',(#2408),#2427,.T.);
#2408 = FACE_BOUND('',#2409,.T.);
#2409 = EDGE_LOOP('',(#2410,#2419,#2425,#2426));
#2410 = ORIENTED_EDGE('',*,*,#2411,.F.);
#2411 = EDGE_CURVE('',#2412,#2412,#2414,.T.);
#2412 = VERTEX_POINT('',#2413);
#2413 = CARTESIAN_POINT('',(3.,-6.8,2.5));
#2414 = CIRCLE('',#2415,3.);
#2415 = AXIS2_PLACEMENT_3D('',#2416,#2417,#2418);
#2416 = CARTESIAN_POINT('',(0.,-6.8,2.5));
#2417 = DIRECTION('',(0.,-1.,0.));
#2418 = DIRECTION('',(1.,0.,0.));
#2419 = ORIENTED_EDGE('',*,*,#2420,.F.);
#2420 = EDGE_CURVE('',#2280,#2412,#2421,.T.);
#2421 = LINE('',#2422,#2423);
#2422 = CARTESIAN_POINT('',(3.,-5.5,2.5));
#2423 = VECTOR('',#2424,1.);
#2424 = DIRECTION('',(0.,-1.,0.));
#2425 = ORIENTED_EDGE('',*,*,#2287,.T.);
#2426 = ORIENTED_EDGE('',*,*,#2420,.T.);
#2427 = CYLINDRICAL_SURFACE('',#2428,3.);
#2428 = AXIS2_PLACEMENT_3D('',#2429,#2430,#2431);
#2429 = CARTESIAN_POINT('',(0.,-5.5,2.5));
#2430 = DIRECTION('',(0.,-1.,0.));
#2431 = DIRECTION('',(1.,0.,0.));
#2432 = ADVANCED_FACE('',(#2433,#2444),#2447,.T.);
#2433 = FACE_BOUND('',#2434,.T.);
#2434 = EDGE_LOOP('',(#2435));
#2435 = ORIENTED_EDGE('',*,*,#2436,.F.);
#2436 = EDGE_CURVE('',#2437,#2437,#2439,.T.);
#2437 = VERTEX_POINT('',#2438);
#2438 = CARTESIAN_POINT('',(2.15,-6.8,2.5));
#2439 = CIRCLE('',#2440,2.15);
#2440 = AXIS2_PLACEMENT_3D('',#2441,#2442,#2443);
#2441 = CARTESIAN_POINT('',(0.,-6.8,2.5));
#2442 = DIRECTION('',(0.,-1.,2.2E-16));
#2443 = DIRECTION('',(1.,0.,0.));
#2444 = FACE_BOUND('',#2445,.T.);
#2445 = EDGE_LOOP('',(#2446));
#2446 = ORIENTED_EDGE('',*,*,#2411,.T.);
#2447 = PLANE('',#2448);
#2448 = AXIS2_PLACEMENT_3D('',#2449,#2450,#2451);
#2449 = CARTESIAN_POINT('',(0.,-6.8,2.5));
#2450 = DIRECTION('',(0.,-1.,0.));
#2451 = DIRECTION('',(1.,0.,0.));
#2452 = ADVANCED_FACE('',(#2453),#2472,.F.);
#2453 = FACE_BOUND('',#2454,.F.);
#2454 = EDGE_LOOP('',(#2455,#2464,#2470,#2471));
#2455 = ORIENTED_EDGE('',*,*,#2456,.T.);
#2456 = EDGE_CURVE('',#2457,#2457,#2459,.T.);
#2457 = VERTEX_POINT('',#2458);
#2458 = CARTESIAN_POINT('',(1.75,-6.4,2.5));
#2459 = CIRCLE('',#2460,1.75);
#2460 = AXIS2_PLACEMENT_3D('',#2461,#2462,#2463);
#2461 = CARTESIAN_POINT('',(0.,-6.4,2.5));
#2462 = DIRECTION('',(0.,-1.,2.2E-16));
#2463 = DIRECTION('',(1.,0.,0.));
#2464 = ORIENTED_EDGE('',*,*,#2465,.F.);
#2465 = EDGE_CURVE('',#2437,#2457,#2466,.T.);
#2466 = LINE('',#2467,#2468);
#2467 = CARTESIAN_POINT('',(1.75,-6.4,2.5));
#2468 = VECTOR('',#2469,1.);
#2469 = DIRECTION('',(-0.707106781187,0.707106781187,-1.599999999999E-16
    ));
#2470 = ORIENTED_EDGE('',*,*,#2436,.F.);
#2471 = ORIENTED_EDGE('',*,*,#2465,.T.);
#2472 = CONICAL_SURFACE('',#2473,1.75,0.785398163397);
#2473 = AXIS2_PLACEMENT_3D('',#2474,#2475,#2476);
#2474 = CARTESIAN_POINT('',(0.,-6.4,2.5));
#2475 = DIRECTION('',(0.,-1.,2.2E-16));
#2476 = DIRECTION('',(1.,0.,0.));
#2477 = ADVANCED_FACE('',(#2478),#2497,.F.);
#2478 = FACE_BOUND('',#2479,.F.);
#2479 = EDGE_LOOP('',(#2480,#2488,#2489,#2490));
#2480 = ORIENTED_EDGE('',*,*,#2481,.T.);
#2481 = EDGE_CURVE('',#2482,#2457,#2484,.T.);
#2482 = VERTEX_POINT('',#2483);
#2483 = CARTESIAN_POINT('',(1.75,-5.5,2.5));
#2484 = LINE('',#2485,#2486);
#2485 = CARTESIAN_POINT('',(1.75,2.5,2.5));
#2486 = VECTOR('',#2487,1.);
#2487 = DIRECTION('',(0.,-1.,0.));
#2488 = ORIENTED_EDGE('',*,*,#2456,.F.);
#2489 = ORIENTED_EDGE('',*,*,#2481,.F.);
#2490 = ORIENTED_EDGE('',*,*,#2491,.T.);
#2491 = EDGE_CURVE('',#2482,#2482,#2492,.T.);
#2492 = CIRCLE('',#2493,1.75);
#2493 = AXIS2_PLACEMENT_3D('',#2494,#2495,#2496);
#2494 = CARTESIAN_POINT('',(0.,-5.5,2.5));
#2495 = DIRECTION('',(0.,-1.,2.2E-16));
#2496 = DIRECTION('',(1.,0.,0.));
#2497 = CYLINDRICAL_SURFACE('',#2498,1.75);
#2498 = AXIS2_PLACEMENT_3D('',#2499,#2500,#2501);
#2499 = CARTESIAN_POINT('',(0.,2.5,2.5));
#2500 = DIRECTION('',(0.,-1.,0.));
#2501 = DIRECTION('',(1.,0.,0.));
#2502 = ADVANCED_FACE('',(#2503),#2522,.F.);
#2503 = FACE_BOUND('',#2504,.F.);
#2504 = EDGE_LOOP('',(#2505,#2506,#2514,#2521));
#2505 = ORIENTED_EDGE('',*,*,#2491,.F.);
#2506 = ORIENTED_EDGE('',*,*,#2507,.F.);
#2507 = EDGE_CURVE('',#2508,#2482,#2510,.T.);
#2508 = VERTEX_POINT('',#2509);
#2509 = CARTESIAN_POINT('',(1.75,2.5,2.5));
#2510 = LINE('',#2511,#2512);
#2511 = CARTESIAN_POINT('',(1.75,2.5,2.5));
#2512 = VECTOR('',#2513,1.);
#2513 = DIRECTION('',(0.,-1.,0.));
#2514 = ORIENTED_EDGE('',*,*,#2515,.T.);
#2515 = EDGE_CURVE('',#2508,#2508,#2516,.T.);
#2516 = CIRCLE('',#2517,1.75);
#2517 = AXIS2_PLACEMENT_3D('',#2518,#2519,#2520);
#2518 = CARTESIAN_POINT('',(0.,2.5,2.5));
#2519 = DIRECTION('',(0.,-1.,0.));
#2520 = DIRECTION('',(1.,0.,0.));
#2521 = ORIENTED_EDGE('',*,*,#2507,.T.);
#2522 = CYLINDRICAL_SURFACE('',#2523,1.75);
#2523 = AXIS2_PLACEMENT_3D('',#2524,#2525,#2526);
#2524 = CARTESIAN_POINT('',(0.,2.5,2.5));
#2525 = DIRECTION('',(0.,-1.,0.));
#2526 = DIRECTION('',(1.,0.,0.));
#2527 = ADVANCED_FACE('',(#2528),#2531,.T.);
#2528 = FACE_BOUND('',#2529,.F.);
#2529 = EDGE_LOOP('',(#2530));
#2530 = ORIENTED_EDGE('',*,*,#2515,.F.);
#2531 = PLANE('',#2532);
#2532 = AXIS2_PLACEMENT_3D('',#2533,#2534,#2535);
#2533 = CARTESIAN_POINT('',(0.,2.5,2.5));
#2534 = DIRECTION('',(0.,-1.,0.));
#2535 = DIRECTION('',(1.,0.,0.));
#2536 = ( GEOMETRIC_REPRESENTATION_CONTEXT(3) 
GLOBAL_UNCERTAINTY_ASSIGNED_CONTEXT((#2540)) 
GLOBAL_UNIT_ASSIGNED_CONTEXT((#2537,#2538,#2539)) REPRESENTATION_CONTEXT
('Context #1','3D Context with UNIT and UNCERTAINTY') );
#2537 = ( LENGTH_UNIT() NAMED_UNIT(*) SI_UNIT(.MILLI.,.METRE.) );
#2538 = ( NAMED_UNIT(*) PLANE_ANGLE_UNIT() SI_UNIT($,.RADIAN.) );
#2539 = ( NAMED_UNIT(*) SI_UNIT($,.STERADIAN.) SOLID_ANGLE_UNIT() );
#2540 = UNCERTAINTY_MEASURE_WITH_UNIT(LENGTH_MEASURE(1.E-07),#2537,
  'distance_accuracy_value','confusion accuracy');
#2541 = CONTEXT_DEPENDENT_SHAPE_REPRESENTATION(#2542,#2544);
#2542 = ( REPRESENTATION_RELATIONSHIP('','',#1251,#10) 
REPRESENTATION_RELATIONSHIP_WITH_TRANSFORMATION(#2543) 
SHAPE_REPRESENTATION_RELATIONSHIP() );
#2543 = ITEM_DEFINED_TRANSFORMATION('','',#11,#23);
#2544 = PRODUCT_DEFINITION_SHAPE('Placement','Placement of an item',
  #2545);
#2545 = NEXT_ASSEMBLY_USAGE_OCCURRENCE('3','J1','',#5,#1246,$);
#2546 = PRODUCT_RELATED_PRODUCT_CATEGORY('part',$,(#1248));
#2547 = SHAPE_DEFINITION_REPRESENTATION(#2548,#2554);
#2548 = PRODUCT_DEFINITION_SHAPE('','',#2549);
#2549 = PRODUCT_DEFINITION('design','',#2550,#2553);
#2550 = PRODUCT_DEFINITION_FORMATION('','',#2551);
#2551 = PRODUCT('TO-92_Inline_Wide','TO-92_Inline_Wide','',(#2552));
#2552 = PRODUCT_CONTEXT('',#2,'mechanical');
#2553 = PRODUCT_DEFINITION_CONTEXT('part definition',#2,'design');
#2554 = ADVANCED_BREP_SHAPE_REPRESENTATION('',(#11,#2555),#3331);
#2555 = MANIFOLD_SOLID_BREP('',#2556);
#2556 = CLOSED_SHELL('',(#2557,#2597,#2621,#2733,#2743,#2774,#2798,#2822
    ,#2839,#2870,#2926,#2950,#2999,#3030,#3086,#3110,#3159,#3171,#3188,
    #3205,#3222,#3239,#3251,#3268,#3285,#3302,#3319));
#2557 = ADVANCED_FACE('',(#2558),#2592,.F.);
#2558 = FACE_BOUND('',#2559,.F.);
#2559 = EDGE_LOOP('',(#2560,#2570,#2578,#2586));
#2560 = ORIENTED_EDGE('',*,*,#2561,.T.);
#2561 = EDGE_CURVE('',#2562,#2564,#2566,.T.);
#2562 = VERTEX_POINT('',#2563);
#2563 = CARTESIAN_POINT('',(0.524230916003,-1.33,2.5));
#2564 = VERTEX_POINT('',#2565);
#2565 = CARTESIAN_POINT('',(0.524230916003,-1.33,7.3));
#2566 = LINE('',#2567,#2568);
#2567 = CARTESIAN_POINT('',(0.524230916003,-1.33,2.5));
#2568 = VECTOR('',#2569,1.);
#2569 = DIRECTION('',(0.,0.,1.));
#2570 = ORIENTED_EDGE('',*,*,#2571,.T.);
#2571 = EDGE_CURVE('',#2564,#2572,#2574,.T.);
#2572 = VERTEX_POINT('',#2573);
#2573 = CARTESIAN_POINT('',(4.555769083998,-1.33,7.3));
#2574 = LINE('',#2575,#2576);
#2575 = CARTESIAN_POINT('',(0.524230916003,-1.33,7.3));
#2576 = VECTOR('',#2577,1.);
#2577 = DIRECTION('',(1.,0.,0.));
#2578 = ORIENTED_EDGE('',*,*,#2579,.F.);
#2579 = EDGE_CURVE('',#2580,#2572,#2582,.T.);
#2580 = VERTEX_POINT('',#2581);
#2581 = CARTESIAN_POINT('',(4.555769083998,-1.33,2.5));
#2582 = LINE('',#2583,#2584);
#2583 = CARTESIAN_POINT('',(4.555769083998,-1.33,2.5));
#2584 = VECTOR('',#2585,1.);
#2585 = DIRECTION('',(0.,0.,1.));
#2586 = ORIENTED_EDGE('',*,*,#2587,.F.);
#2587 = EDGE_CURVE('',#2562,#2580,#2588,.T.);
#2588 = LINE('',#2589,#2590);
#2589 = CARTESIAN_POINT('',(0.524230916003,-1.33,2.5));
#2590 = VECTOR('',#2591,1.);
#2591 = DIRECTION('',(1.,0.,0.));
#2592 = PLANE('',#2593);
#2593 = AXIS2_PLACEMENT_3D('',#2594,#2595,#2596);
#2594 = CARTESIAN_POINT('',(0.524230916003,-1.33,2.5));
#2595 = DIRECTION('',(0.,1.,0.));
#2596 = DIRECTION('',(1.,0.,0.));
#2597 = ADVANCED_FACE('',(#2598),#2616,.T.);
#2598 = FACE_BOUND('',#2599,.T.);
#2599 = EDGE_LOOP('',(#2600,#2607,#2608,#2615));
#2600 = ORIENTED_EDGE('',*,*,#2601,.T.);
#2601 = EDGE_CURVE('',#2580,#2562,#2602,.T.);
#2602 = CIRCLE('',#2603,2.415);
#2603 = AXIS2_PLACEMENT_3D('',#2604,#2605,#2606);
#2604 = CARTESIAN_POINT('',(2.54,0.,2.5));
#2605 = DIRECTION('',(0.,0.,1.));
#2606 = DIRECTION('',(1.,0.,-0.));
#2607 = ORIENTED_EDGE('',*,*,#2561,.T.);
#2608 = ORIENTED_EDGE('',*,*,#2609,.F.);
#2609 = EDGE_CURVE('',#2572,#2564,#2610,.T.);
#2610 = CIRCLE('',#2611,2.415);
#2611 = AXIS2_PLACEMENT_3D('',#2612,#2613,#2614);
#2612 = CARTESIAN_POINT('',(2.54,0.,7.3));
#2613 = DIRECTION('',(0.,0.,1.));
#2614 = DIRECTION('',(1.,0.,-0.));
#2615 = ORIENTED_EDGE('',*,*,#2579,.F.);
#2616 = CYLINDRICAL_SURFACE('',#2617,2.415);
#2617 = AXIS2_PLACEMENT_3D('',#2618,#2619,#2620);
#2618 = CARTESIAN_POINT('',(2.54,0.,2.5));
#2619 = DIRECTION('',(-0.,-0.,-1.));
#2620 = DIRECTION('',(1.,0.,0.));
#2621 = ADVANCED_FACE('',(#2622,#2626,#2660,#2694),#2728,.T.);
#2622 = FACE_BOUND('',#2623,.T.);
#2623 = EDGE_LOOP('',(#2624,#2625));
#2624 = ORIENTED_EDGE('',*,*,#2587,.F.);
#2625 = ORIENTED_EDGE('',*,*,#2601,.F.);
#2626 = FACE_BOUND('',#2627,.T.);
#2627 = EDGE_LOOP('',(#2628,#2638,#2646,#2654));
#2628 = ORIENTED_EDGE('',*,*,#2629,.F.);
#2629 = EDGE_CURVE('',#2630,#2632,#2634,.T.);
#2630 = VERTEX_POINT('',#2631);
#2631 = CARTESIAN_POINT('',(2.79,0.19,2.5));
#2632 = VERTEX_POINT('',#2633);
#2633 = CARTESIAN_POINT('',(2.79,-0.19,2.5));
#2634 = LINE('',#2635,#2636);
#2635 = CARTESIAN_POINT('',(2.79,-0.57,2.5));
#2636 = VECTOR('',#2637,1.);
#2637 = DIRECTION('',(0.,-1.,0.));
#2638 = ORIENTED_EDGE('',*,*,#2639,.T.);
#2639 = EDGE_CURVE('',#2630,#2640,#2642,.T.);
#2640 = VERTEX_POINT('',#2641);
#2641 = CARTESIAN_POINT('',(2.29,0.19,2.5));
#2642 = LINE('',#2643,#2644);
#2643 = CARTESIAN_POINT('',(1.407115458001,0.19,2.5));
#2644 = VECTOR('',#2645,1.);
#2645 = DIRECTION('',(-1.,-0.,-0.));
#2646 = ORIENTED_EDGE('',*,*,#2647,.F.);
#2647 = EDGE_CURVE('',#2648,#2640,#2650,.T.);
#2648 = VERTEX_POINT('',#2649);
#2649 = CARTESIAN_POINT('',(2.29,-0.19,2.5));
#2650 = LINE('',#2651,#2652);
#2651 = CARTESIAN_POINT('',(2.29,-0.57,2.5));
#2652 = VECTOR('',#2653,1.);
#2653 = DIRECTION('',(0.,1.,0.));
#2654 = ORIENTED_EDGE('',*,*,#2655,.F.);
#2655 = EDGE_CURVE('',#2632,#2648,#2656,.T.);
#2656 = LINE('',#2657,#2658);
#2657 = CARTESIAN_POINT('',(1.407115458001,-0.19,2.5));
#2658 = VECTOR('',#2659,1.);
#2659 = DIRECTION('',(-1.,-0.,-0.));
#2660 = FACE_BOUND('',#2661,.T.);
#2661 = EDGE_LOOP('',(#2662,#2672,#2680,#2688));
#2662 = ORIENTED_EDGE('',*,*,#2663,.F.);
#2663 = EDGE_CURVE('',#2664,#2666,#2668,.T.);
#2664 = VERTEX_POINT('',#2665);
#2665 = CARTESIAN_POINT('',(4.06,0.19,2.5));
#2666 = VERTEX_POINT('',#2667);
#2667 = CARTESIAN_POINT('',(4.06,-0.19,2.5));
#2668 = LINE('',#2669,#2670);
#2669 = CARTESIAN_POINT('',(4.06,-0.57,2.5));
#2670 = VECTOR('',#2671,1.);
#2671 = DIRECTION('',(0.,-1.,0.));
#2672 = ORIENTED_EDGE('',*,*,#2673,.T.);
#2673 = EDGE_CURVE('',#2664,#2674,#2676,.T.);
#2674 = VERTEX_POINT('',#2675);
#2675 = CARTESIAN_POINT('',(3.56,0.19,2.5));
#2676 = LINE('',#2677,#2678);
#2677 = CARTESIAN_POINT('',(2.927115458001,0.19,2.5));
#2678 = VECTOR('',#2679,1.);
#2679 = DIRECTION('',(-1.,-0.,-0.));
#2680 = ORIENTED_EDGE('',*,*,#2681,.F.);
#2681 = EDGE_CURVE('',#2682,#2674,#2684,.T.);
#2682 = VERTEX_POINT('',#2683);
#2683 = CARTESIAN_POINT('',(3.56,-0.19,2.5));
#2684 = LINE('',#2685,#2686);
#2685 = CARTESIAN_POINT('',(3.56,-0.57,2.5));
#2686 = VECTOR('',#2687,1.);
#2687 = DIRECTION('',(0.,1.,0.));
#2688 = ORIENTED_EDGE('',*,*,#2689,.F.);
#2689 = EDGE_CURVE('',#2666,#2682,#2690,.T.);
#2690 = LINE('',#2691,#2692);
#2691 = CARTESIAN_POINT('',(2.927115458001,-0.19,2.5));
#2692 = VECTOR('',#2693,1.);
#2693 = DIRECTION('',(-1.,-0.,-0.));
#2694 = FACE_BOUND('',#2695,.T.);
#2695 = EDGE_LOOP('',(#2696,#2706,#2714,#2722));
#2696 = ORIENTED_EDGE('',*,*,#2697,.F.);
#2697 = EDGE_CURVE('',#2698,#2700,#2702,.T.);
#2698 = VERTEX_POINT('',#2699);
#2699 = CARTESIAN_POINT('',(1.52,0.19,2.5));
#2700 = VERTEX_POINT('',#2701);
#2701 = CARTESIAN_POINT('',(1.52,-0.19,2.5));
#2702 = LINE('',#2703,#2704);
#2703 = CARTESIAN_POINT('',(1.52,-0.57,2.5));
#2704 = VECTOR('',#2705,1.);
#2705 = DIRECTION('',(0.,-1.,0.));
#2706 = ORIENTED_EDGE('',*,*,#2707,.T.);
#2707 = EDGE_CURVE('',#2698,#2708,#2710,.T.);
#2708 = VERTEX_POINT('',#2709);
#2709 = CARTESIAN_POINT('',(1.02,0.19,2.5));
#2710 = LINE('',#2711,#2712);
#2711 = CARTESIAN_POINT('',(0.387115458001,0.19,2.5));
#2712 = VECTOR('',#2713,1.);
#2713 = DIRECTION('',(-1.,-0.,-0.));
#2714 = ORIENTED_EDGE('',*,*,#2715,.F.);
#2715 = EDGE_CURVE('',#2716,#2708,#2718,.T.);
#2716 = VERTEX_POINT('',#2717);
#2717 = CARTESIAN_POINT('',(1.02,-0.19,2.5));
#2718 = LINE('',#2719,#2720);
#2719 = CARTESIAN_POINT('',(1.02,-0.57,2.5));
#2720 = VECTOR('',#2721,1.);
#2721 = DIRECTION('',(0.,1.,0.));
#2722 = ORIENTED_EDGE('',*,*,#2723,.F.);
#2723 = EDGE_CURVE('',#2700,#2716,#2724,.T.);
#2724 = LINE('',#2725,#2726);
#2725 = CARTESIAN_POINT('',(0.387115458001,-0.19,2.5));
#2726 = VECTOR('',#2727,1.);
#2727 = DIRECTION('',(-1.,-0.,-0.));
#2728 = PLANE('',#2729);
#2729 = AXIS2_PLACEMENT_3D('',#2730,#2731,#2732);
#2730 = CARTESIAN_POINT('',(0.524230916003,-1.33,2.5));
#2731 = DIRECTION('',(0.,0.,-1.));
#2732 = DIRECTION('',(-1.,0.,0.));
#2733 = ADVANCED_FACE('',(#2734),#2738,.F.);
#2734 = FACE_BOUND('',#2735,.T.);
#2735 = EDGE_LOOP('',(#2736,#2737));
#2736 = ORIENTED_EDGE('',*,*,#2571,.T.);
#2737 = ORIENTED_EDGE('',*,*,#2609,.T.);
#2738 = PLANE('',#2739);
#2739 = AXIS2_PLACEMENT_3D('',#2740,#2741,#2742);
#2740 = CARTESIAN_POINT('',(0.524230916003,-1.33,7.3));
#2741 = DIRECTION('',(0.,0.,-1.));
#2742 = DIRECTION('',(-1.,0.,0.));
#2743 = ADVANCED_FACE('',(#2744),#2769,.T.);
#2744 = FACE_BOUND('',#2745,.T.);
#2745 = EDGE_LOOP('',(#2746,#2754,#2755,#2763));
#2746 = ORIENTED_EDGE('',*,*,#2747,.F.);
#2747 = EDGE_CURVE('',#2630,#2748,#2750,.T.);
#2748 = VERTEX_POINT('',#2749);
#2749 = CARTESIAN_POINT('',(2.79,0.19,-2.7));
#2750 = LINE('',#2751,#2752);
#2751 = CARTESIAN_POINT('',(2.79,0.19,2.8));
#2752 = VECTOR('',#2753,1.);
#2753 = DIRECTION('',(0.,-6.661338147751E-16,-1.));
#2754 = ORIENTED_EDGE('',*,*,#2629,.T.);
#2755 = ORIENTED_EDGE('',*,*,#2756,.T.);
#2756 = EDGE_CURVE('',#2632,#2757,#2759,.T.);
#2757 = VERTEX_POINT('',#2758);
#2758 = CARTESIAN_POINT('',(2.79,-0.19,-2.7));
#2759 = LINE('',#2760,#2761);
#2760 = CARTESIAN_POINT('',(2.79,-0.19,2.8));
#2761 = VECTOR('',#2762,1.);
#2762 = DIRECTION('',(0.,-6.661338147751E-16,-1.));
#2763 = ORIENTED_EDGE('',*,*,#2764,.F.);
#2764 = EDGE_CURVE('',#2748,#2757,#2765,.T.);
#2765 = LINE('',#2766,#2767);
#2766 = CARTESIAN_POINT('',(2.79,0.19,-2.7));
#2767 = VECTOR('',#2768,1.);
#2768 = DIRECTION('',(0.,-1.,4.440892098501E-16));
#2769 = PLANE('',#2770);
#2770 = AXIS2_PLACEMENT_3D('',#2771,#2772,#2773);
#2771 = CARTESIAN_POINT('',(2.79,0.19,2.8));
#2772 = DIRECTION('',(1.,0.,0.));
#2773 = DIRECTION('',(0.,-6.661338147751E-16,-1.));
#2774 = ADVANCED_FACE('',(#2775),#2793,.T.);
#2775 = FACE_BOUND('',#2776,.T.);
#2776 = EDGE_LOOP('',(#2777,#2778,#2786,#2792));
#2777 = ORIENTED_EDGE('',*,*,#2655,.T.);
#2778 = ORIENTED_EDGE('',*,*,#2779,.F.);
#2779 = EDGE_CURVE('',#2780,#2648,#2782,.T.);
#2780 = VERTEX_POINT('',#2781);
#2781 = CARTESIAN_POINT('',(2.29,-0.19,-2.7));
#2782 = LINE('',#2783,#2784);
#2783 = CARTESIAN_POINT('',(2.29,-0.19,-2.7));
#2784 = VECTOR('',#2785,1.);
#2785 = DIRECTION('',(0.,6.661338147751E-16,1.));
#2786 = ORIENTED_EDGE('',*,*,#2787,.F.);
#2787 = EDGE_CURVE('',#2757,#2780,#2788,.T.);
#2788 = LINE('',#2789,#2790);
#2789 = CARTESIAN_POINT('',(2.79,-0.19,-2.7));
#2790 = VECTOR('',#2791,1.);
#2791 = DIRECTION('',(-1.,0.,0.));
#2792 = ORIENTED_EDGE('',*,*,#2756,.F.);
#2793 = PLANE('',#2794);
#2794 = AXIS2_PLACEMENT_3D('',#2795,#2796,#2797);
#2795 = CARTESIAN_POINT('',(2.29,-0.19,2.8));
#2796 = DIRECTION('',(0.,-1.,6.661338147751E-16));
#2797 = DIRECTION('',(0.,-6.661338147751E-16,-1.));
#2798 = ADVANCED_FACE('',(#2799),#2817,.T.);
#2799 = FACE_BOUND('',#2800,.T.);
#2800 = EDGE_LOOP('',(#2801,#2809,#2815,#2816));
#2801 = ORIENTED_EDGE('',*,*,#2802,.F.);
#2802 = EDGE_CURVE('',#2803,#2640,#2805,.T.);
#2803 = VERTEX_POINT('',#2804);
#2804 = CARTESIAN_POINT('',(2.29,0.19,-2.7));
#2805 = LINE('',#2806,#2807);
#2806 = CARTESIAN_POINT('',(2.29,0.19,-2.7));
#2807 = VECTOR('',#2808,1.);
#2808 = DIRECTION('',(0.,6.661338147751E-16,1.));
#2809 = ORIENTED_EDGE('',*,*,#2810,.T.);
#2810 = EDGE_CURVE('',#2803,#2780,#2811,.T.);
#2811 = LINE('',#2812,#2813);
#2812 = CARTESIAN_POINT('',(2.29,0.19,-2.7));
#2813 = VECTOR('',#2814,1.);
#2814 = DIRECTION('',(0.,-1.,4.440892098501E-16));
#2815 = ORIENTED_EDGE('',*,*,#2779,.T.);
#2816 = ORIENTED_EDGE('',*,*,#2647,.T.);
#2817 = PLANE('',#2818);
#2818 = AXIS2_PLACEMENT_3D('',#2819,#2820,#2821);
#2819 = CARTESIAN_POINT('',(2.29,0.19,-2.7));
#2820 = DIRECTION('',(-1.,0.,0.));
#2821 = DIRECTION('',(0.,6.661338147751E-16,1.));
#2822 = ADVANCED_FACE('',(#2823),#2834,.F.);
#2823 = FACE_BOUND('',#2824,.F.);
#2824 = EDGE_LOOP('',(#2825,#2826,#2827,#2833));
#2825 = ORIENTED_EDGE('',*,*,#2639,.T.);
#2826 = ORIENTED_EDGE('',*,*,#2802,.F.);
#2827 = ORIENTED_EDGE('',*,*,#2828,.F.);
#2828 = EDGE_CURVE('',#2748,#2803,#2829,.T.);
#2829 = LINE('',#2830,#2831);
#2830 = CARTESIAN_POINT('',(2.79,0.19,-2.7));
#2831 = VECTOR('',#2832,1.);
#2832 = DIRECTION('',(-1.,0.,0.));
#2833 = ORIENTED_EDGE('',*,*,#2747,.F.);
#2834 = PLANE('',#2835);
#2835 = AXIS2_PLACEMENT_3D('',#2836,#2837,#2838);
#2836 = CARTESIAN_POINT('',(2.29,0.19,2.8));
#2837 = DIRECTION('',(0.,-1.,6.661338147751E-16));
#2838 = DIRECTION('',(0.,-6.661338147751E-16,-1.));
#2839 = ADVANCED_FACE('',(#2840),#2865,.T.);
#2840 = FACE_BOUND('',#2841,.T.);
#2841 = EDGE_LOOP('',(#2842,#2850,#2851,#2859));
#2842 = ORIENTED_EDGE('',*,*,#2843,.F.);
#2843 = EDGE_CURVE('',#2664,#2844,#2846,.T.);
#2844 = VERTEX_POINT('',#2845);
#2845 = CARTESIAN_POINT('',(4.06,0.19,2.16));
#2846 = LINE('',#2847,#2848);
#2847 = CARTESIAN_POINT('',(4.06,0.19,2.8));
#2848 = VECTOR('',#2849,1.);
#2849 = DIRECTION('',(0.,-6.661338147751E-16,-1.));
#2850 = ORIENTED_EDGE('',*,*,#2663,.T.);
#2851 = ORIENTED_EDGE('',*,*,#2852,.T.);
#2852 = EDGE_CURVE('',#2666,#2853,#2855,.T.);
#2853 = VERTEX_POINT('',#2854);
#2854 = CARTESIAN_POINT('',(4.06,-0.19,2.16));
#2855 = LINE('',#2856,#2857);
#2856 = CARTESIAN_POINT('',(4.06,-0.19,2.8));
#2857 = VECTOR('',#2858,1.);
#2858 = DIRECTION('',(0.,-6.661338147751E-16,-1.));
#2859 = ORIENTED_EDGE('',*,*,#2860,.F.);
#2860 = EDGE_CURVE('',#2844,#2853,#2861,.T.);
#2861 = LINE('',#2862,#2863);
#2862 = CARTESIAN_POINT('',(4.06,0.19,2.16));
#2863 = VECTOR('',#2864,1.);
#2864 = DIRECTION('',(0.,-1.,4.440892098501E-16));
#2865 = PLANE('',#2866);
#2866 = AXIS2_PLACEMENT_3D('',#2867,#2868,#2869);
#2867 = CARTESIAN_POINT('',(4.06,0.19,2.8));
#2868 = DIRECTION('',(1.,0.,0.));
#2869 = DIRECTION('',(0.,-6.661338147751E-16,-1.));
#2870 = ADVANCED_FACE('',(#2871),#2921,.T.);
#2871 = FACE_BOUND('',#2872,.T.);
#2872 = EDGE_LOOP('',(#2873,#2883,#2889,#2890,#2891,#2899,#2907,#2915));
#2873 = ORIENTED_EDGE('',*,*,#2874,.F.);
#2874 = EDGE_CURVE('',#2875,#2877,#2879,.T.);
#2875 = VERTEX_POINT('',#2876);
#2876 = CARTESIAN_POINT('',(5.33,-0.19,0.26));
#2877 = VERTEX_POINT('',#2878);
#2878 = CARTESIAN_POINT('',(5.33,-0.19,-2.7));
#2879 = LINE('',#2880,#2881);
#2880 = CARTESIAN_POINT('',(5.33,-0.19,0.26));
#2881 = VECTOR('',#2882,1.);
#2882 = DIRECTION('',(0.,-6.661338147751E-16,-1.));
#2883 = ORIENTED_EDGE('',*,*,#2884,.T.);
#2884 = EDGE_CURVE('',#2875,#2853,#2885,.T.);
#2885 = LINE('',#2886,#2887);
#2886 = CARTESIAN_POINT('',(5.33,-0.19,0.26));
#2887 = VECTOR('',#2888,1.);
#2888 = DIRECTION('',(-0.555709556774,5.538080009649E-16,0.83137650226)
  );
#2889 = ORIENTED_EDGE('',*,*,#2852,.F.);
#2890 = ORIENTED_EDGE('',*,*,#2689,.T.);
#2891 = ORIENTED_EDGE('',*,*,#2892,.F.);
#2892 = EDGE_CURVE('',#2893,#2682,#2895,.T.);
#2893 = VERTEX_POINT('',#2894);
#2894 = CARTESIAN_POINT('',(3.56,-0.19,2.16));
#2895 = LINE('',#2896,#2897);
#2896 = CARTESIAN_POINT('',(3.56,-0.19,2.16));
#2897 = VECTOR('',#2898,1.);
#2898 = DIRECTION('',(0.,6.661338147751E-16,1.));
#2899 = ORIENTED_EDGE('',*,*,#2900,.T.);
#2900 = EDGE_CURVE('',#2893,#2901,#2903,.T.);
#2901 = VERTEX_POINT('',#2902);
#2902 = CARTESIAN_POINT('',(4.83,-0.19,0.26));
#2903 = LINE('',#2904,#2905);
#2904 = CARTESIAN_POINT('',(3.56,-0.19,2.16));
#2905 = VECTOR('',#2906,1.);
#2906 = DIRECTION('',(0.555709556774,-5.538080009649E-16,-0.83137650226)
  );
#2907 = ORIENTED_EDGE('',*,*,#2908,.F.);
#2908 = EDGE_CURVE('',#2909,#2901,#2911,.T.);
#2909 = VERTEX_POINT('',#2910);
#2910 = CARTESIAN_POINT('',(4.83,-0.19,-2.7));
#2911 = LINE('',#2912,#2913);
#2912 = CARTESIAN_POINT('',(4.83,-0.19,-2.7));
#2913 = VECTOR('',#2914,1.);
#2914 = DIRECTION('',(0.,6.661338147751E-16,1.));
#2915 = ORIENTED_EDGE('',*,*,#2916,.F.);
#2916 = EDGE_CURVE('',#2877,#2909,#2917,.T.);
#2917 = LINE('',#2918,#2919);
#2918 = CARTESIAN_POINT('',(5.33,-0.19,-2.7));
#2919 = VECTOR('',#2920,1.);
#2920 = DIRECTION('',(-1.,0.,0.));
#2921 = PLANE('',#2922);
#2922 = AXIS2_PLACEMENT_3D('',#2923,#2924,#2925);
#2923 = CARTESIAN_POINT('',(5.33,-0.19,0.26));
#2924 = DIRECTION('',(0.,-1.,6.661338147751E-16));
#2925 = DIRECTION('',(0.,-6.661338147751E-16,-1.));
#2926 = ADVANCED_FACE('',(#2927),#2945,.T.);
#2927 = FACE_BOUND('',#2928,.T.);
#2928 = EDGE_LOOP('',(#2929,#2937,#2943,#2944));
#2929 = ORIENTED_EDGE('',*,*,#2930,.F.);
#2930 = EDGE_CURVE('',#2931,#2674,#2933,.T.);
#2931 = VERTEX_POINT('',#2932);
#2932 = CARTESIAN_POINT('',(3.56,0.19,2.16));
#2933 = LINE('',#2934,#2935);
#2934 = CARTESIAN_POINT('',(3.56,0.19,2.16));
#2935 = VECTOR('',#2936,1.);
#2936 = DIRECTION('',(0.,6.661338147751E-16,1.));
#2937 = ORIENTED_EDGE('',*,*,#2938,.T.);
#2938 = EDGE_CURVE('',#2931,#2893,#2939,.T.);
#2939 = LINE('',#2940,#2941);
#2940 = CARTESIAN_POINT('',(3.56,0.19,2.16));
#2941 = VECTOR('',#2942,1.);
#2942 = DIRECTION('',(0.,-1.,4.440892098501E-16));
#2943 = ORIENTED_EDGE('',*,*,#2892,.T.);
#2944 = ORIENTED_EDGE('',*,*,#2681,.T.);
#2945 = PLANE('',#2946);
#2946 = AXIS2_PLACEMENT_3D('',#2947,#2948,#2949);
#2947 = CARTESIAN_POINT('',(3.56,0.19,2.16));
#2948 = DIRECTION('',(-1.,0.,0.));
#2949 = DIRECTION('',(0.,6.661338147751E-16,1.));
#2950 = ADVANCED_FACE('',(#2951),#2994,.F.);
#2951 = FACE_BOUND('',#2952,.F.);
#2952 = EDGE_LOOP('',(#2953,#2963,#2969,#2970,#2971,#2972,#2980,#2988));
#2953 = ORIENTED_EDGE('',*,*,#2954,.F.);
#2954 = EDGE_CURVE('',#2955,#2957,#2959,.T.);
#2955 = VERTEX_POINT('',#2956);
#2956 = CARTESIAN_POINT('',(5.33,0.19,0.26));
#2957 = VERTEX_POINT('',#2958);
#2958 = CARTESIAN_POINT('',(5.33,0.19,-2.7));
#2959 = LINE('',#2960,#2961);
#2960 = CARTESIAN_POINT('',(5.33,0.19,0.26));
#2961 = VECTOR('',#2962,1.);
#2962 = DIRECTION('',(0.,-6.661338147751E-16,-1.));
#2963 = ORIENTED_EDGE('',*,*,#2964,.T.);
#2964 = EDGE_CURVE('',#2955,#2844,#2965,.T.);
#2965 = LINE('',#2966,#2967);
#2966 = CARTESIAN_POINT('',(5.33,0.19,0.26));
#2967 = VECTOR('',#2968,1.);
#2968 = DIRECTION('',(-0.555709556774,5.538080009649E-16,0.83137650226)
  );
#2969 = ORIENTED_EDGE('',*,*,#2843,.F.);
#2970 = ORIENTED_EDGE('',*,*,#2673,.T.);
#2971 = ORIENTED_EDGE('',*,*,#2930,.F.);
#2972 = ORIENTED_EDGE('',*,*,#2973,.T.);
#2973 = EDGE_CURVE('',#2931,#2974,#2976,.T.);
#2974 = VERTEX_POINT('',#2975);
#2975 = CARTESIAN_POINT('',(4.83,0.19,0.26));
#2976 = LINE('',#2977,#2978);
#2977 = CARTESIAN_POINT('',(3.56,0.19,2.16));
#2978 = VECTOR('',#2979,1.);
#2979 = DIRECTION('',(0.555709556774,-5.538080009649E-16,-0.83137650226)
  );
#2980 = ORIENTED_EDGE('',*,*,#2981,.F.);
#2981 = EDGE_CURVE('',#2982,#2974,#2984,.T.);
#2982 = VERTEX_POINT('',#2983);
#2983 = CARTESIAN_POINT('',(4.83,0.19,-2.7));
#2984 = LINE('',#2985,#2986);
#2985 = CARTESIAN_POINT('',(4.83,0.19,-2.7));
#2986 = VECTOR('',#2987,1.);
#2987 = DIRECTION('',(0.,6.661338147751E-16,1.));
#2988 = ORIENTED_EDGE('',*,*,#2989,.F.);
#2989 = EDGE_CURVE('',#2957,#2982,#2990,.T.);
#2990 = LINE('',#2991,#2992);
#2991 = CARTESIAN_POINT('',(5.33,0.19,-2.7));
#2992 = VECTOR('',#2993,1.);
#2993 = DIRECTION('',(-1.,0.,0.));
#2994 = PLANE('',#2995);
#2995 = AXIS2_PLACEMENT_3D('',#2996,#2997,#2998);
#2996 = CARTESIAN_POINT('',(5.33,0.19,0.26));
#2997 = DIRECTION('',(0.,-1.,6.661338147751E-16));
#2998 = DIRECTION('',(0.,-6.661338147751E-16,-1.));
#2999 = ADVANCED_FACE('',(#3000),#3025,.T.);
#3000 = FACE_BOUND('',#3001,.T.);
#3001 = EDGE_LOOP('',(#3002,#3010,#3011,#3019));
#3002 = ORIENTED_EDGE('',*,*,#3003,.F.);
#3003 = EDGE_CURVE('',#2698,#3004,#3006,.T.);
#3004 = VERTEX_POINT('',#3005);
#3005 = CARTESIAN_POINT('',(1.52,0.19,2.16));
#3006 = LINE('',#3007,#3008);
#3007 = CARTESIAN_POINT('',(1.52,0.19,2.8));
#3008 = VECTOR('',#3009,1.);
#3009 = DIRECTION('',(0.,-6.661338147751E-16,-1.));
#3010 = ORIENTED_EDGE('',*,*,#2697,.T.);
#3011 = ORIENTED_EDGE('',*,*,#3012,.T.);
#3012 = EDGE_CURVE('',#2700,#3013,#3015,.T.);
#3013 = VERTEX_POINT('',#3014);
#3014 = CARTESIAN_POINT('',(1.52,-0.19,2.16));
#3015 = LINE('',#3016,#3017);
#3016 = CARTESIAN_POINT('',(1.52,-0.19,2.8));
#3017 = VECTOR('',#3018,1.);
#3018 = DIRECTION('',(0.,-6.661338147751E-16,-1.));
#3019 = ORIENTED_EDGE('',*,*,#3020,.F.);
#3020 = EDGE_CURVE('',#3004,#3013,#3021,.T.);
#3021 = LINE('',#3022,#3023);
#3022 = CARTESIAN_POINT('',(1.52,0.19,2.16));
#3023 = VECTOR('',#3024,1.);
#3024 = DIRECTION('',(0.,-1.,4.440892098501E-16));
#3025 = PLANE('',#3026);
#3026 = AXIS2_PLACEMENT_3D('',#3027,#3028,#3029);
#3027 = CARTESIAN_POINT('',(1.52,0.19,2.8));
#3028 = DIRECTION('',(1.,0.,0.));
#3029 = DIRECTION('',(0.,-6.661338147751E-16,-1.));
#3030 = ADVANCED_FACE('',(#3031),#3081,.T.);
#3031 = FACE_BOUND('',#3032,.T.);
#3032 = EDGE_LOOP('',(#3033,#3043,#3049,#3050,#3051,#3059,#3067,#3075));
#3033 = ORIENTED_EDGE('',*,*,#3034,.F.);
#3034 = EDGE_CURVE('',#3035,#3037,#3039,.T.);
#3035 = VERTEX_POINT('',#3036);
#3036 = CARTESIAN_POINT('',(0.25,-0.19,0.26));
#3037 = VERTEX_POINT('',#3038);
#3038 = CARTESIAN_POINT('',(0.25,-0.19,-2.7));
#3039 = LINE('',#3040,#3041);
#3040 = CARTESIAN_POINT('',(0.25,-0.19,0.26));
#3041 = VECTOR('',#3042,1.);
#3042 = DIRECTION('',(0.,-6.661338147751E-16,-1.));
#3043 = ORIENTED_EDGE('',*,*,#3044,.T.);
#3044 = EDGE_CURVE('',#3035,#3013,#3045,.T.);
#3045 = LINE('',#3046,#3047);
#3046 = CARTESIAN_POINT('',(0.25,-0.19,0.26));
#3047 = VECTOR('',#3048,1.);
#3048 = DIRECTION('',(0.555709556774,5.538080009649E-16,0.83137650226));
#3049 = ORIENTED_EDGE('',*,*,#3012,.F.);
#3050 = ORIENTED_EDGE('',*,*,#2723,.T.);
#3051 = ORIENTED_EDGE('',*,*,#3052,.F.);
#3052 = EDGE_CURVE('',#3053,#2716,#3055,.T.);
#3053 = VERTEX_POINT('',#3054);
#3054 = CARTESIAN_POINT('',(1.02,-0.19,2.16));
#3055 = LINE('',#3056,#3057);
#3056 = CARTESIAN_POINT('',(1.02,-0.19,2.16));
#3057 = VECTOR('',#3058,1.);
#3058 = DIRECTION('',(0.,6.661338147751E-16,1.));
#3059 = ORIENTED_EDGE('',*,*,#3060,.F.);
#3060 = EDGE_CURVE('',#3061,#3053,#3063,.T.);
#3061 = VERTEX_POINT('',#3062);
#3062 = CARTESIAN_POINT('',(-0.25,-0.19,0.26));
#3063 = LINE('',#3064,#3065);
#3064 = CARTESIAN_POINT('',(-0.25,-0.19,0.26));
#3065 = VECTOR('',#3066,1.);
#3066 = DIRECTION('',(0.555709556774,5.538080009649E-16,0.83137650226));
#3067 = ORIENTED_EDGE('',*,*,#3068,.F.);
#3068 = EDGE_CURVE('',#3069,#3061,#3071,.T.);
#3069 = VERTEX_POINT('',#3070);
#3070 = CARTESIAN_POINT('',(-0.25,-0.19,-2.7));
#3071 = LINE('',#3072,#3073);
#3072 = CARTESIAN_POINT('',(-0.25,-0.19,-2.7));
#3073 = VECTOR('',#3074,1.);
#3074 = DIRECTION('',(0.,6.661338147751E-16,1.));
#3075 = ORIENTED_EDGE('',*,*,#3076,.F.);
#3076 = EDGE_CURVE('',#3037,#3069,#3077,.T.);
#3077 = LINE('',#3078,#3079);
#3078 = CARTESIAN_POINT('',(0.25,-0.19,-2.7));
#3079 = VECTOR('',#3080,1.);
#3080 = DIRECTION('',(-1.,0.,0.));
#3081 = PLANE('',#3082);
#3082 = AXIS2_PLACEMENT_3D('',#3083,#3084,#3085);
#3083 = CARTESIAN_POINT('',(0.25,-0.19,0.26));
#3084 = DIRECTION('',(0.,-1.,6.661338147751E-16));
#3085 = DIRECTION('',(0.,-6.661338147751E-16,-1.));
#3086 = ADVANCED_FACE('',(#3087),#3105,.T.);
#3087 = FACE_BOUND('',#3088,.T.);
#3088 = EDGE_LOOP('',(#3089,#3097,#3103,#3104));
#3089 = ORIENTED_EDGE('',*,*,#3090,.F.);
#3090 = EDGE_CURVE('',#3091,#2708,#3093,.T.);
#3091 = VERTEX_POINT('',#3092);
#3092 = CARTESIAN_POINT('',(1.02,0.19,2.16));
#3093 = LINE('',#3094,#3095);
#3094 = CARTESIAN_POINT('',(1.02,0.19,2.16));
#3095 = VECTOR('',#3096,1.);
#3096 = DIRECTION('',(0.,6.661338147751E-16,1.));
#3097 = ORIENTED_EDGE('',*,*,#3098,.T.);
#3098 = EDGE_CURVE('',#3091,#3053,#3099,.T.);
#3099 = LINE('',#3100,#3101);
#3100 = CARTESIAN_POINT('',(1.02,0.19,2.16));
#3101 = VECTOR('',#3102,1.);
#3102 = DIRECTION('',(0.,-1.,4.440892098501E-16));
#3103 = ORIENTED_EDGE('',*,*,#3052,.T.);
#3104 = ORIENTED_EDGE('',*,*,#2715,.T.);
#3105 = PLANE('',#3106);
#3106 = AXIS2_PLACEMENT_3D('',#3107,#3108,#3109);
#3107 = CARTESIAN_POINT('',(1.02,0.19,2.16));
#3108 = DIRECTION('',(-1.,0.,0.));
#3109 = DIRECTION('',(0.,6.661338147751E-16,1.));
#3110 = ADVANCED_FACE('',(#3111),#3154,.F.);
#3111 = FACE_BOUND('',#3112,.F.);
#3112 = EDGE_LOOP('',(#3113,#3123,#3129,#3130,#3131,#3132,#3140,#3148));
#3113 = ORIENTED_EDGE('',*,*,#3114,.F.);
#3114 = EDGE_CURVE('',#3115,#3117,#3119,.T.);
#3115 = VERTEX_POINT('',#3116);
#3116 = CARTESIAN_POINT('',(0.25,0.19,0.26));
#3117 = VERTEX_POINT('',#3118);
#3118 = CARTESIAN_POINT('',(0.25,0.19,-2.7));
#3119 = LINE('',#3120,#3121);
#3120 = CARTESIAN_POINT('',(0.25,0.19,0.26));
#3121 = VECTOR('',#3122,1.);
#3122 = DIRECTION('',(0.,-6.661338147751E-16,-1.));
#3123 = ORIENTED_EDGE('',*,*,#3124,.T.);
#3124 = EDGE_CURVE('',#3115,#3004,#3125,.T.);
#3125 = LINE('',#3126,#3127);
#3126 = CARTESIAN_POINT('',(0.25,0.19,0.26));
#3127 = VECTOR('',#3128,1.);
#3128 = DIRECTION('',(0.555709556774,5.538080009649E-16,0.83137650226));
#3129 = ORIENTED_EDGE('',*,*,#3003,.F.);
#3130 = ORIENTED_EDGE('',*,*,#2707,.T.);
#3131 = ORIENTED_EDGE('',*,*,#3090,.F.);
#3132 = ORIENTED_EDGE('',*,*,#3133,.F.);
#3133 = EDGE_CURVE('',#3134,#3091,#3136,.T.);
#3134 = VERTEX_POINT('',#3135);
#3135 = CARTESIAN_POINT('',(-0.25,0.19,0.26));
#3136 = LINE('',#3137,#3138);
#3137 = CARTESIAN_POINT('',(-0.25,0.19,0.26));
#3138 = VECTOR('',#3139,1.);
#3139 = DIRECTION('',(0.555709556774,5.538080009649E-16,0.83137650226));
#3140 = ORIENTED_EDGE('',*,*,#3141,.F.);
#3141 = EDGE_CURVE('',#3142,#3134,#3144,.T.);
#3142 = VERTEX_POINT('',#3143);
#3143 = CARTESIAN_POINT('',(-0.25,0.19,-2.7));
#3144 = LINE('',#3145,#3146);
#3145 = CARTESIAN_POINT('',(-0.25,0.19,-2.7));
#3146 = VECTOR('',#3147,1.);
#3147 = DIRECTION('',(0.,6.661338147751E-16,1.));
#3148 = ORIENTED_EDGE('',*,*,#3149,.F.);
#3149 = EDGE_CURVE('',#3117,#3142,#3150,.T.);
#3150 = LINE('',#3151,#3152);
#3151 = CARTESIAN_POINT('',(0.25,0.19,-2.7));
#3152 = VECTOR('',#3153,1.);
#3153 = DIRECTION('',(-1.,0.,0.));
#3154 = PLANE('',#3155);
#3155 = AXIS2_PLACEMENT_3D('',#3156,#3157,#3158);
#3156 = CARTESIAN_POINT('',(0.25,0.19,0.26));
#3157 = DIRECTION('',(0.,-1.,6.661338147751E-16));
#3158 = DIRECTION('',(0.,-6.661338147751E-16,-1.));
#3159 = ADVANCED_FACE('',(#3160),#3166,.T.);
#3160 = FACE_BOUND('',#3161,.T.);
#3161 = EDGE_LOOP('',(#3162,#3163,#3164,#3165));
#3162 = ORIENTED_EDGE('',*,*,#2764,.T.);
#3163 = ORIENTED_EDGE('',*,*,#2787,.T.);
#3164 = ORIENTED_EDGE('',*,*,#2810,.F.);
#3165 = ORIENTED_EDGE('',*,*,#2828,.F.);
#3166 = PLANE('',#3167);
#3167 = AXIS2_PLACEMENT_3D('',#3168,#3169,#3170);
#3168 = CARTESIAN_POINT('',(2.79,0.19,-2.7));
#3169 = DIRECTION('',(0.,-4.440892098501E-16,-1.));
#3170 = DIRECTION('',(-1.,-0.,0.));
#3171 = ADVANCED_FACE('',(#3172),#3183,.F.);
#3172 = FACE_BOUND('',#3173,.F.);
#3173 = EDGE_LOOP('',(#3174,#3180,#3181,#3182));
#3174 = ORIENTED_EDGE('',*,*,#3175,.T.);
#3175 = EDGE_CURVE('',#2955,#2875,#3176,.T.);
#3176 = LINE('',#3177,#3178);
#3177 = CARTESIAN_POINT('',(5.33,0.19,0.26));
#3178 = VECTOR('',#3179,1.);
#3179 = DIRECTION('',(0.,-1.,4.440892098501E-16));
#3180 = ORIENTED_EDGE('',*,*,#2884,.T.);
#3181 = ORIENTED_EDGE('',*,*,#2860,.F.);
#3182 = ORIENTED_EDGE('',*,*,#2964,.F.);
#3183 = PLANE('',#3184);
#3184 = AXIS2_PLACEMENT_3D('',#3185,#3186,#3187);
#3185 = CARTESIAN_POINT('',(5.33,0.19,0.26));
#3186 = DIRECTION('',(-0.83137650226,-2.467846179738E-16,-0.555709556774
    ));
#3187 = DIRECTION('',(-0.555709556774,5.538080009649E-16,0.83137650226)
  );
#3188 = ADVANCED_FACE('',(#3189),#3200,.T.);
#3189 = FACE_BOUND('',#3190,.T.);
#3190 = EDGE_LOOP('',(#3191,#3192,#3193,#3199));
#3191 = ORIENTED_EDGE('',*,*,#3175,.T.);
#3192 = ORIENTED_EDGE('',*,*,#2874,.T.);
#3193 = ORIENTED_EDGE('',*,*,#3194,.F.);
#3194 = EDGE_CURVE('',#2957,#2877,#3195,.T.);
#3195 = LINE('',#3196,#3197);
#3196 = CARTESIAN_POINT('',(5.33,0.19,-2.7));
#3197 = VECTOR('',#3198,1.);
#3198 = DIRECTION('',(0.,-1.,4.440892098501E-16));
#3199 = ORIENTED_EDGE('',*,*,#2954,.F.);
#3200 = PLANE('',#3201);
#3201 = AXIS2_PLACEMENT_3D('',#3202,#3203,#3204);
#3202 = CARTESIAN_POINT('',(5.33,0.19,0.26));
#3203 = DIRECTION('',(1.,0.,0.));
#3204 = DIRECTION('',(0.,-6.661338147751E-16,-1.));
#3205 = ADVANCED_FACE('',(#3206),#3217,.T.);
#3206 = FACE_BOUND('',#3207,.T.);
#3207 = EDGE_LOOP('',(#3208,#3209,#3210,#3216));
#3208 = ORIENTED_EDGE('',*,*,#3194,.T.);
#3209 = ORIENTED_EDGE('',*,*,#2916,.T.);
#3210 = ORIENTED_EDGE('',*,*,#3211,.F.);
#3211 = EDGE_CURVE('',#2982,#2909,#3212,.T.);
#3212 = LINE('',#3213,#3214);
#3213 = CARTESIAN_POINT('',(4.83,0.19,-2.7));
#3214 = VECTOR('',#3215,1.);
#3215 = DIRECTION('',(0.,-1.,4.440892098501E-16));
#3216 = ORIENTED_EDGE('',*,*,#2989,.F.);
#3217 = PLANE('',#3218);
#3218 = AXIS2_PLACEMENT_3D('',#3219,#3220,#3221);
#3219 = CARTESIAN_POINT('',(5.33,0.19,-2.7));
#3220 = DIRECTION('',(0.,-4.440892098501E-16,-1.));
#3221 = DIRECTION('',(-1.,-0.,0.));
#3222 = ADVANCED_FACE('',(#3223),#3234,.T.);
#3223 = FACE_BOUND('',#3224,.T.);
#3224 = EDGE_LOOP('',(#3225,#3226,#3227,#3233));
#3225 = ORIENTED_EDGE('',*,*,#3211,.T.);
#3226 = ORIENTED_EDGE('',*,*,#2908,.T.);
#3227 = ORIENTED_EDGE('',*,*,#3228,.F.);
#3228 = EDGE_CURVE('',#2974,#2901,#3229,.T.);
#3229 = LINE('',#3230,#3231);
#3230 = CARTESIAN_POINT('',(4.83,0.19,0.26));
#3231 = VECTOR('',#3232,1.);
#3232 = DIRECTION('',(0.,-1.,4.440892098501E-16));
#3233 = ORIENTED_EDGE('',*,*,#2981,.F.);
#3234 = PLANE('',#3235);
#3235 = AXIS2_PLACEMENT_3D('',#3236,#3237,#3238);
#3236 = CARTESIAN_POINT('',(4.83,0.19,-2.7));
#3237 = DIRECTION('',(-1.,0.,0.));
#3238 = DIRECTION('',(0.,6.661338147751E-16,1.));
#3239 = ADVANCED_FACE('',(#3240),#3246,.F.);
#3240 = FACE_BOUND('',#3241,.F.);
#3241 = EDGE_LOOP('',(#3242,#3243,#3244,#3245));
#3242 = ORIENTED_EDGE('',*,*,#2938,.T.);
#3243 = ORIENTED_EDGE('',*,*,#2900,.T.);
#3244 = ORIENTED_EDGE('',*,*,#3228,.F.);
#3245 = ORIENTED_EDGE('',*,*,#2973,.F.);
#3246 = PLANE('',#3247);
#3247 = AXIS2_PLACEMENT_3D('',#3248,#3249,#3250);
#3248 = CARTESIAN_POINT('',(3.56,0.19,2.16));
#3249 = DIRECTION('',(0.83137650226,2.467846179738E-16,0.555709556774));
#3250 = DIRECTION('',(0.555709556774,-5.538080009649E-16,-0.83137650226)
  );
#3251 = ADVANCED_FACE('',(#3252),#3263,.F.);
#3252 = FACE_BOUND('',#3253,.F.);
#3253 = EDGE_LOOP('',(#3254,#3260,#3261,#3262));
#3254 = ORIENTED_EDGE('',*,*,#3255,.T.);
#3255 = EDGE_CURVE('',#3115,#3035,#3256,.T.);
#3256 = LINE('',#3257,#3258);
#3257 = CARTESIAN_POINT('',(0.25,0.19,0.26));
#3258 = VECTOR('',#3259,1.);
#3259 = DIRECTION('',(0.,-1.,4.440892098501E-16));
#3260 = ORIENTED_EDGE('',*,*,#3044,.T.);
#3261 = ORIENTED_EDGE('',*,*,#3020,.F.);
#3262 = ORIENTED_EDGE('',*,*,#3124,.F.);
#3263 = PLANE('',#3264);
#3264 = AXIS2_PLACEMENT_3D('',#3265,#3266,#3267);
#3265 = CARTESIAN_POINT('',(0.25,0.19,0.26));
#3266 = DIRECTION('',(-0.83137650226,2.467846179738E-16,0.555709556774)
  );
#3267 = DIRECTION('',(0.555709556774,5.538080009649E-16,0.83137650226));
#3268 = ADVANCED_FACE('',(#3269),#3280,.T.);
#3269 = FACE_BOUND('',#3270,.T.);
#3270 = EDGE_LOOP('',(#3271,#3272,#3273,#3279));
#3271 = ORIENTED_EDGE('',*,*,#3255,.T.);
#3272 = ORIENTED_EDGE('',*,*,#3034,.T.);
#3273 = ORIENTED_EDGE('',*,*,#3274,.F.);
#3274 = EDGE_CURVE('',#3117,#3037,#3275,.T.);
#3275 = LINE('',#3276,#3277);
#3276 = CARTESIAN_POINT('',(0.25,0.19,-2.7));
#3277 = VECTOR('',#3278,1.);
#3278 = DIRECTION('',(0.,-1.,4.440892098501E-16));
#3279 = ORIENTED_EDGE('',*,*,#3114,.F.);
#3280 = PLANE('',#3281);
#3281 = AXIS2_PLACEMENT_3D('',#3282,#3283,#3284);
#3282 = CARTESIAN_POINT('',(0.25,0.19,0.26));
#3283 = DIRECTION('',(1.,0.,0.));
#3284 = DIRECTION('',(0.,-6.661338147751E-16,-1.));
#3285 = ADVANCED_FACE('',(#3286),#3297,.T.);
#3286 = FACE_BOUND('',#3287,.T.);
#3287 = EDGE_LOOP('',(#3288,#3289,#3290,#3296));
#3288 = ORIENTED_EDGE('',*,*,#3274,.T.);
#3289 = ORIENTED_EDGE('',*,*,#3076,.T.);
#3290 = ORIENTED_EDGE('',*,*,#3291,.F.);
#3291 = EDGE_CURVE('',#3142,#3069,#3292,.T.);
#3292 = LINE('',#3293,#3294);
#3293 = CARTESIAN_POINT('',(-0.25,0.19,-2.7));
#3294 = VECTOR('',#3295,1.);
#3295 = DIRECTION('',(0.,-1.,4.440892098501E-16));
#3296 = ORIENTED_EDGE('',*,*,#3149,.F.);
#3297 = PLANE('',#3298);
#3298 = AXIS2_PLACEMENT_3D('',#3299,#3300,#3301);
#3299 = CARTESIAN_POINT('',(0.25,0.19,-2.7));
#3300 = DIRECTION('',(0.,-4.440892098501E-16,-1.));
#3301 = DIRECTION('',(-1.,-0.,0.));
#3302 = ADVANCED_FACE('',(#3303),#3314,.T.);
#3303 = FACE_BOUND('',#3304,.T.);
#3304 = EDGE_LOOP('',(#3305,#3306,#3307,#3313));
#3305 = ORIENTED_EDGE('',*,*,#3291,.T.);
#3306 = ORIENTED_EDGE('',*,*,#3068,.T.);
#3307 = ORIENTED_EDGE('',*,*,#3308,.F.);
#3308 = EDGE_CURVE('',#3134,#3061,#3309,.T.);
#3309 = LINE('',#3310,#3311);
#3310 = CARTESIAN_POINT('',(-0.25,0.19,0.26));
#3311 = VECTOR('',#3312,1.);
#3312 = DIRECTION('',(0.,-1.,4.440892098501E-16));
#3313 = ORIENTED_EDGE('',*,*,#3141,.F.);
#3314 = PLANE('',#3315);
#3315 = AXIS2_PLACEMENT_3D('',#3316,#3317,#3318);
#3316 = CARTESIAN_POINT('',(-0.25,0.19,-2.7));
#3317 = DIRECTION('',(-1.,0.,0.));
#3318 = DIRECTION('',(0.,6.661338147751E-16,1.));
#3319 = ADVANCED_FACE('',(#3320),#3326,.T.);
#3320 = FACE_BOUND('',#3321,.T.);
#3321 = EDGE_LOOP('',(#3322,#3323,#3324,#3325));
#3322 = ORIENTED_EDGE('',*,*,#3308,.T.);
#3323 = ORIENTED_EDGE('',*,*,#3060,.T.);
#3324 = ORIENTED_EDGE('',*,*,#3098,.F.);
#3325 = ORIENTED_EDGE('',*,*,#3133,.F.);
#3326 = PLANE('',#3327);
#3327 = AXIS2_PLACEMENT_3D('',#3328,#3329,#3330);
#3328 = CARTESIAN_POINT('',(-0.25,0.19,0.26));
#3329 = DIRECTION('',(-0.83137650226,2.467846179738E-16,0.555709556774)
  );
#3330 = DIRECTION('',(0.555709556774,5.538080009649E-16,0.83137650226));
#3331 = ( GEOMETRIC_REPRESENTATION_CONTEXT(3) 
GLOBAL_UNCERTAINTY_ASSIGNED_CONTEXT((#3335)) 
GLOBAL_UNIT_ASSIGNED_CONTEXT((#3332,#3333,#3334)) REPRESENTATION_CONTEXT
('Context #1','3D Context with UNIT and UNCERTAINTY') );
#3332 = ( LENGTH_UNIT() NAMED_UNIT(*) SI_UNIT(.MILLI.,.METRE.) );
#3333 = ( NAMED_UNIT(*) PLANE_ANGLE_UNIT() SI_UNIT($,.RADIAN.) );
#3334 = ( NAMED_UNIT(*) SI_UNIT($,.STERADIAN.) SOLID_ANGLE_UNIT() );
#3335 = UNCERTAINTY_MEASURE_WITH_UNIT(LENGTH_MEASURE(1.E-07),#3332,
  'distance_accuracy_value','confusion accuracy');
#3336 = CONTEXT_DEPENDENT_SHAPE_REPRESENTATION(#3337,#3339);
#3337 = ( REPRESENTATION_RELATIONSHIP('','',#2554,#10) 
REPRESENTATION_RELATIONSHIP_WITH_TRANSFORMATION(#3338) 
SHAPE_REPRESENTATION_RELATIONSHIP() );
#3338 = ITEM_DEFINED_TRANSFORMATION('','',#11,#27);
#3339 = PRODUCT_DEFINITION_SHAPE('Placement','Placement of an item',
  #3340);
#3340 = NEXT_ASSEMBLY_USAGE_OCCURRENCE('4','Q2','',#5,#2549,$);
#3341 = PRODUCT_RELATED_PRODUCT_CATEGORY('part',$,(#2551));
#3342 = SHAPE_DEFINITION_REPRESENTATION(#3343,#3349);
#3343 = PRODUCT_DEFINITION_SHAPE('','',#3344);
#3344 = PRODUCT_DEFINITION('design','',#3345,#3348);
#3345 = PRODUCT_DEFINITION_FORMATION('','',#3346);
#3346 = PRODUCT('C_Rect_L7.2mm_W2.5mm_P5.00mm_FKS2_FKP2_MKS2_MKP2',
  'C_Rect_L7.2mm_W2.5mm_P5.00mm_FKS2_FKP2_MKS2_MKP2','',(#3347));
#3347 = PRODUCT_CONTEXT('',#2,'mechanical');
#3348 = PRODUCT_DEFINITION_CONTEXT('part definition',#2,'design');
#3349 = ADVANCED_BREP_SHAPE_REPRESENTATION('',(#11,#3350),#3894);
#3350 = MANIFOLD_SOLID_BREP('',#3351);
#3351 = CLOSED_SHELL('',(#3352,#3392,#3425,#3458,#3539,#3564,#3581,#3605
    ,#3636,#3653,#3677,#3702,#3727,#3744,#3769,#3794,#3812,#3836,#3854,
    #3865,#3876,#3885));
#3352 = ADVANCED_FACE('',(#3353),#3387,.F.);
#3353 = FACE_BOUND('',#3354,.F.);
#3354 = EDGE_LOOP('',(#3355,#3365,#3373,#3381));
#3355 = ORIENTED_EDGE('',*,*,#3356,.F.);
#3356 = EDGE_CURVE('',#3357,#3359,#3361,.T.);
#3357 = VERTEX_POINT('',#3358);
#3358 = CARTESIAN_POINT('',(-1.1,-1.,0.));
#3359 = VERTEX_POINT('',#3360);
#3360 = CARTESIAN_POINT('',(-1.1,-1.,8.75));
#3361 = LINE('',#3362,#3363);
#3362 = CARTESIAN_POINT('',(-1.1,-1.,0.));
#3363 = VECTOR('',#3364,1.);
#3364 = DIRECTION('',(0.,0.,1.));
#3365 = ORIENTED_EDGE('',*,*,#3366,.T.);
#3366 = EDGE_CURVE('',#3357,#3367,#3369,.T.);
#3367 = VERTEX_POINT('',#3368);
#3368 = CARTESIAN_POINT('',(-1.1,1.,0.));
#3369 = LINE('',#3370,#3371);
#3370 = CARTESIAN_POINT('',(-1.1,-1.25,0.));
#3371 = VECTOR('',#3372,1.);
#3372 = DIRECTION('',(0.,1.,0.));
#3373 = ORIENTED_EDGE('',*,*,#3374,.T.);
#3374 = EDGE_CURVE('',#3367,#3375,#3377,.T.);
#3375 = VERTEX_POINT('',#3376);
#3376 = CARTESIAN_POINT('',(-1.1,1.,8.75));
#3377 = LINE('',#3378,#3379);
#3378 = CARTESIAN_POINT('',(-1.1,1.,0.));
#3379 = VECTOR('',#3380,1.);
#3380 = DIRECTION('',(0.,0.,1.));
#3381 = ORIENTED_EDGE('',*,*,#3382,.F.);
#3382 = EDGE_CURVE('',#3359,#3375,#3383,.T.);
#3383 = LINE('',#3384,#3385);
#3384 = CARTESIAN_POINT('',(-1.1,-1.,8.75));
#3385 = VECTOR('',#3386,1.);
#3386 = DIRECTION('',(0.,1.,0.));
#3387 = PLANE('',#3388);
#3388 = AXIS2_PLACEMENT_3D('',#3389,#3390,#3391);
#3389 = CARTESIAN_POINT('',(-1.1,-1.25,0.));
#3390 = DIRECTION('',(1.,0.,0.));
#3391 = DIRECTION('',(0.,0.,1.));
#3392 = ADVANCED_FACE('',(#3393),#3420,.T.);
#3393 = FACE_BOUND('',#3394,.T.);
#3394 = EDGE_LOOP('',(#3395,#3396,#3405,#3413));
#3395 = ORIENTED_EDGE('',*,*,#3356,.F.);
#3396 = ORIENTED_EDGE('',*,*,#3397,.T.);
#3397 = EDGE_CURVE('',#3357,#3398,#3400,.T.);
#3398 = VERTEX_POINT('',#3399);
#3399 = CARTESIAN_POINT('',(-0.85,-1.25,0.));
#3400 = CIRCLE('',#3401,0.25);
#3401 = AXIS2_PLACEMENT_3D('',#3402,#3403,#3404);
#3402 = CARTESIAN_POINT('',(-0.85,-1.,0.));
#3403 = DIRECTION('',(-0.,0.,1.));
#3404 = DIRECTION('',(0.,-1.,0.));
#3405 = ORIENTED_EDGE('',*,*,#3406,.T.);
#3406 = EDGE_CURVE('',#3398,#3407,#3409,.T.);
#3407 = VERTEX_POINT('',#3408);
#3408 = CARTESIAN_POINT('',(-0.85,-1.25,8.75));
#3409 = LINE('',#3410,#3411);
#3410 = CARTESIAN_POINT('',(-0.85,-1.25,0.));
#3411 = VECTOR('',#3412,1.);
#3412 = DIRECTION('',(0.,0.,1.));
#3413 = ORIENTED_EDGE('',*,*,#3414,.T.);
#3414 = EDGE_CURVE('',#3407,#3359,#3415,.T.);
#3415 = CIRCLE('',#3416,0.25);
#3416 = AXIS2_PLACEMENT_3D('',#3417,#3418,#3419);
#3417 = CARTESIAN_POINT('',(-0.85,-1.,8.75));
#3418 = DIRECTION('',(-0.,-0.,-1.));
#3419 = DIRECTION('',(0.,-1.,0.));
#3420 = CYLINDRICAL_SURFACE('',#3421,0.25);
#3421 = AXIS2_PLACEMENT_3D('',#3422,#3423,#3424);
#3422 = CARTESIAN_POINT('',(-0.85,-1.,0.));
#3423 = DIRECTION('',(0.,0.,1.));
#3424 = DIRECTION('',(-1.,0.,0.));
#3425 = ADVANCED_FACE('',(#3426),#3453,.T.);
#3426 = FACE_BOUND('',#3427,.T.);
#3427 = EDGE_LOOP('',(#3428,#3438,#3445,#3446));
#3428 = ORIENTED_EDGE('',*,*,#3429,.T.);
#3429 = EDGE_CURVE('',#3430,#3432,#3434,.T.);
#3430 = VERTEX_POINT('',#3431);
#3431 = CARTESIAN_POINT('',(-0.85,-1.,9.));
#3432 = VERTEX_POINT('',#3433);
#3433 = CARTESIAN_POINT('',(-0.85,1.,9.));
#3434 = LINE('',#3435,#3436);
#3435 = CARTESIAN_POINT('',(-0.85,-1.,9.));
#3436 = VECTOR('',#3437,1.);
#3437 = DIRECTION('',(0.,1.,0.));
#3438 = ORIENTED_EDGE('',*,*,#3439,.T.);
#3439 = EDGE_CURVE('',#3432,#3375,#3440,.T.);
#3440 = CIRCLE('',#3441,0.25);
#3441 = AXIS2_PLACEMENT_3D('',#3442,#3443,#3444);
#3442 = CARTESIAN_POINT('',(-0.85,1.,8.75));
#3443 = DIRECTION('',(0.,-1.,0.));
#3444 = DIRECTION('',(0.,0.,1.));
#3445 = ORIENTED_EDGE('',*,*,#3382,.F.);
#3446 = ORIENTED_EDGE('',*,*,#3447,.F.);
#3447 = EDGE_CURVE('',#3430,#3359,#3448,.T.);
#3448 = CIRCLE('',#3449,0.25);
#3449 = AXIS2_PLACEMENT_3D('',#3450,#3451,#3452);
#3450 = CARTESIAN_POINT('',(-0.85,-1.,8.75));
#3451 = DIRECTION('',(6.123233995737E-17,-1.,0.));
#3452 = DIRECTION('',(-1.,-6.123233995737E-17,0.));
#3453 = CYLINDRICAL_SURFACE('',#3454,0.25);
#3454 = AXIS2_PLACEMENT_3D('',#3455,#3456,#3457);
#3455 = CARTESIAN_POINT('',(-0.85,-1.,8.75));
#3456 = DIRECTION('',(0.,1.,0.));
#3457 = DIRECTION('',(0.,-0.,1.));
#3458 = ADVANCED_FACE('',(#3459,#3512,#3523),#3534,.F.);
#3459 = FACE_BOUND('',#3460,.F.);
#3460 = EDGE_LOOP('',(#3461,#3462,#3463,#3471,#3480,#3488,#3497,#3505));
#3461 = ORIENTED_EDGE('',*,*,#3366,.F.);
#3462 = ORIENTED_EDGE('',*,*,#3397,.T.);
#3463 = ORIENTED_EDGE('',*,*,#3464,.T.);
#3464 = EDGE_CURVE('',#3398,#3465,#3467,.T.);
#3465 = VERTEX_POINT('',#3466);
#3466 = CARTESIAN_POINT('',(5.85,-1.25,0.));
#3467 = LINE('',#3468,#3469);
#3468 = CARTESIAN_POINT('',(-1.1,-1.25,0.));
#3469 = VECTOR('',#3470,1.);
#3470 = DIRECTION('',(1.,0.,0.));
#3471 = ORIENTED_EDGE('',*,*,#3472,.F.);
#3472 = EDGE_CURVE('',#3473,#3465,#3475,.T.);
#3473 = VERTEX_POINT('',#3474);
#3474 = CARTESIAN_POINT('',(6.1,-1.,0.));
#3475 = CIRCLE('',#3476,0.25);
#3476 = AXIS2_PLACEMENT_3D('',#3477,#3478,#3479);
#3477 = CARTESIAN_POINT('',(5.85,-1.,0.));
#3478 = DIRECTION('',(-0.,-0.,-1.));
#3479 = DIRECTION('',(0.,-1.,0.));
#3480 = ORIENTED_EDGE('',*,*,#3481,.T.);
#3481 = EDGE_CURVE('',#3473,#3482,#3484,.T.);
#3482 = VERTEX_POINT('',#3483);
#3483 = CARTESIAN_POINT('',(6.1,1.,0.));
#3484 = LINE('',#3485,#3486);
#3485 = CARTESIAN_POINT('',(6.1,-1.25,0.));
#3486 = VECTOR('',#3487,1.);
#3487 = DIRECTION('',(0.,1.,0.));
#3488 = ORIENTED_EDGE('',*,*,#3489,.T.);
#3489 = EDGE_CURVE('',#3482,#3490,#3492,.T.);
#3490 = VERTEX_POINT('',#3491);
#3491 = CARTESIAN_POINT('',(5.85,1.25,0.));
#3492 = CIRCLE('',#3493,0.25);
#3493 = AXIS2_PLACEMENT_3D('',#3494,#3495,#3496);
#3494 = CARTESIAN_POINT('',(5.85,1.,0.));
#3495 = DIRECTION('',(-0.,0.,1.));
#3496 = DIRECTION('',(0.,-1.,0.));
#3497 = ORIENTED_EDGE('',*,*,#3498,.F.);
#3498 = EDGE_CURVE('',#3499,#3490,#3501,.T.);
#3499 = VERTEX_POINT('',#3500);
#3500 = CARTESIAN_POINT('',(-0.85,1.25,0.));
#3501 = LINE('',#3502,#3503);
#3502 = CARTESIAN_POINT('',(-1.1,1.25,0.));
#3503 = VECTOR('',#3504,1.);
#3504 = DIRECTION('',(1.,0.,0.));
#3505 = ORIENTED_EDGE('',*,*,#3506,.F.);
#3506 = EDGE_CURVE('',#3367,#3499,#3507,.T.);
#3507 = CIRCLE('',#3508,0.25);
#3508 = AXIS2_PLACEMENT_3D('',#3509,#3510,#3511);
#3509 = CARTESIAN_POINT('',(-0.85,1.,0.));
#3510 = DIRECTION('',(-0.,-0.,-1.));
#3511 = DIRECTION('',(0.,-1.,0.));
#3512 = FACE_BOUND('',#3513,.F.);
#3513 = EDGE_LOOP('',(#3514));
#3514 = ORIENTED_EDGE('',*,*,#3515,.F.);
#3515 = EDGE_CURVE('',#3516,#3516,#3518,.T.);
#3516 = VERTEX_POINT('',#3517);
#3517 = CARTESIAN_POINT('',(0.25,0.,0.));
#3518 = CIRCLE('',#3519,0.25);
#3519 = AXIS2_PLACEMENT_3D('',#3520,#3521,#3522);
#3520 = CARTESIAN_POINT('',(0.,0.,0.));
#3521 = DIRECTION('',(0.,0.,1.));
#3522 = DIRECTION('',(1.,0.,-0.));
#3523 = FACE_BOUND('',#3524,.F.);
#3524 = EDGE_LOOP('',(#3525));
#3525 = ORIENTED_EDGE('',*,*,#3526,.F.);
#3526 = EDGE_CURVE('',#3527,#3527,#3529,.T.);
#3527 = VERTEX_POINT('',#3528);
#3528 = CARTESIAN_POINT('',(5.25,0.,0.));
#3529 = CIRCLE('',#3530,0.25);
#3530 = AXIS2_PLACEMENT_3D('',#3531,#3532,#3533);
#3531 = CARTESIAN_POINT('',(5.,0.,0.));
#3532 = DIRECTION('',(0.,0.,1.));
#3533 = DIRECTION('',(1.,0.,-0.));
#3534 = PLANE('',#3535);
#3535 = AXIS2_PLACEMENT_3D('',#3536,#3537,#3538);
#3536 = CARTESIAN_POINT('',(-1.1,-1.25,0.));
#3537 = DIRECTION('',(0.,0.,1.));
#3538 = DIRECTION('',(1.,0.,-0.));
#3539 = ADVANCED_FACE('',(#3540),#3559,.T.);
#3540 = FACE_BOUND('',#3541,.T.);
#3541 = EDGE_LOOP('',(#3542,#3551,#3557,#3558));
#3542 = ORIENTED_EDGE('',*,*,#3543,.T.);
#3543 = EDGE_CURVE('',#3375,#3544,#3546,.T.);
#3544 = VERTEX_POINT('',#3545);
#3545 = CARTESIAN_POINT('',(-0.85,1.25,8.75));
#3546 = CIRCLE('',#3547,0.25);
#3547 = AXIS2_PLACEMENT_3D('',#3548,#3549,#3550);
#3548 = CARTESIAN_POINT('',(-0.85,1.,8.75));
#3549 = DIRECTION('',(0.,0.,-1.));
#3550 = DIRECTION('',(-1.,0.,0.));
#3551 = ORIENTED_EDGE('',*,*,#3552,.F.);
#3552 = EDGE_CURVE('',#3499,#3544,#3553,.T.);
#3553 = LINE('',#3554,#3555);
#3554 = CARTESIAN_POINT('',(-0.85,1.25,0.));
#3555 = VECTOR('',#3556,1.);
#3556 = DIRECTION('',(0.,0.,1.));
#3557 = ORIENTED_EDGE('',*,*,#3506,.F.);
#3558 = ORIENTED_EDGE('',*,*,#3374,.T.);
#3559 = CYLINDRICAL_SURFACE('',#3560,0.25);
#3560 = AXIS2_PLACEMENT_3D('',#3561,#3562,#3563);
#3561 = CARTESIAN_POINT('',(-0.85,1.,0.));
#3562 = DIRECTION('',(0.,0.,1.));
#3563 = DIRECTION('',(-1.,0.,0.));
#3564 = ADVANCED_FACE('',(#3565),#3576,.T.);
#3565 = FACE_BOUND('',#3566,.T.);
#3566 = EDGE_LOOP('',(#3567,#3574,#3575));
#3567 = ORIENTED_EDGE('',*,*,#3568,.F.);
#3568 = EDGE_CURVE('',#3430,#3407,#3569,.T.);
#3569 = CIRCLE('',#3570,0.25);
#3570 = AXIS2_PLACEMENT_3D('',#3571,#3572,#3573);
#3571 = CARTESIAN_POINT('',(-0.85,-1.,8.75));
#3572 = DIRECTION('',(1.,0.,-0.));
#3573 = DIRECTION('',(0.,0.,1.));
#3574 = ORIENTED_EDGE('',*,*,#3447,.T.);
#3575 = ORIENTED_EDGE('',*,*,#3414,.F.);
#3576 = SPHERICAL_SURFACE('',#3577,0.25);
#3577 = AXIS2_PLACEMENT_3D('',#3578,#3579,#3580);
#3578 = CARTESIAN_POINT('',(-0.85,-1.,8.75));
#3579 = DIRECTION('',(-0.,-0.,-1.));
#3580 = DIRECTION('',(0.,-1.,0.));
#3581 = ADVANCED_FACE('',(#3582),#3600,.F.);
#3582 = FACE_BOUND('',#3583,.F.);
#3583 = EDGE_LOOP('',(#3584,#3585,#3593,#3599));
#3584 = ORIENTED_EDGE('',*,*,#3406,.T.);
#3585 = ORIENTED_EDGE('',*,*,#3586,.F.);
#3586 = EDGE_CURVE('',#3587,#3407,#3589,.T.);
#3587 = VERTEX_POINT('',#3588);
#3588 = CARTESIAN_POINT('',(5.85,-1.25,8.75));
#3589 = LINE('',#3590,#3591);
#3590 = CARTESIAN_POINT('',(5.85,-1.25,8.75));
#3591 = VECTOR('',#3592,1.);
#3592 = DIRECTION('',(-1.,-0.,-0.));
#3593 = ORIENTED_EDGE('',*,*,#3594,.F.);
#3594 = EDGE_CURVE('',#3465,#3587,#3595,.T.);
#3595 = LINE('',#3596,#3597);
#3596 = CARTESIAN_POINT('',(5.85,-1.25,0.));
#3597 = VECTOR('',#3598,1.);
#3598 = DIRECTION('',(0.,0.,1.));
#3599 = ORIENTED_EDGE('',*,*,#3464,.F.);
#3600 = PLANE('',#3601);
#3601 = AXIS2_PLACEMENT_3D('',#3602,#3603,#3604);
#3602 = CARTESIAN_POINT('',(-1.1,-1.25,0.));
#3603 = DIRECTION('',(0.,1.,0.));
#3604 = DIRECTION('',(0.,-0.,1.));
#3605 = ADVANCED_FACE('',(#3606),#3631,.T.);
#3606 = FACE_BOUND('',#3607,.T.);
#3607 = EDGE_LOOP('',(#3608,#3616,#3624,#3630));
#3608 = ORIENTED_EDGE('',*,*,#3609,.F.);
#3609 = EDGE_CURVE('',#3610,#3430,#3612,.T.);
#3610 = VERTEX_POINT('',#3611);
#3611 = CARTESIAN_POINT('',(5.85,-1.,9.));
#3612 = LINE('',#3613,#3614);
#3613 = CARTESIAN_POINT('',(5.85,-1.,9.));
#3614 = VECTOR('',#3615,1.);
#3615 = DIRECTION('',(-1.,-0.,-0.));
#3616 = ORIENTED_EDGE('',*,*,#3617,.F.);
#3617 = EDGE_CURVE('',#3618,#3610,#3620,.T.);
#3618 = VERTEX_POINT('',#3619);
#3619 = CARTESIAN_POINT('',(5.85,1.,9.));
#3620 = LINE('',#3621,#3622);
#3621 = CARTESIAN_POINT('',(5.85,1.,9.));
#3622 = VECTOR('',#3623,1.);
#3623 = DIRECTION('',(-0.,-1.,-0.));
#3624 = ORIENTED_EDGE('',*,*,#3625,.F.);
#3625 = EDGE_CURVE('',#3432,#3618,#3626,.T.);
#3626 = LINE('',#3627,#3628);
#3627 = CARTESIAN_POINT('',(-0.85,1.,9.));
#3628 = VECTOR('',#3629,1.);
#3629 = DIRECTION('',(1.,0.,0.));
#3630 = ORIENTED_EDGE('',*,*,#3429,.F.);
#3631 = PLANE('',#3632);
#3632 = AXIS2_PLACEMENT_3D('',#3633,#3634,#3635);
#3633 = CARTESIAN_POINT('',(-1.1,-1.25,9.));
#3634 = DIRECTION('',(0.,0.,1.));
#3635 = DIRECTION('',(1.,0.,-0.));
#3636 = ADVANCED_FACE('',(#3637),#3648,.T.);
#3637 = FACE_BOUND('',#3638,.T.);
#3638 = EDGE_LOOP('',(#3639,#3640,#3647));
#3639 = ORIENTED_EDGE('',*,*,#3439,.F.);
#3640 = ORIENTED_EDGE('',*,*,#3641,.T.);
#3641 = EDGE_CURVE('',#3432,#3544,#3642,.T.);
#3642 = CIRCLE('',#3643,0.25);
#3643 = AXIS2_PLACEMENT_3D('',#3644,#3645,#3646);
#3644 = CARTESIAN_POINT('',(-0.85,1.,8.75));
#3645 = DIRECTION('',(-1.,-6.123233995737E-17,-0.));
#3646 = DIRECTION('',(-6.123233995737E-17,1.,0.));
#3647 = ORIENTED_EDGE('',*,*,#3543,.F.);
#3648 = SPHERICAL_SURFACE('',#3649,0.25);
#3649 = AXIS2_PLACEMENT_3D('',#3650,#3651,#3652);
#3650 = CARTESIAN_POINT('',(-0.85,1.,8.75));
#3651 = DIRECTION('',(-0.,-0.,-1.));
#3652 = DIRECTION('',(-1.,0.,0.));
#3653 = ADVANCED_FACE('',(#3654),#3672,.T.);
#3654 = FACE_BOUND('',#3655,.T.);
#3655 = EDGE_LOOP('',(#3656,#3657,#3665,#3671));
#3656 = ORIENTED_EDGE('',*,*,#3552,.T.);
#3657 = ORIENTED_EDGE('',*,*,#3658,.T.);
#3658 = EDGE_CURVE('',#3544,#3659,#3661,.T.);
#3659 = VERTEX_POINT('',#3660);
#3660 = CARTESIAN_POINT('',(5.85,1.25,8.75));
#3661 = LINE('',#3662,#3663);
#3662 = CARTESIAN_POINT('',(-0.85,1.25,8.75));
#3663 = VECTOR('',#3664,1.);
#3664 = DIRECTION('',(1.,0.,0.));
#3665 = ORIENTED_EDGE('',*,*,#3666,.F.);
#3666 = EDGE_CURVE('',#3490,#3659,#3667,.T.);
#3667 = LINE('',#3668,#3669);
#3668 = CARTESIAN_POINT('',(5.85,1.25,0.));
#3669 = VECTOR('',#3670,1.);
#3670 = DIRECTION('',(0.,0.,1.));
#3671 = ORIENTED_EDGE('',*,*,#3498,.F.);
#3672 = PLANE('',#3673);
#3673 = AXIS2_PLACEMENT_3D('',#3674,#3675,#3676);
#3674 = CARTESIAN_POINT('',(-1.1,1.25,0.));
#3675 = DIRECTION('',(0.,1.,0.));
#3676 = DIRECTION('',(0.,-0.,1.));
#3677 = ADVANCED_FACE('',(#3678),#3697,.T.);
#3678 = FACE_BOUND('',#3679,.T.);
#3679 = EDGE_LOOP('',(#3680,#3689,#3690,#3691));
#3680 = ORIENTED_EDGE('',*,*,#3681,.T.);
#3681 = EDGE_CURVE('',#3682,#3587,#3684,.T.);
#3682 = VERTEX_POINT('',#3683);
#3683 = CARTESIAN_POINT('',(6.1,-1.,8.75));
#3684 = CIRCLE('',#3685,0.25);
#3685 = AXIS2_PLACEMENT_3D('',#3686,#3687,#3688);
#3686 = CARTESIAN_POINT('',(5.85,-1.,8.75));
#3687 = DIRECTION('',(0.,0.,-1.));
#3688 = DIRECTION('',(1.,0.,0.));
#3689 = ORIENTED_EDGE('',*,*,#3594,.F.);
#3690 = ORIENTED_EDGE('',*,*,#3472,.F.);
#3691 = ORIENTED_EDGE('',*,*,#3692,.T.);
#3692 = EDGE_CURVE('',#3473,#3682,#3693,.T.);
#3693 = LINE('',#3694,#3695);
#3694 = CARTESIAN_POINT('',(6.1,-1.,0.));
#3695 = VECTOR('',#3696,1.);
#3696 = DIRECTION('',(0.,0.,1.));
#3697 = CYLINDRICAL_SURFACE('',#3698,0.25);
#3698 = AXIS2_PLACEMENT_3D('',#3699,#3700,#3701);
#3699 = CARTESIAN_POINT('',(5.85,-1.,0.));
#3700 = DIRECTION('',(0.,0.,1.));
#3701 = DIRECTION('',(1.,0.,-0.));
#3702 = ADVANCED_FACE('',(#3703),#3722,.T.);
#3703 = FACE_BOUND('',#3704,.T.);
#3704 = EDGE_LOOP('',(#3705,#3713,#3714,#3715));
#3705 = ORIENTED_EDGE('',*,*,#3706,.F.);
#3706 = EDGE_CURVE('',#3482,#3707,#3709,.T.);
#3707 = VERTEX_POINT('',#3708);
#3708 = CARTESIAN_POINT('',(6.1,1.,8.75));
#3709 = LINE('',#3710,#3711);
#3710 = CARTESIAN_POINT('',(6.1,1.,0.));
#3711 = VECTOR('',#3712,1.);
#3712 = DIRECTION('',(0.,0.,1.));
#3713 = ORIENTED_EDGE('',*,*,#3489,.T.);
#3714 = ORIENTED_EDGE('',*,*,#3666,.T.);
#3715 = ORIENTED_EDGE('',*,*,#3716,.T.);
#3716 = EDGE_CURVE('',#3659,#3707,#3717,.T.);
#3717 = CIRCLE('',#3718,0.25);
#3718 = AXIS2_PLACEMENT_3D('',#3719,#3720,#3721);
#3719 = CARTESIAN_POINT('',(5.85,1.,8.75));
#3720 = DIRECTION('',(0.,0.,-1.));
#3721 = DIRECTION('',(0.,1.,0.));
#3722 = CYLINDRICAL_SURFACE('',#3723,0.25);
#3723 = AXIS2_PLACEMENT_3D('',#3724,#3725,#3726);
#3724 = CARTESIAN_POINT('',(5.85,1.,0.));
#3725 = DIRECTION('',(0.,0.,1.));
#3726 = DIRECTION('',(1.,0.,-0.));
#3727 = ADVANCED_FACE('',(#3728),#3739,.T.);
#3728 = FACE_BOUND('',#3729,.T.);
#3729 = EDGE_LOOP('',(#3730,#3731,#3732,#3733));
#3730 = ORIENTED_EDGE('',*,*,#3692,.F.);
#3731 = ORIENTED_EDGE('',*,*,#3481,.T.);
#3732 = ORIENTED_EDGE('',*,*,#3706,.T.);
#3733 = ORIENTED_EDGE('',*,*,#3734,.T.);
#3734 = EDGE_CURVE('',#3707,#3682,#3735,.T.);
#3735 = LINE('',#3736,#3737);
#3736 = CARTESIAN_POINT('',(6.1,1.,8.75));
#3737 = VECTOR('',#3738,1.);
#3738 = DIRECTION('',(-0.,-1.,-0.));
#3739 = PLANE('',#3740);
#3740 = AXIS2_PLACEMENT_3D('',#3741,#3742,#3743);
#3741 = CARTESIAN_POINT('',(6.1,-1.25,0.));
#3742 = DIRECTION('',(1.,0.,0.));
#3743 = DIRECTION('',(0.,0.,1.));
#3744 = ADVANCED_FACE('',(#3745),#3764,.T.);
#3745 = FACE_BOUND('',#3746,.T.);
#3746 = EDGE_LOOP('',(#3747,#3748,#3756,#3763));
#3747 = ORIENTED_EDGE('',*,*,#3515,.F.);
#3748 = ORIENTED_EDGE('',*,*,#3749,.T.);
#3749 = EDGE_CURVE('',#3516,#3750,#3752,.T.);
#3750 = VERTEX_POINT('',#3751);
#3751 = CARTESIAN_POINT('',(0.25,0.,-1.9));
#3752 = LINE('',#3753,#3754);
#3753 = CARTESIAN_POINT('',(0.25,0.,0.1));
#3754 = VECTOR('',#3755,1.);
#3755 = DIRECTION('',(-0.,-0.,-1.));
#3756 = ORIENTED_EDGE('',*,*,#3757,.T.);
#3757 = EDGE_CURVE('',#3750,#3750,#3758,.T.);
#3758 = CIRCLE('',#3759,0.25);
#3759 = AXIS2_PLACEMENT_3D('',#3760,#3761,#3762);
#3760 = CARTESIAN_POINT('',(0.,0.,-1.9));
#3761 = DIRECTION('',(0.,0.,1.));
#3762 = DIRECTION('',(1.,0.,-0.));
#3763 = ORIENTED_EDGE('',*,*,#3749,.F.);
#3764 = CYLINDRICAL_SURFACE('',#3765,0.25);
#3765 = AXIS2_PLACEMENT_3D('',#3766,#3767,#3768);
#3766 = CARTESIAN_POINT('',(0.,0.,0.1));
#3767 = DIRECTION('',(0.,0.,1.));
#3768 = DIRECTION('',(1.,0.,-0.));
#3769 = ADVANCED_FACE('',(#3770),#3789,.T.);
#3770 = FACE_BOUND('',#3771,.T.);
#3771 = EDGE_LOOP('',(#3772,#3773,#3781,#3788));
#3772 = ORIENTED_EDGE('',*,*,#3526,.F.);
#3773 = ORIENTED_EDGE('',*,*,#3774,.T.);
#3774 = EDGE_CURVE('',#3527,#3775,#3777,.T.);
#3775 = VERTEX_POINT('',#3776);
#3776 = CARTESIAN_POINT('',(5.25,0.,-1.9));
#3777 = LINE('',#3778,#3779);
#3778 = CARTESIAN_POINT('',(5.25,0.,0.1));
#3779 = VECTOR('',#3780,1.);
#3780 = DIRECTION('',(-0.,-0.,-1.));
#3781 = ORIENTED_EDGE('',*,*,#3782,.T.);
#3782 = EDGE_CURVE('',#3775,#3775,#3783,.T.);
#3783 = CIRCLE('',#3784,0.25);
#3784 = AXIS2_PLACEMENT_3D('',#3785,#3786,#3787);
#3785 = CARTESIAN_POINT('',(5.,0.,-1.9));
#3786 = DIRECTION('',(0.,0.,1.));
#3787 = DIRECTION('',(1.,0.,-0.));
#3788 = ORIENTED_EDGE('',*,*,#3774,.F.);
#3789 = CYLINDRICAL_SURFACE('',#3790,0.25);
#3790 = AXIS2_PLACEMENT_3D('',#3791,#3792,#3793);
#3791 = CARTESIAN_POINT('',(5.,0.,0.1));
#3792 = DIRECTION('',(0.,0.,1.));
#3793 = DIRECTION('',(1.,0.,-0.));
#3794 = ADVANCED_FACE('',(#3795),#3807,.T.);
#3795 = FACE_BOUND('',#3796,.T.);
#3796 = EDGE_LOOP('',(#3797,#3798,#3799,#3800));
#3797 = ORIENTED_EDGE('',*,*,#3609,.T.);
#3798 = ORIENTED_EDGE('',*,*,#3568,.T.);
#3799 = ORIENTED_EDGE('',*,*,#3586,.F.);
#3800 = ORIENTED_EDGE('',*,*,#3801,.F.);
#3801 = EDGE_CURVE('',#3610,#3587,#3802,.T.);
#3802 = CIRCLE('',#3803,0.25);
#3803 = AXIS2_PLACEMENT_3D('',#3804,#3805,#3806);
#3804 = CARTESIAN_POINT('',(5.85,-1.,8.75));
#3805 = DIRECTION('',(1.,6.123233995737E-17,0.));
#3806 = DIRECTION('',(6.123233995737E-17,-1.,0.));
#3807 = CYLINDRICAL_SURFACE('',#3808,0.25);
#3808 = AXIS2_PLACEMENT_3D('',#3809,#3810,#3811);
#3809 = CARTESIAN_POINT('',(5.85,-1.,8.75));
#3810 = DIRECTION('',(-1.,-0.,-0.));
#3811 = DIRECTION('',(-0.,0.,1.));
#3812 = ADVANCED_FACE('',(#3813),#3831,.T.);
#3813 = FACE_BOUND('',#3814,.T.);
#3814 = EDGE_LOOP('',(#3815,#3816,#3823,#3824));
#3815 = ORIENTED_EDGE('',*,*,#3617,.T.);
#3816 = ORIENTED_EDGE('',*,*,#3817,.T.);
#3817 = EDGE_CURVE('',#3610,#3682,#3818,.T.);
#3818 = CIRCLE('',#3819,0.25);
#3819 = AXIS2_PLACEMENT_3D('',#3820,#3821,#3822);
#3820 = CARTESIAN_POINT('',(5.85,-1.,8.75));
#3821 = DIRECTION('',(-0.,1.,0.));
#3822 = DIRECTION('',(1.,0.,0.));
#3823 = ORIENTED_EDGE('',*,*,#3734,.F.);
#3824 = ORIENTED_EDGE('',*,*,#3825,.F.);
#3825 = EDGE_CURVE('',#3618,#3707,#3826,.T.);
#3826 = CIRCLE('',#3827,0.25);
#3827 = AXIS2_PLACEMENT_3D('',#3828,#3829,#3830);
#3828 = CARTESIAN_POINT('',(5.85,1.,8.75));
#3829 = DIRECTION('',(-6.123233995737E-17,1.,0.));
#3830 = DIRECTION('',(1.,6.123233995737E-17,0.));
#3831 = CYLINDRICAL_SURFACE('',#3832,0.25);
#3832 = AXIS2_PLACEMENT_3D('',#3833,#3834,#3835);
#3833 = CARTESIAN_POINT('',(5.85,1.,8.75));
#3834 = DIRECTION('',(-0.,-1.,-0.));
#3835 = DIRECTION('',(0.,0.,1.));
#3836 = ADVANCED_FACE('',(#3837),#3849,.T.);
#3837 = FACE_BOUND('',#3838,.T.);
#3838 = EDGE_LOOP('',(#3839,#3840,#3847,#3848));
#3839 = ORIENTED_EDGE('',*,*,#3625,.T.);
#3840 = ORIENTED_EDGE('',*,*,#3841,.T.);
#3841 = EDGE_CURVE('',#3618,#3659,#3842,.T.);
#3842 = CIRCLE('',#3843,0.25);
#3843 = AXIS2_PLACEMENT_3D('',#3844,#3845,#3846);
#3844 = CARTESIAN_POINT('',(5.85,1.,8.75));
#3845 = DIRECTION('',(-1.,0.,0.));
#3846 = DIRECTION('',(0.,0.,1.));
#3847 = ORIENTED_EDGE('',*,*,#3658,.F.);
#3848 = ORIENTED_EDGE('',*,*,#3641,.F.);
#3849 = CYLINDRICAL_SURFACE('',#3850,0.25);
#3850 = AXIS2_PLACEMENT_3D('',#3851,#3852,#3853);
#3851 = CARTESIAN_POINT('',(-0.85,1.,8.75));
#3852 = DIRECTION('',(1.,0.,0.));
#3853 = DIRECTION('',(0.,0.,1.));
#3854 = ADVANCED_FACE('',(#3855),#3860,.T.);
#3855 = FACE_BOUND('',#3856,.T.);
#3856 = EDGE_LOOP('',(#3857,#3858,#3859));
#3857 = ORIENTED_EDGE('',*,*,#3817,.F.);
#3858 = ORIENTED_EDGE('',*,*,#3801,.T.);
#3859 = ORIENTED_EDGE('',*,*,#3681,.F.);
#3860 = SPHERICAL_SURFACE('',#3861,0.25);
#3861 = AXIS2_PLACEMENT_3D('',#3862,#3863,#3864);
#3862 = CARTESIAN_POINT('',(5.85,-1.,8.75));
#3863 = DIRECTION('',(-0.,-0.,-1.));
#3864 = DIRECTION('',(1.,0.,0.));
#3865 = ADVANCED_FACE('',(#3866),#3871,.T.);
#3866 = FACE_BOUND('',#3867,.T.);
#3867 = EDGE_LOOP('',(#3868,#3869,#3870));
#3868 = ORIENTED_EDGE('',*,*,#3841,.F.);
#3869 = ORIENTED_EDGE('',*,*,#3825,.T.);
#3870 = ORIENTED_EDGE('',*,*,#3716,.F.);
#3871 = SPHERICAL_SURFACE('',#3872,0.25);
#3872 = AXIS2_PLACEMENT_3D('',#3873,#3874,#3875);
#3873 = CARTESIAN_POINT('',(5.85,1.,8.75));
#3874 = DIRECTION('',(-0.,-0.,-1.));
#3875 = DIRECTION('',(0.,1.,-0.));
#3876 = ADVANCED_FACE('',(#3877),#3880,.F.);
#3877 = FACE_BOUND('',#3878,.F.);
#3878 = EDGE_LOOP('',(#3879));
#3879 = ORIENTED_EDGE('',*,*,#3757,.T.);
#3880 = PLANE('',#3881);
#3881 = AXIS2_PLACEMENT_3D('',#3882,#3883,#3884);
#3882 = CARTESIAN_POINT('',(-4.440892098501E-16,2.18439881135E-17,-1.9)
  );
#3883 = DIRECTION('',(0.,0.,1.));
#3884 = DIRECTION('',(1.,0.,-0.));
#3885 = ADVANCED_FACE('',(#3886),#3889,.F.);
#3886 = FACE_BOUND('',#3887,.F.);
#3887 = EDGE_LOOP('',(#3888));
#3888 = ORIENTED_EDGE('',*,*,#3782,.T.);
#3889 = PLANE('',#3890);
#3890 = AXIS2_PLACEMENT_3D('',#3891,#3892,#3893);
#3891 = CARTESIAN_POINT('',(5.,2.18439881135E-17,-1.9));
#3892 = DIRECTION('',(0.,0.,1.));
#3893 = DIRECTION('',(1.,0.,-0.));
#3894 = ( GEOMETRIC_REPRESENTATION_CONTEXT(3) 
GLOBAL_UNCERTAINTY_ASSIGNED_CONTEXT((#3898)) 
GLOBAL_UNIT_ASSIGNED_CONTEXT((#3895,#3896,#3897)) REPRESENTATION_CONTEXT
('Context #1','3D Context with UNIT and UNCERTAINTY') );
#3895 = ( LENGTH_UNIT() NAMED_UNIT(*) SI_UNIT(.MILLI.,.METRE.) );
#3896 = ( NAMED_UNIT(*) PLANE_ANGLE_UNIT() SI_UNIT($,.RADIAN.) );
#3897 = ( NAMED_UNIT(*) SI_UNIT($,.STERADIAN.) SOLID_ANGLE_UNIT() );
#3898 = UNCERTAINTY_MEASURE_WITH_UNIT(LENGTH_MEASURE(1.E-07),#3895,
  'distance_accuracy_value','confusion accuracy');
#3899 = CONTEXT_DEPENDENT_SHAPE_REPRESENTATION(#3900,#3902);
#3900 = ( REPRESENTATION_RELATIONSHIP('','',#3349,#10) 
REPRESENTATION_RELATIONSHIP_WITH_TRANSFORMATION(#3901) 
SHAPE_REPRESENTATION_RELATIONSHIP() );
#3901 = ITEM_DEFINED_TRANSFORMATION('','',#11,#31);
#3902 = PRODUCT_DEFINITION_SHAPE('Placement','Placement of an item',
  #3903);
#3903 = NEXT_ASSEMBLY_USAGE_OCCURRENCE('5','C2','',#5,#3344,$);
#3904 = PRODUCT_RELATED_PRODUCT_CATEGORY('part',$,(#3346));
#3905 = CONTEXT_DEPENDENT_SHAPE_REPRESENTATION(#3906,#3908);
#3906 = ( REPRESENTATION_RELATIONSHIP('','',#3349,#10) 
REPRESENTATION_RELATIONSHIP_WITH_TRANSFORMATION(#3907) 
SHAPE_REPRESENTATION_RELATIONSHIP() );
#3907 = ITEM_DEFINED_TRANSFORMATION('','',#11,#35);
#3908 = PRODUCT_DEFINITION_SHAPE('Placement','Placement of an item',
  #3909);
#3909 = NEXT_ASSEMBLY_USAGE_OCCURRENCE('6','C9','',#5,#3344,$);
#3910 = SHAPE_DEFINITION_REPRESENTATION(#3911,#3917);
#3911 = PRODUCT_DEFINITION_SHAPE('','',#3912);
#3912 = PRODUCT_DEFINITION('design','',#3913,#3916);
#3913 = PRODUCT_DEFINITION_FORMATION('','',#3914);
#3914 = PRODUCT('LED_D5.0mm_Clear','LED_D5.0mm_Clear','',(#3915));
#3915 = PRODUCT_CONTEXT('',#2,'mechanical');
#3916 = PRODUCT_DEFINITION_CONTEXT('part definition',#2,'design');
#3917 = ADVANCED_BREP_SHAPE_REPRESENTATION('',(#11,#3918),#4343);
#3918 = MANIFOLD_SOLID_BREP('',#3919);
#3919 = CLOSED_SHELL('',(#3920,#3947,#3972,#4000,#4032,#4049,#4127,#4158
    ,#4182,#4206,#4223,#4254,#4278,#4302,#4319,#4331));
#3920 = ADVANCED_FACE('',(#3921),#3942,.T.);
#3921 = FACE_BOUND('',#3922,.T.);
#3922 = EDGE_LOOP('',(#3923,#3934,#3935));
#3923 = ORIENTED_EDGE('',*,*,#3924,.T.);
#3924 = EDGE_CURVE('',#3925,#3927,#3929,.T.);
#3925 = VERTEX_POINT('',#3926);
#3926 = CARTESIAN_POINT('',(3.72,6.095124405192E-15,9.15));
#3927 = VERTEX_POINT('',#3928);
#3928 = CARTESIAN_POINT('',(1.27,7.727152251391E-15,11.6));
#3929 = CIRCLE('',#3930,2.45);
#3930 = AXIS2_PLACEMENT_3D('',#3931,#3932,#3933);
#3931 = CARTESIAN_POINT('',(1.27,6.095124405192E-15,9.15));
#3932 = DIRECTION('',(0.,-1.,6.661338147751E-16));
#3933 = DIRECTION('',(1.,0.,0.));
#3934 = ORIENTED_EDGE('',*,*,#3924,.F.);
#3935 = ORIENTED_EDGE('',*,*,#3936,.F.);
#3936 = EDGE_CURVE('',#3925,#3925,#3937,.T.);
#3937 = CIRCLE('',#3938,2.45);
#3938 = AXIS2_PLACEMENT_3D('',#3939,#3940,#3941);
#3939 = CARTESIAN_POINT('',(1.27,4.063416270128E-15,9.15));
#3940 = DIRECTION('',(-4.379057701015E-47,-4.440892098501E-16,-1.));
#3941 = DIRECTION('',(1.,8.292686265567E-16,-3.68269249121E-31));
#3942 = SPHERICAL_SURFACE('',#3943,2.45);
#3943 = AXIS2_PLACEMENT_3D('',#3944,#3945,#3946);
#3944 = CARTESIAN_POINT('',(1.27,6.095124405192E-15,9.15));
#3945 = DIRECTION('',(0.,4.440892098501E-16,1.));
#3946 = DIRECTION('',(1.,1.394807543452E-15,-6.194189798646E-31));
#3947 = ADVANCED_FACE('',(#3948),#3967,.T.);
#3948 = FACE_BOUND('',#3949,.T.);
#3949 = EDGE_LOOP('',(#3950,#3958,#3959,#3960));
#3950 = ORIENTED_EDGE('',*,*,#3951,.F.);
#3951 = EDGE_CURVE('',#3925,#3952,#3954,.T.);
#3952 = VERTEX_POINT('',#3953);
#3953 = CARTESIAN_POINT('',(3.72,2.6645352591E-15,4.));
#3954 = LINE('',#3955,#3956);
#3955 = CARTESIAN_POINT('',(3.72,6.095124405192E-15,9.15));
#3956 = VECTOR('',#3957,1.);
#3957 = DIRECTION('',(0.,-6.661338147751E-16,-1.));
#3958 = ORIENTED_EDGE('',*,*,#3936,.T.);
#3959 = ORIENTED_EDGE('',*,*,#3951,.T.);
#3960 = ORIENTED_EDGE('',*,*,#3961,.F.);
#3961 = EDGE_CURVE('',#3952,#3952,#3962,.T.);
#3962 = CIRCLE('',#3963,2.45);
#3963 = AXIS2_PLACEMENT_3D('',#3964,#3965,#3966);
#3964 = CARTESIAN_POINT('',(1.27,1.7763568394E-15,4.));
#3965 = DIRECTION('',(-2.189528850508E-47,-4.440892098501E-16,-1.));
#3966 = DIRECTION('',(1.,3.625218039592E-16,-1.609920214737E-31));
#3967 = CYLINDRICAL_SURFACE('',#3968,2.45);
#3968 = AXIS2_PLACEMENT_3D('',#3969,#3970,#3971);
#3969 = CARTESIAN_POINT('',(1.27,4.063416270128E-15,9.15));
#3970 = DIRECTION('',(0.,-4.440892098501E-16,-1.));
#3971 = DIRECTION('',(1.,8.292686265567E-16,-3.68269249121E-31));
#3972 = ADVANCED_FACE('',(#3973,#3992),#3995,.F.);
#3973 = FACE_BOUND('',#3974,.F.);
#3974 = EDGE_LOOP('',(#3975,#3986));
#3975 = ORIENTED_EDGE('',*,*,#3976,.F.);
#3976 = EDGE_CURVE('',#3977,#3979,#3981,.T.);
#3977 = VERTEX_POINT('',#3978);
#3978 = CARTESIAN_POINT('',(-1.229999999999,-1.46969384567,4.));
#3979 = VERTEX_POINT('',#3980);
#3980 = CARTESIAN_POINT('',(-1.23,1.469693845669,4.));
#3981 = CIRCLE('',#3982,2.9);
#3982 = AXIS2_PLACEMENT_3D('',#3983,#3984,#3985);
#3983 = CARTESIAN_POINT('',(1.27,0.,4.));
#3984 = DIRECTION('',(0.,0.,1.));
#3985 = DIRECTION('',(1.,0.,-0.));
#3986 = ORIENTED_EDGE('',*,*,#3987,.T.);
#3987 = EDGE_CURVE('',#3977,#3979,#3988,.T.);
#3988 = LINE('',#3989,#3990);
#3989 = CARTESIAN_POINT('',(-1.229999999999,-1.46969384567,4.));
#3990 = VECTOR('',#3991,1.);
#3991 = DIRECTION('',(0.,1.,0.));
#3992 = FACE_BOUND('',#3993,.F.);
#3993 = EDGE_LOOP('',(#3994));
#3994 = ORIENTED_EDGE('',*,*,#3961,.F.);
#3995 = PLANE('',#3996);
#3996 = AXIS2_PLACEMENT_3D('',#3997,#3998,#3999);
#3997 = CARTESIAN_POINT('',(-1.229999999999,-1.469693845671,4.));
#3998 = DIRECTION('',(0.,0.,-1.));
#3999 = DIRECTION('',(-1.,0.,0.));
#4000 = ADVANCED_FACE('',(#4001),#4027,.T.);
#4001 = FACE_BOUND('',#4002,.T.);
#4002 = EDGE_LOOP('',(#4003,#4014,#4020,#4021));
#4003 = ORIENTED_EDGE('',*,*,#4004,.T.);
#4004 = EDGE_CURVE('',#4005,#4007,#4009,.T.);
#4005 = VERTEX_POINT('',#4006);
#4006 = CARTESIAN_POINT('',(-1.229999999999,-1.46969384567,3.));
#4007 = VERTEX_POINT('',#4008);
#4008 = CARTESIAN_POINT('',(-1.23,1.469693845669,3.));
#4009 = CIRCLE('',#4010,2.9);
#4010 = AXIS2_PLACEMENT_3D('',#4011,#4012,#4013);
#4011 = CARTESIAN_POINT('',(1.27,0.,3.));
#4012 = DIRECTION('',(0.,0.,1.));
#4013 = DIRECTION('',(1.,0.,-0.));
#4014 = ORIENTED_EDGE('',*,*,#4015,.T.);
#4015 = EDGE_CURVE('',#4007,#3979,#4016,.T.);
#4016 = LINE('',#4017,#4018);
#4017 = CARTESIAN_POINT('',(-1.23,1.469693845669,3.));
#4018 = VECTOR('',#4019,1.);
#4019 = DIRECTION('',(0.,0.,1.));
#4020 = ORIENTED_EDGE('',*,*,#3976,.F.);
#4021 = ORIENTED_EDGE('',*,*,#4022,.F.);
#4022 = EDGE_CURVE('',#4005,#3977,#4023,.T.);
#4023 = LINE('',#4024,#4025);
#4024 = CARTESIAN_POINT('',(-1.229999999999,-1.46969384567,3.));
#4025 = VECTOR('',#4026,1.);
#4026 = DIRECTION('',(0.,0.,1.));
#4027 = CYLINDRICAL_SURFACE('',#4028,2.9);
#4028 = AXIS2_PLACEMENT_3D('',#4029,#4030,#4031);
#4029 = CARTESIAN_POINT('',(1.27,0.,3.));
#4030 = DIRECTION('',(-0.,-0.,-1.));
#4031 = DIRECTION('',(1.,0.,0.));
#4032 = ADVANCED_FACE('',(#4033),#4044,.T.);
#4033 = FACE_BOUND('',#4034,.T.);
#4034 = EDGE_LOOP('',(#4035,#4036,#4037,#4038));
#4035 = ORIENTED_EDGE('',*,*,#4022,.T.);
#4036 = ORIENTED_EDGE('',*,*,#3987,.T.);
#4037 = ORIENTED_EDGE('',*,*,#4015,.F.);
#4038 = ORIENTED_EDGE('',*,*,#4039,.F.);
#4039 = EDGE_CURVE('',#4005,#4007,#4040,.T.);
#4040 = LINE('',#4041,#4042);
#4041 = CARTESIAN_POINT('',(-1.229999999999,-1.46969384567,3.));
#4042 = VECTOR('',#4043,1.);
#4043 = DIRECTION('',(0.,1.,0.));
#4044 = PLANE('',#4045);
#4045 = AXIS2_PLACEMENT_3D('',#4046,#4047,#4048);
#4046 = CARTESIAN_POINT('',(-1.229999999999,-1.46969384567,3.));
#4047 = DIRECTION('',(-1.,0.,0.));
#4048 = DIRECTION('',(0.,1.,0.));
#4049 = ADVANCED_FACE('',(#4050,#4054,#4088),#4122,.T.);
#4050 = FACE_BOUND('',#4051,.T.);
#4051 = EDGE_LOOP('',(#4052,#4053));
#4052 = ORIENTED_EDGE('',*,*,#4004,.F.);
#4053 = ORIENTED_EDGE('',*,*,#4039,.T.);
#4054 = FACE_BOUND('',#4055,.T.);
#4055 = EDGE_LOOP('',(#4056,#4066,#4074,#4082));
#4056 = ORIENTED_EDGE('',*,*,#4057,.T.);
#4057 = EDGE_CURVE('',#4058,#4060,#4062,.T.);
#4058 = VERTEX_POINT('',#4059);
#4059 = CARTESIAN_POINT('',(-0.2,-0.2,3.));
#4060 = VERTEX_POINT('',#4061);
#4061 = CARTESIAN_POINT('',(0.2,-0.2,3.));
#4062 = LINE('',#4063,#4064);
#4063 = CARTESIAN_POINT('',(-0.515,-0.2,3.));
#4064 = VECTOR('',#4065,1.);
#4065 = DIRECTION('',(1.,0.,0.));
#4066 = ORIENTED_EDGE('',*,*,#4067,.T.);
#4067 = EDGE_CURVE('',#4060,#4068,#4070,.T.);
#4068 = VERTEX_POINT('',#4069);
#4069 = CARTESIAN_POINT('',(0.2,0.2,3.));
#4070 = LINE('',#4071,#4072);
#4071 = CARTESIAN_POINT('',(0.2,-0.634846922835,3.));
#4072 = VECTOR('',#4073,1.);
#4073 = DIRECTION('',(0.,1.,0.));
#4074 = ORIENTED_EDGE('',*,*,#4075,.T.);
#4075 = EDGE_CURVE('',#4068,#4076,#4078,.T.);
#4076 = VERTEX_POINT('',#4077);
#4077 = CARTESIAN_POINT('',(-0.2,0.2,3.));
#4078 = LINE('',#4079,#4080);
#4079 = CARTESIAN_POINT('',(-0.715,0.2,3.));
#4080 = VECTOR('',#4081,1.);
#4081 = DIRECTION('',(-1.,-0.,-0.));
#4082 = ORIENTED_EDGE('',*,*,#4083,.T.);
#4083 = EDGE_CURVE('',#4076,#4058,#4084,.T.);
#4084 = LINE('',#4085,#4086);
#4085 = CARTESIAN_POINT('',(-0.2,-0.834846922835,3.));
#4086 = VECTOR('',#4087,1.);
#4087 = DIRECTION('',(0.,-1.,0.));
#4088 = FACE_BOUND('',#4089,.T.);
#4089 = EDGE_LOOP('',(#4090,#4100,#4108,#4116));
#4090 = ORIENTED_EDGE('',*,*,#4091,.T.);
#4091 = EDGE_CURVE('',#4092,#4094,#4096,.T.);
#4092 = VERTEX_POINT('',#4093);
#4093 = CARTESIAN_POINT('',(2.34,0.2,3.));
#4094 = VERTEX_POINT('',#4095);
#4095 = CARTESIAN_POINT('',(2.34,-0.2,3.));
#4096 = LINE('',#4097,#4098);
#4097 = CARTESIAN_POINT('',(2.34,-0.834846922835,3.));
#4098 = VECTOR('',#4099,1.);
#4099 = DIRECTION('',(0.,-1.,0.));
#4100 = ORIENTED_EDGE('',*,*,#4101,.T.);
#4101 = EDGE_CURVE('',#4094,#4102,#4104,.T.);
#4102 = VERTEX_POINT('',#4103);
#4103 = CARTESIAN_POINT('',(2.74,-0.2,3.));
#4104 = LINE('',#4105,#4106);
#4105 = CARTESIAN_POINT('',(0.755,-0.2,3.));
#4106 = VECTOR('',#4107,1.);
#4107 = DIRECTION('',(1.,0.,0.));
#4108 = ORIENTED_EDGE('',*,*,#4109,.T.);
#4109 = EDGE_CURVE('',#4102,#4110,#4112,.T.);
#4110 = VERTEX_POINT('',#4111);
#4111 = CARTESIAN_POINT('',(2.74,0.2,3.));
#4112 = LINE('',#4113,#4114);
#4113 = CARTESIAN_POINT('',(2.74,-0.634846922835,3.));
#4114 = VECTOR('',#4115,1.);
#4115 = DIRECTION('',(0.,1.,0.));
#4116 = ORIENTED_EDGE('',*,*,#4117,.T.);
#4117 = EDGE_CURVE('',#4110,#4092,#4118,.T.);
#4118 = LINE('',#4119,#4120);
#4119 = CARTESIAN_POINT('',(0.555,0.2,3.));
#4120 = VECTOR('',#4121,1.);
#4121 = DIRECTION('',(-1.,-0.,-0.));
#4122 = PLANE('',#4123);
#4123 = AXIS2_PLACEMENT_3D('',#4124,#4125,#4126);
#4124 = CARTESIAN_POINT('',(-1.229999999999,-1.469693845671,3.));
#4125 = DIRECTION('',(0.,0.,-1.));
#4126 = DIRECTION('',(-1.,0.,0.));
#4127 = ADVANCED_FACE('',(#4128),#4153,.F.);
#4128 = FACE_BOUND('',#4129,.F.);
#4129 = EDGE_LOOP('',(#4130,#4131,#4139,#4147));
#4130 = ORIENTED_EDGE('',*,*,#4057,.T.);
#4131 = ORIENTED_EDGE('',*,*,#4132,.T.);
#4132 = EDGE_CURVE('',#4060,#4133,#4135,.T.);
#4133 = VERTEX_POINT('',#4134);
#4134 = CARTESIAN_POINT('',(0.2,-0.2,-2.5));
#4135 = LINE('',#4136,#4137);
#4136 = CARTESIAN_POINT('',(0.2,-0.2,3.5));
#4137 = VECTOR('',#4138,1.);
#4138 = DIRECTION('',(-0.,-0.,-1.));
#4139 = ORIENTED_EDGE('',*,*,#4140,.T.);
#4140 = EDGE_CURVE('',#4133,#4141,#4143,.T.);
#4141 = VERTEX_POINT('',#4142);
#4142 = CARTESIAN_POINT('',(-0.2,-0.2,-2.5));
#4143 = LINE('',#4144,#4145);
#4144 = CARTESIAN_POINT('',(0.2,-0.2,-2.5));
#4145 = VECTOR('',#4146,1.);
#4146 = DIRECTION('',(-1.,0.,0.));
#4147 = ORIENTED_EDGE('',*,*,#4148,.F.);
#4148 = EDGE_CURVE('',#4058,#4141,#4149,.T.);
#4149 = LINE('',#4150,#4151);
#4150 = CARTESIAN_POINT('',(-0.2,-0.2,3.5));
#4151 = VECTOR('',#4152,1.);
#4152 = DIRECTION('',(-0.,-0.,-1.));
#4153 = PLANE('',#4154);
#4154 = AXIS2_PLACEMENT_3D('',#4155,#4156,#4157);
#4155 = CARTESIAN_POINT('',(0.2,-0.2,3.5));
#4156 = DIRECTION('',(0.,1.,0.));
#4157 = DIRECTION('',(-1.,0.,0.));
#4158 = ADVANCED_FACE('',(#4159),#4177,.F.);
#4159 = FACE_BOUND('',#4160,.F.);
#4160 = EDGE_LOOP('',(#4161,#4162,#4163,#4171));
#4161 = ORIENTED_EDGE('',*,*,#4083,.T.);
#4162 = ORIENTED_EDGE('',*,*,#4148,.T.);
#4163 = ORIENTED_EDGE('',*,*,#4164,.T.);
#4164 = EDGE_CURVE('',#4141,#4165,#4167,.T.);
#4165 = VERTEX_POINT('',#4166);
#4166 = CARTESIAN_POINT('',(-0.2,0.2,-2.5));
#4167 = LINE('',#4168,#4169);
#4168 = CARTESIAN_POINT('',(-0.2,-0.2,-2.5));
#4169 = VECTOR('',#4170,1.);
#4170 = DIRECTION('',(0.,1.,0.));
#4171 = ORIENTED_EDGE('',*,*,#4172,.F.);
#4172 = EDGE_CURVE('',#4076,#4165,#4173,.T.);
#4173 = LINE('',#4174,#4175);
#4174 = CARTESIAN_POINT('',(-0.2,0.2,3.5));
#4175 = VECTOR('',#4176,1.);
#4176 = DIRECTION('',(-0.,-0.,-1.));
#4177 = PLANE('',#4178);
#4178 = AXIS2_PLACEMENT_3D('',#4179,#4180,#4181);
#4179 = CARTESIAN_POINT('',(-0.2,-0.2,3.5));
#4180 = DIRECTION('',(1.,0.,0.));
#4181 = DIRECTION('',(-0.,1.,0.));
#4182 = ADVANCED_FACE('',(#4183),#4201,.F.);
#4183 = FACE_BOUND('',#4184,.F.);
#4184 = EDGE_LOOP('',(#4185,#4186,#4187,#4195));
#4185 = ORIENTED_EDGE('',*,*,#4075,.T.);
#4186 = ORIENTED_EDGE('',*,*,#4172,.T.);
#4187 = ORIENTED_EDGE('',*,*,#4188,.T.);
#4188 = EDGE_CURVE('',#4165,#4189,#4191,.T.);
#4189 = VERTEX_POINT('',#4190);
#4190 = CARTESIAN_POINT('',(0.2,0.2,-2.5));
#4191 = LINE('',#4192,#4193);
#4192 = CARTESIAN_POINT('',(-0.2,0.2,-2.5));
#4193 = VECTOR('',#4194,1.);
#4194 = DIRECTION('',(1.,0.,0.));
#4195 = ORIENTED_EDGE('',*,*,#4196,.F.);
#4196 = EDGE_CURVE('',#4068,#4189,#4197,.T.);
#4197 = LINE('',#4198,#4199);
#4198 = CARTESIAN_POINT('',(0.2,0.2,3.5));
#4199 = VECTOR('',#4200,1.);
#4200 = DIRECTION('',(-0.,-0.,-1.));
#4201 = PLANE('',#4202);
#4202 = AXIS2_PLACEMENT_3D('',#4203,#4204,#4205);
#4203 = CARTESIAN_POINT('',(-0.2,0.2,3.5));
#4204 = DIRECTION('',(0.,-1.,0.));
#4205 = DIRECTION('',(1.,0.,0.));
#4206 = ADVANCED_FACE('',(#4207),#4218,.F.);
#4207 = FACE_BOUND('',#4208,.F.);
#4208 = EDGE_LOOP('',(#4209,#4210,#4211,#4217));
#4209 = ORIENTED_EDGE('',*,*,#4067,.T.);
#4210 = ORIENTED_EDGE('',*,*,#4196,.T.);
#4211 = ORIENTED_EDGE('',*,*,#4212,.T.);
#4212 = EDGE_CURVE('',#4189,#4133,#4213,.T.);
#4213 = LINE('',#4214,#4215);
#4214 = CARTESIAN_POINT('',(0.2,0.2,-2.5));
#4215 = VECTOR('',#4216,1.);
#4216 = DIRECTION('',(0.,-1.,0.));
#4217 = ORIENTED_EDGE('',*,*,#4132,.F.);
#4218 = PLANE('',#4219);
#4219 = AXIS2_PLACEMENT_3D('',#4220,#4221,#4222);
#4220 = CARTESIAN_POINT('',(0.2,0.2,3.5));
#4221 = DIRECTION('',(-1.,0.,0.));
#4222 = DIRECTION('',(0.,-1.,0.));
#4223 = ADVANCED_FACE('',(#4224),#4249,.F.);
#4224 = FACE_BOUND('',#4225,.F.);
#4225 = EDGE_LOOP('',(#4226,#4227,#4235,#4243));
#4226 = ORIENTED_EDGE('',*,*,#4091,.T.);
#4227 = ORIENTED_EDGE('',*,*,#4228,.T.);
#4228 = EDGE_CURVE('',#4094,#4229,#4231,.T.);
#4229 = VERTEX_POINT('',#4230);
#4230 = CARTESIAN_POINT('',(2.34,-0.2,-2.5));
#4231 = LINE('',#4232,#4233);
#4232 = CARTESIAN_POINT('',(2.34,-0.2,3.5));
#4233 = VECTOR('',#4234,1.);
#4234 = DIRECTION('',(-0.,-0.,-1.));
#4235 = ORIENTED_EDGE('',*,*,#4236,.T.);
#4236 = EDGE_CURVE('',#4229,#4237,#4239,.T.);
#4237 = VERTEX_POINT('',#4238);
#4238 = CARTESIAN_POINT('',(2.34,0.2,-2.5));
#4239 = LINE('',#4240,#4241);
#4240 = CARTESIAN_POINT('',(2.34,-0.2,-2.5));
#4241 = VECTOR('',#4242,1.);
#4242 = DIRECTION('',(0.,1.,0.));
#4243 = ORIENTED_EDGE('',*,*,#4244,.F.);
#4244 = EDGE_CURVE('',#4092,#4237,#4245,.T.);
#4245 = LINE('',#4246,#4247);
#4246 = CARTESIAN_POINT('',(2.34,0.2,3.5));
#4247 = VECTOR('',#4248,1.);
#4248 = DIRECTION('',(-0.,-0.,-1.));
#4249 = PLANE('',#4250);
#4250 = AXIS2_PLACEMENT_3D('',#4251,#4252,#4253);
#4251 = CARTESIAN_POINT('',(2.34,-0.2,3.5));
#4252 = DIRECTION('',(1.,0.,0.));
#4253 = DIRECTION('',(-0.,1.,0.));
#4254 = ADVANCED_FACE('',(#4255),#4273,.F.);
#4255 = FACE_BOUND('',#4256,.F.);
#4256 = EDGE_LOOP('',(#4257,#4258,#4259,#4267));
#4257 = ORIENTED_EDGE('',*,*,#4117,.T.);
#4258 = ORIENTED_EDGE('',*,*,#4244,.T.);
#4259 = ORIENTED_EDGE('',*,*,#4260,.T.);
#4260 = EDGE_CURVE('',#4237,#4261,#4263,.T.);
#4261 = VERTEX_POINT('',#4262);
#4262 = CARTESIAN_POINT('',(2.74,0.2,-2.5));
#4263 = LINE('',#4264,#4265);
#4264 = CARTESIAN_POINT('',(2.34,0.2,-2.5));
#4265 = VECTOR('',#4266,1.);
#4266 = DIRECTION('',(1.,0.,0.));
#4267 = ORIENTED_EDGE('',*,*,#4268,.F.);
#4268 = EDGE_CURVE('',#4110,#4261,#4269,.T.);
#4269 = LINE('',#4270,#4271);
#4270 = CARTESIAN_POINT('',(2.74,0.2,3.5));
#4271 = VECTOR('',#4272,1.);
#4272 = DIRECTION('',(-0.,-0.,-1.));
#4273 = PLANE('',#4274);
#4274 = AXIS2_PLACEMENT_3D('',#4275,#4276,#4277);
#4275 = CARTESIAN_POINT('',(2.34,0.2,3.5));
#4276 = DIRECTION('',(0.,-1.,0.));
#4277 = DIRECTION('',(1.,0.,0.));
#4278 = ADVANCED_FACE('',(#4279),#4297,.F.);
#4279 = FACE_BOUND('',#4280,.F.);
#4280 = EDGE_LOOP('',(#4281,#4282,#4283,#4291));
#4281 = ORIENTED_EDGE('',*,*,#4109,.T.);
#4282 = ORIENTED_EDGE('',*,*,#4268,.T.);
#4283 = ORIENTED_EDGE('',*,*,#4284,.T.);
#4284 = EDGE_CURVE('',#4261,#4285,#4287,.T.);
#4285 = VERTEX_POINT('',#4286);
#4286 = CARTESIAN_POINT('',(2.74,-0.2,-2.5));
#4287 = LINE('',#4288,#4289);
#4288 = CARTESIAN_POINT('',(2.74,0.2,-2.5));
#4289 = VECTOR('',#4290,1.);
#4290 = DIRECTION('',(0.,-1.,0.));
#4291 = ORIENTED_EDGE('',*,*,#4292,.F.);
#4292 = EDGE_CURVE('',#4102,#4285,#4293,.T.);
#4293 = LINE('',#4294,#4295);
#4294 = CARTESIAN_POINT('',(2.74,-0.2,3.5));
#4295 = VECTOR('',#4296,1.);
#4296 = DIRECTION('',(-0.,-0.,-1.));
#4297 = PLANE('',#4298);
#4298 = AXIS2_PLACEMENT_3D('',#4299,#4300,#4301);
#4299 = CARTESIAN_POINT('',(2.74,0.2,3.5));
#4300 = DIRECTION('',(-1.,0.,0.));
#4301 = DIRECTION('',(0.,-1.,0.));
#4302 = ADVANCED_FACE('',(#4303),#4314,.F.);
#4303 = FACE_BOUND('',#4304,.F.);
#4304 = EDGE_LOOP('',(#4305,#4306,#4307,#4313));
#4305 = ORIENTED_EDGE('',*,*,#4101,.T.);
#4306 = ORIENTED_EDGE('',*,*,#4292,.T.);
#4307 = ORIENTED_EDGE('',*,*,#4308,.T.);
#4308 = EDGE_CURVE('',#4285,#4229,#4309,.T.);
#4309 = LINE('',#4310,#4311);
#4310 = CARTESIAN_POINT('',(2.74,-0.2,-2.5));
#4311 = VECTOR('',#4312,1.);
#4312 = DIRECTION('',(-1.,0.,0.));
#4313 = ORIENTED_EDGE('',*,*,#4228,.F.);
#4314 = PLANE('',#4315);
#4315 = AXIS2_PLACEMENT_3D('',#4316,#4317,#4318);
#4316 = CARTESIAN_POINT('',(2.74,-0.2,3.5));
#4317 = DIRECTION('',(0.,1.,0.));
#4318 = DIRECTION('',(-1.,0.,0.));
#4319 = ADVANCED_FACE('',(#4320),#4326,.F.);
#4320 = FACE_BOUND('',#4321,.T.);
#4321 = EDGE_LOOP('',(#4322,#4323,#4324,#4325));
#4322 = ORIENTED_EDGE('',*,*,#4188,.T.);
#4323 = ORIENTED_EDGE('',*,*,#4212,.T.);
#4324 = ORIENTED_EDGE('',*,*,#4140,.T.);
#4325 = ORIENTED_EDGE('',*,*,#4164,.T.);
#4326 = PLANE('',#4327);
#4327 = AXIS2_PLACEMENT_3D('',#4328,#4329,#4330);
#4328 = CARTESIAN_POINT('',(-0.2,0.2,-2.5));
#4329 = DIRECTION('',(0.,0.,1.));
#4330 = DIRECTION('',(1.,0.,-0.));
#4331 = ADVANCED_FACE('',(#4332),#4338,.F.);
#4332 = FACE_BOUND('',#4333,.T.);
#4333 = EDGE_LOOP('',(#4334,#4335,#4336,#4337));
#4334 = ORIENTED_EDGE('',*,*,#4260,.T.);
#4335 = ORIENTED_EDGE('',*,*,#4284,.T.);
#4336 = ORIENTED_EDGE('',*,*,#4308,.T.);
#4337 = ORIENTED_EDGE('',*,*,#4236,.T.);
#4338 = PLANE('',#4339);
#4339 = AXIS2_PLACEMENT_3D('',#4340,#4341,#4342);
#4340 = CARTESIAN_POINT('',(2.34,0.2,-2.5));
#4341 = DIRECTION('',(0.,0.,1.));
#4342 = DIRECTION('',(1.,0.,-0.));
#4343 = ( GEOMETRIC_REPRESENTATION_CONTEXT(3) 
GLOBAL_UNCERTAINTY_ASSIGNED_CONTEXT((#4347)) 
GLOBAL_UNIT_ASSIGNED_CONTEXT((#4344,#4345,#4346)) REPRESENTATION_CONTEXT
('Context #1','3D Context with UNIT and UNCERTAINTY') );
#4344 = ( LENGTH_UNIT() NAMED_UNIT(*) SI_UNIT(.MILLI.,.METRE.) );
#4345 = ( NAMED_UNIT(*) PLANE_ANGLE_UNIT() SI_UNIT($,.RADIAN.) );
#4346 = ( NAMED_UNIT(*) SI_UNIT($,.STERADIAN.) SOLID_ANGLE_UNIT() );
#4347 = UNCERTAINTY_MEASURE_WITH_UNIT(LENGTH_MEASURE(1.E-07),#4344,
  'distance_accuracy_value','confusion accuracy');
#4348 = CONTEXT_DEPENDENT_SHAPE_REPRESENTATION(#4349,#4351);
#4349 = ( REPRESENTATION_RELATIONSHIP('','',#3917,#10) 
REPRESENTATION_RELATIONSHIP_WITH_TRANSFORMATION(#4350) 
SHAPE_REPRESENTATION_RELATIONSHIP() );
#4350 = ITEM_DEFINED_TRANSFORMATION('','',#11,#39);
#4351 = PRODUCT_DEFINITION_SHAPE('Placement','Placement of an item',
  #4352);
#4352 = NEXT_ASSEMBLY_USAGE_OCCURRENCE('7','D3','',#5,#3912,$);
#4353 = PRODUCT_RELATED_PRODUCT_CATEGORY('part',$,(#3914));
#4354 = CONTEXT_DEPENDENT_SHAPE_REPRESENTATION(#4355,#4357);
#4355 = ( REPRESENTATION_RELATIONSHIP('','',#2554,#10) 
REPRESENTATION_RELATIONSHIP_WITH_TRANSFORMATION(#4356) 
SHAPE_REPRESENTATION_RELATIONSHIP() );
#4356 = ITEM_DEFINED_TRANSFORMATION('','',#11,#43);
#4357 = PRODUCT_DEFINITION_SHAPE('Placement','Placement of an item',
  #4358);
#4358 = NEXT_ASSEMBLY_USAGE_OCCURRENCE('8','Q3','',#5,#2549,$);
#4359 = SHAPE_DEFINITION_REPRESENTATION(#4360,#4366);
#4360 = PRODUCT_DEFINITION_SHAPE('','',#4361);
#4361 = PRODUCT_DEFINITION('design','',#4362,#4365);
#4362 = PRODUCT_DEFINITION_FORMATION('','',#4363);
#4363 = PRODUCT('LED_D5.0mm_Horizontal_O3.81mm_Z3.0mm',
  'LED_D5.0mm_Horizontal_O3.81mm_Z3.0mm','',(#4364));
#4364 = PRODUCT_CONTEXT('',#2,'mechanical');
#4365 = PRODUCT_DEFINITION_CONTEXT('part definition',#2,'design');
#4366 = ADVANCED_BREP_SHAPE_REPRESENTATION('',(#11,#4367),#5274);
#4367 = MANIFOLD_SOLID_BREP('',#4368);
#4368 = CLOSED_SHELL('',(#4369,#4411,#4472,#4496,#4550,#4567,#4579,#4658
    ,#4685,#4716,#4756,#4780,#4797,#4844,#4868,#4892,#4909,#4928,#4952,
    #4976,#4993,#5024,#5055,#5072,#5089,#5120,#5144,#5168,#5185,#5197,
    #5228,#5245,#5262));
#4369 = ADVANCED_FACE('',(#4370),#4406,.T.);
#4370 = FACE_BOUND('',#4371,.T.);
#4371 = EDGE_LOOP('',(#4372,#4382,#4391,#4399));
#4372 = ORIENTED_EDGE('',*,*,#4373,.F.);
#4373 = EDGE_CURVE('',#4374,#4376,#4378,.T.);
#4374 = VERTEX_POINT('',#4375);
#4375 = CARTESIAN_POINT('',(-1.23,-4.81,4.46969384567));
#4376 = VERTEX_POINT('',#4377);
#4377 = CARTESIAN_POINT('',(-1.23,-3.81,4.46969384567));
#4378 = LINE('',#4379,#4380);
#4379 = CARTESIAN_POINT('',(-1.23,-3.81,4.46969384567));
#4380 = VECTOR('',#4381,1.);
#4381 = DIRECTION('',(0.,1.,-1.110223024625E-15));
#4382 = ORIENTED_EDGE('',*,*,#4383,.F.);
#4383 = EDGE_CURVE('',#4384,#4374,#4386,.T.);
#4384 = VERTEX_POINT('',#4385);
#4385 = CARTESIAN_POINT('',(4.17,-4.81,3.));
#4386 = CIRCLE('',#4387,2.9);
#4387 = AXIS2_PLACEMENT_3D('',#4388,#4389,#4390);
#4388 = CARTESIAN_POINT('',(1.27,-4.81,3.));
#4389 = DIRECTION('',(0.,-1.,1.110223024625E-15));
#4390 = DIRECTION('',(1.,0.,0.));
#4391 = ORIENTED_EDGE('',*,*,#4392,.F.);
#4392 = EDGE_CURVE('',#4393,#4384,#4395,.T.);
#4393 = VERTEX_POINT('',#4394);
#4394 = CARTESIAN_POINT('',(4.17,-3.81,3.));
#4395 = LINE('',#4396,#4397);
#4396 = CARTESIAN_POINT('',(4.17,-3.81,3.));
#4397 = VECTOR('',#4398,1.);
#4398 = DIRECTION('',(0.,-1.,8.881784197001E-16));
#4399 = ORIENTED_EDGE('',*,*,#4400,.T.);
#4400 = EDGE_CURVE('',#4393,#4376,#4401,.T.);
#4401 = CIRCLE('',#4402,2.9);
#4402 = AXIS2_PLACEMENT_3D('',#4403,#4404,#4405);
#4403 = CARTESIAN_POINT('',(1.27,-3.81,3.));
#4404 = DIRECTION('',(0.,-1.,1.110223024625E-15));
#4405 = DIRECTION('',(1.,0.,0.));
#4406 = CYLINDRICAL_SURFACE('',#4407,2.9);
#4407 = AXIS2_PLACEMENT_3D('',#4408,#4409,#4410);
#4408 = CARTESIAN_POINT('',(1.27,-3.81,3.));
#4409 = DIRECTION('',(0.,1.,-1.110223024625E-15));
#4410 = DIRECTION('',(1.,0.,0.));
#4411 = ADVANCED_FACE('',(#4412,#4438),#4467,.T.);
#4412 = FACE_BOUND('',#4413,.T.);
#4413 = EDGE_LOOP('',(#4414,#4415,#4424,#4432));
#4414 = ORIENTED_EDGE('',*,*,#4400,.F.);
#4415 = ORIENTED_EDGE('',*,*,#4416,.F.);
#4416 = EDGE_CURVE('',#4417,#4393,#4419,.T.);
#4417 = VERTEX_POINT('',#4418);
#4418 = CARTESIAN_POINT('',(-1.23,-3.81,1.53030615433));
#4419 = CIRCLE('',#4420,2.9);
#4420 = AXIS2_PLACEMENT_3D('',#4421,#4422,#4423);
#4421 = CARTESIAN_POINT('',(1.27,-3.81,3.));
#4422 = DIRECTION('',(0.,-1.,1.110223024625E-15));
#4423 = DIRECTION('',(1.,0.,0.));
#4424 = ORIENTED_EDGE('',*,*,#4425,.T.);
#4425 = EDGE_CURVE('',#4417,#4426,#4428,.T.);
#4426 = VERTEX_POINT('',#4427);
#4427 = CARTESIAN_POINT('',(-1.23,-3.81,3.));
#4428 = LINE('',#4429,#4430);
#4429 = CARTESIAN_POINT('',(-1.23,-3.81,4.45));
#4430 = VECTOR('',#4431,1.);
#4431 = DIRECTION('',(7.705244418613E-34,1.153414652305E-15,1.));
#4432 = ORIENTED_EDGE('',*,*,#4433,.T.);
#4433 = EDGE_CURVE('',#4426,#4376,#4434,.T.);
#4434 = LINE('',#4435,#4436);
#4435 = CARTESIAN_POINT('',(-1.23,-3.81,4.45));
#4436 = VECTOR('',#4437,1.);
#4437 = DIRECTION('',(7.705244418613E-34,1.153414652305E-15,1.));
#4438 = FACE_BOUND('',#4439,.T.);
#4439 = EDGE_LOOP('',(#4440,#4451,#4460));
#4440 = ORIENTED_EDGE('',*,*,#4441,.T.);
#4441 = EDGE_CURVE('',#4442,#4444,#4446,.T.);
#4442 = VERTEX_POINT('',#4443);
#4443 = CARTESIAN_POINT('',(1.27,-3.81,5.5));
#4444 = VERTEX_POINT('',#4445);
#4445 = CARTESIAN_POINT('',(-1.23,-3.81,3.));
#4446 = CIRCLE('',#4447,2.5);
#4447 = AXIS2_PLACEMENT_3D('',#4448,#4449,#4450);
#4448 = CARTESIAN_POINT('',(1.27,-3.81,3.));
#4449 = DIRECTION('',(0.,-1.,1.110223024625E-15));
#4450 = DIRECTION('',(1.,0.,0.));
#4451 = ORIENTED_EDGE('',*,*,#4452,.T.);
#4452 = EDGE_CURVE('',#4444,#4453,#4455,.T.);
#4453 = VERTEX_POINT('',#4454);
#4454 = CARTESIAN_POINT('',(3.77,-3.81,3.));
#4455 = CIRCLE('',#4456,2.5);
#4456 = AXIS2_PLACEMENT_3D('',#4457,#4458,#4459);
#4457 = CARTESIAN_POINT('',(1.27,-3.81,3.));
#4458 = DIRECTION('',(0.,-1.,1.110223024625E-15));
#4459 = DIRECTION('',(1.,0.,0.));
#4460 = ORIENTED_EDGE('',*,*,#4461,.T.);
#4461 = EDGE_CURVE('',#4453,#4442,#4462,.T.);
#4462 = CIRCLE('',#4463,2.5);
#4463 = AXIS2_PLACEMENT_3D('',#4464,#4465,#4466);
#4464 = CARTESIAN_POINT('',(1.27,-3.81,3.));
#4465 = DIRECTION('',(0.,-1.,1.110223024625E-15));
#4466 = DIRECTION('',(1.,0.,0.));
#4467 = PLANE('',#4468);
#4468 = AXIS2_PLACEMENT_3D('',#4469,#4470,#4471);
#4469 = CARTESIAN_POINT('',(4.17,-3.81,3.));
#4470 = DIRECTION('',(-5.104473676438E-17,1.,-1.153414652305E-15));
#4471 = DIRECTION('',(0.,1.153414652305E-15,1.));
#4472 = ADVANCED_FACE('',(#4473),#4491,.T.);
#4473 = FACE_BOUND('',#4474,.T.);
#4474 = EDGE_LOOP('',(#4475,#4483,#4484,#4485));
#4475 = ORIENTED_EDGE('',*,*,#4476,.F.);
#4476 = EDGE_CURVE('',#4374,#4477,#4479,.T.);
#4477 = VERTEX_POINT('',#4478);
#4478 = CARTESIAN_POINT('',(-1.23,-4.81,3.));
#4479 = LINE('',#4480,#4481);
#4480 = CARTESIAN_POINT('',(-1.23,-4.81,5.9));
#4481 = VECTOR('',#4482,1.);
#4482 = DIRECTION('',(2.691874496983E-33,-1.221245327088E-15,-1.));
#4483 = ORIENTED_EDGE('',*,*,#4373,.T.);
#4484 = ORIENTED_EDGE('',*,*,#4433,.F.);
#4485 = ORIENTED_EDGE('',*,*,#4486,.F.);
#4486 = EDGE_CURVE('',#4477,#4426,#4487,.T.);
#4487 = LINE('',#4488,#4489);
#4488 = CARTESIAN_POINT('',(-1.23,-3.81,3.));
#4489 = VECTOR('',#4490,1.);
#4490 = DIRECTION('',(0.,1.,-1.110223024625E-15));
#4491 = PLANE('',#4492);
#4492 = AXIS2_PLACEMENT_3D('',#4493,#4494,#4495);
#4493 = CARTESIAN_POINT('',(-1.23,-4.81,5.9));
#4494 = DIRECTION('',(-1.,-5.104473676438E-17,5.964627174893E-32));
#4495 = DIRECTION('',(2.691874497006E-33,-1.221245327088E-15,-1.));
#4496 = ADVANCED_FACE('',(#4497,#4516),#4545,.F.);
#4497 = FACE_BOUND('',#4498,.F.);
#4498 = EDGE_LOOP('',(#4499,#4500,#4509,#4515));
#4499 = ORIENTED_EDGE('',*,*,#4383,.F.);
#4500 = ORIENTED_EDGE('',*,*,#4501,.F.);
#4501 = EDGE_CURVE('',#4502,#4384,#4504,.T.);
#4502 = VERTEX_POINT('',#4503);
#4503 = CARTESIAN_POINT('',(-1.23,-4.81,1.53030615433));
#4504 = CIRCLE('',#4505,2.9);
#4505 = AXIS2_PLACEMENT_3D('',#4506,#4507,#4508);
#4506 = CARTESIAN_POINT('',(1.27,-4.81,3.));
#4507 = DIRECTION('',(0.,-1.,1.110223024625E-15));
#4508 = DIRECTION('',(1.,0.,0.));
#4509 = ORIENTED_EDGE('',*,*,#4510,.F.);
#4510 = EDGE_CURVE('',#4477,#4502,#4511,.T.);
#4511 = LINE('',#4512,#4513);
#4512 = CARTESIAN_POINT('',(-1.23,-4.81,5.9));
#4513 = VECTOR('',#4514,1.);
#4514 = DIRECTION('',(2.691874496983E-33,-1.221245327088E-15,-1.));
#4515 = ORIENTED_EDGE('',*,*,#4476,.F.);
#4516 = FACE_BOUND('',#4517,.F.);
#4517 = EDGE_LOOP('',(#4518,#4529,#4538));
#4518 = ORIENTED_EDGE('',*,*,#4519,.T.);
#4519 = EDGE_CURVE('',#4520,#4522,#4524,.T.);
#4520 = VERTEX_POINT('',#4521);
#4521 = CARTESIAN_POINT('',(1.27,-4.81,5.5));
#4522 = VERTEX_POINT('',#4523);
#4523 = CARTESIAN_POINT('',(-1.23,-4.81,3.));
#4524 = CIRCLE('',#4525,2.5);
#4525 = AXIS2_PLACEMENT_3D('',#4526,#4527,#4528);
#4526 = CARTESIAN_POINT('',(1.27,-4.81,3.));
#4527 = DIRECTION('',(0.,-1.,1.110223024625E-15));
#4528 = DIRECTION('',(1.,0.,0.));
#4529 = ORIENTED_EDGE('',*,*,#4530,.T.);
#4530 = EDGE_CURVE('',#4522,#4531,#4533,.T.);
#4531 = VERTEX_POINT('',#4532);
#4532 = CARTESIAN_POINT('',(3.77,-4.81,3.));
#4533 = CIRCLE('',#4534,2.5);
#4534 = AXIS2_PLACEMENT_3D('',#4535,#4536,#4537);
#4535 = CARTESIAN_POINT('',(1.27,-4.81,3.));
#4536 = DIRECTION('',(0.,-1.,1.110223024625E-15));
#4537 = DIRECTION('',(1.,0.,0.));
#4538 = ORIENTED_EDGE('',*,*,#4539,.T.);
#4539 = EDGE_CURVE('',#4531,#4520,#4540,.T.);
#4540 = CIRCLE('',#4541,2.5);
#4541 = AXIS2_PLACEMENT_3D('',#4542,#4543,#4544);
#4542 = CARTESIAN_POINT('',(1.27,-4.81,3.));
#4543 = DIRECTION('',(0.,-1.,1.110223024625E-15));
#4544 = DIRECTION('',(1.,0.,0.));
#4545 = PLANE('',#4546);
#4546 = AXIS2_PLACEMENT_3D('',#4547,#4548,#4549);
#4547 = CARTESIAN_POINT('',(4.17,-4.81,3.));
#4548 = DIRECTION('',(-5.104473676438E-17,1.,-1.153414652305E-15));
#4549 = DIRECTION('',(0.,1.153414652305E-15,1.));
#4550 = ADVANCED_FACE('',(#4551),#4562,.T.);
#4551 = FACE_BOUND('',#4552,.T.);
#4552 = EDGE_LOOP('',(#4553,#4554,#4560,#4561));
#4553 = ORIENTED_EDGE('',*,*,#4501,.F.);
#4554 = ORIENTED_EDGE('',*,*,#4555,.T.);
#4555 = EDGE_CURVE('',#4502,#4417,#4556,.T.);
#4556 = LINE('',#4557,#4558);
#4557 = CARTESIAN_POINT('',(-1.23,-3.81,1.53030615433));
#4558 = VECTOR('',#4559,1.);
#4559 = DIRECTION('',(0.,1.,-1.110223024625E-15));
#4560 = ORIENTED_EDGE('',*,*,#4416,.T.);
#4561 = ORIENTED_EDGE('',*,*,#4392,.T.);
#4562 = CYLINDRICAL_SURFACE('',#4563,2.9);
#4563 = AXIS2_PLACEMENT_3D('',#4564,#4565,#4566);
#4564 = CARTESIAN_POINT('',(1.27,-3.81,3.));
#4565 = DIRECTION('',(0.,1.,-1.110223024625E-15));
#4566 = DIRECTION('',(1.,0.,0.));
#4567 = ADVANCED_FACE('',(#4568),#4574,.T.);
#4568 = FACE_BOUND('',#4569,.T.);
#4569 = EDGE_LOOP('',(#4570,#4571,#4572,#4573));
#4570 = ORIENTED_EDGE('',*,*,#4510,.F.);
#4571 = ORIENTED_EDGE('',*,*,#4486,.T.);
#4572 = ORIENTED_EDGE('',*,*,#4425,.F.);
#4573 = ORIENTED_EDGE('',*,*,#4555,.F.);
#4574 = PLANE('',#4575);
#4575 = AXIS2_PLACEMENT_3D('',#4576,#4577,#4578);
#4576 = CARTESIAN_POINT('',(-1.23,-4.81,5.9));
#4577 = DIRECTION('',(-1.,-5.104473676438E-17,5.964627174893E-32));
#4578 = DIRECTION('',(2.691874497006E-33,-1.221245327088E-15,-1.));
#4579 = ADVANCED_FACE('',(#4580,#4585,#4619),#4653,.T.);
#4580 = FACE_BOUND('',#4581,.F.);
#4581 = EDGE_LOOP('',(#4582,#4583,#4584));
#4582 = ORIENTED_EDGE('',*,*,#4461,.T.);
#4583 = ORIENTED_EDGE('',*,*,#4441,.T.);
#4584 = ORIENTED_EDGE('',*,*,#4452,.T.);
#4585 = FACE_BOUND('',#4586,.F.);
#4586 = EDGE_LOOP('',(#4587,#4597,#4605,#4613));
#4587 = ORIENTED_EDGE('',*,*,#4588,.F.);
#4588 = EDGE_CURVE('',#4589,#4591,#4593,.T.);
#4589 = VERTEX_POINT('',#4590);
#4590 = CARTESIAN_POINT('',(-3.740648379052E-02,-3.81,3.3));
#4591 = VERTEX_POINT('',#4592);
#4592 = CARTESIAN_POINT('',(-3.740648379052E-02,-3.81,2.7));
#4593 = LINE('',#4594,#4595);
#4594 = CARTESIAN_POINT('',(-3.740648379052E-02,-3.81,2.85));
#4595 = VECTOR('',#4596,1.);
#4596 = DIRECTION('',(0.,0.,-1.));
#4597 = ORIENTED_EDGE('',*,*,#4598,.T.);
#4598 = EDGE_CURVE('',#4589,#4599,#4601,.T.);
#4599 = VERTEX_POINT('',#4600);
#4600 = CARTESIAN_POINT('',(0.562593516209,-3.81,3.3));
#4601 = LINE('',#4602,#4603);
#4602 = CARTESIAN_POINT('',(0.785,-3.81,3.3));
#4603 = VECTOR('',#4604,1.);
#4604 = DIRECTION('',(1.,-5.551115123126E-17,0.));
#4605 = ORIENTED_EDGE('',*,*,#4606,.T.);
#4606 = EDGE_CURVE('',#4599,#4607,#4609,.T.);
#4607 = VERTEX_POINT('',#4608);
#4608 = CARTESIAN_POINT('',(0.562593516209,-3.81,2.7));
#4609 = LINE('',#4610,#4611);
#4610 = CARTESIAN_POINT('',(0.562593516209,-3.81,2.85));
#4611 = VECTOR('',#4612,1.);
#4612 = DIRECTION('',(0.,0.,-1.));
#4613 = ORIENTED_EDGE('',*,*,#4614,.F.);
#4614 = EDGE_CURVE('',#4591,#4607,#4615,.T.);
#4615 = LINE('',#4616,#4617);
#4616 = CARTESIAN_POINT('',(0.785,-3.81,2.7));
#4617 = VECTOR('',#4618,1.);
#4618 = DIRECTION('',(1.,-5.551115123126E-17,0.));
#4619 = FACE_BOUND('',#4620,.F.);
#4620 = EDGE_LOOP('',(#4621,#4631,#4639,#4647));
#4621 = ORIENTED_EDGE('',*,*,#4622,.F.);
#4622 = EDGE_CURVE('',#4623,#4625,#4627,.T.);
#4623 = VERTEX_POINT('',#4624);
#4624 = CARTESIAN_POINT('',(2.577406483791,-3.81,3.3));
#4625 = VERTEX_POINT('',#4626);
#4626 = CARTESIAN_POINT('',(1.977406483791,-3.81,3.3));
#4627 = LINE('',#4628,#4629);
#4628 = CARTESIAN_POINT('',(2.055,-3.81,3.3));
#4629 = VECTOR('',#4630,1.);
#4630 = DIRECTION('',(-1.,5.551115123126E-17,0.));
#4631 = ORIENTED_EDGE('',*,*,#4632,.T.);
#4632 = EDGE_CURVE('',#4623,#4633,#4635,.T.);
#4633 = VERTEX_POINT('',#4634);
#4634 = CARTESIAN_POINT('',(2.577406483791,-3.81,2.7));
#4635 = LINE('',#4636,#4637);
#4636 = CARTESIAN_POINT('',(2.577406483791,-3.81,2.85));
#4637 = VECTOR('',#4638,1.);
#4638 = DIRECTION('',(0.,0.,-1.));
#4639 = ORIENTED_EDGE('',*,*,#4640,.T.);
#4640 = EDGE_CURVE('',#4633,#4641,#4643,.T.);
#4641 = VERTEX_POINT('',#4642);
#4642 = CARTESIAN_POINT('',(1.977406483791,-3.81,2.7));
#4643 = LINE('',#4644,#4645);
#4644 = CARTESIAN_POINT('',(2.055,-3.81,2.7));
#4645 = VECTOR('',#4646,1.);
#4646 = DIRECTION('',(-1.,5.551115123126E-17,0.));
#4647 = ORIENTED_EDGE('',*,*,#4648,.F.);
#4648 = EDGE_CURVE('',#4625,#4641,#4649,.T.);
#4649 = LINE('',#4650,#4651);
#4650 = CARTESIAN_POINT('',(1.977406483791,-3.81,2.85));
#4651 = VECTOR('',#4652,1.);
#4652 = DIRECTION('',(0.,0.,-1.));
#4653 = PLANE('',#4654);
#4654 = AXIS2_PLACEMENT_3D('',#4655,#4656,#4657);
#4655 = CARTESIAN_POINT('',(1.27,-3.81,3.));
#4656 = DIRECTION('',(5.551115123126E-17,1.,0.));
#4657 = DIRECTION('',(-4.019888866225E-17,2.231486587859E-33,1.));
#4658 = ADVANCED_FACE('',(#4659),#4680,.T.);
#4659 = FACE_BOUND('',#4660,.T.);
#4660 = EDGE_LOOP('',(#4661,#4669,#4676,#4677,#4678,#4679));
#4661 = ORIENTED_EDGE('',*,*,#4662,.T.);
#4662 = EDGE_CURVE('',#4520,#4663,#4665,.T.);
#4663 = VERTEX_POINT('',#4664);
#4664 = CARTESIAN_POINT('',(1.27,-9.91,5.5));
#4665 = LINE('',#4666,#4667);
#4666 = CARTESIAN_POINT('',(1.27,-3.81,5.5));
#4667 = VECTOR('',#4668,1.);
#4668 = DIRECTION('',(-3.08148791102E-33,-1.,5.551115123126E-17));
#4669 = ORIENTED_EDGE('',*,*,#4670,.T.);
#4670 = EDGE_CURVE('',#4663,#4663,#4671,.T.);
#4671 = CIRCLE('',#4672,2.5);
#4672 = AXIS2_PLACEMENT_3D('',#4673,#4674,#4675);
#4673 = CARTESIAN_POINT('',(1.27,-9.91,3.));
#4674 = DIRECTION('',(5.551115123126E-17,1.,0.));
#4675 = DIRECTION('',(2.211630878435E-18,-1.227701761605E-34,1.));
#4676 = ORIENTED_EDGE('',*,*,#4662,.F.);
#4677 = ORIENTED_EDGE('',*,*,#4519,.T.);
#4678 = ORIENTED_EDGE('',*,*,#4530,.T.);
#4679 = ORIENTED_EDGE('',*,*,#4539,.T.);
#4680 = CYLINDRICAL_SURFACE('',#4681,2.5);
#4681 = AXIS2_PLACEMENT_3D('',#4682,#4683,#4684);
#4682 = CARTESIAN_POINT('',(1.27,-3.81,3.));
#4683 = DIRECTION('',(-5.551115123126E-17,-1.,0.));
#4684 = DIRECTION('',(-4.019888866225E-17,2.231486587859E-33,1.));
#4685 = ADVANCED_FACE('',(#4686),#4711,.F.);
#4686 = FACE_BOUND('',#4687,.F.);
#4687 = EDGE_LOOP('',(#4688,#4696,#4704,#4710));
#4688 = ORIENTED_EDGE('',*,*,#4689,.F.);
#4689 = EDGE_CURVE('',#4690,#4591,#4692,.T.);
#4690 = VERTEX_POINT('',#4691);
#4691 = CARTESIAN_POINT('',(-0.3,-0.3,2.7));
#4692 = LINE('',#4693,#4694);
#4693 = CARTESIAN_POINT('',(-0.3,-0.3,2.7));
#4694 = VECTOR('',#4695,1.);
#4695 = DIRECTION('',(7.460447900776E-02,-0.997213202736,0.));
#4696 = ORIENTED_EDGE('',*,*,#4697,.T.);
#4697 = EDGE_CURVE('',#4690,#4698,#4700,.T.);
#4698 = VERTEX_POINT('',#4699);
#4699 = CARTESIAN_POINT('',(-0.3,-0.3,3.3));
#4700 = LINE('',#4701,#4702);
#4701 = CARTESIAN_POINT('',(-0.3,-0.3,2.7));
#4702 = VECTOR('',#4703,1.);
#4703 = DIRECTION('',(0.,0.,1.));
#4704 = ORIENTED_EDGE('',*,*,#4705,.T.);
#4705 = EDGE_CURVE('',#4698,#4589,#4706,.T.);
#4706 = LINE('',#4707,#4708);
#4707 = CARTESIAN_POINT('',(-0.3,-0.3,3.3));
#4708 = VECTOR('',#4709,1.);
#4709 = DIRECTION('',(7.460447900776E-02,-0.997213202736,0.));
#4710 = ORIENTED_EDGE('',*,*,#4588,.T.);
#4711 = PLANE('',#4712);
#4712 = AXIS2_PLACEMENT_3D('',#4713,#4714,#4715);
#4713 = CARTESIAN_POINT('',(-0.3,-0.3,2.7));
#4714 = DIRECTION('',(0.997213202736,7.460447900776E-02,0.));
#4715 = DIRECTION('',(7.460447900776E-02,-0.997213202736,0.));
#4716 = ADVANCED_FACE('',(#4717),#4751,.T.);
#4717 = FACE_BOUND('',#4718,.T.);
#4718 = EDGE_LOOP('',(#4719,#4729,#4737,#4743,#4744,#4745));
#4719 = ORIENTED_EDGE('',*,*,#4720,.F.);
#4720 = EDGE_CURVE('',#4721,#4723,#4725,.T.);
#4721 = VERTEX_POINT('',#4722);
#4722 = CARTESIAN_POINT('',(0.3,0.3,3.3));
#4723 = VERTEX_POINT('',#4724);
#4724 = CARTESIAN_POINT('',(0.3,-0.3,3.3));
#4725 = LINE('',#4726,#4727);
#4726 = CARTESIAN_POINT('',(0.3,0.3,3.3));
#4727 = VECTOR('',#4728,1.);
#4728 = DIRECTION('',(0.,-1.,0.));
#4729 = ORIENTED_EDGE('',*,*,#4730,.T.);
#4730 = EDGE_CURVE('',#4721,#4731,#4733,.T.);
#4731 = VERTEX_POINT('',#4732);
#4732 = CARTESIAN_POINT('',(-0.3,0.3,3.3));
#4733 = LINE('',#4734,#4735);
#4734 = CARTESIAN_POINT('',(0.3,0.3,3.3));
#4735 = VECTOR('',#4736,1.);
#4736 = DIRECTION('',(-1.,0.,0.));
#4737 = ORIENTED_EDGE('',*,*,#4738,.T.);
#4738 = EDGE_CURVE('',#4731,#4698,#4739,.T.);
#4739 = LINE('',#4740,#4741);
#4740 = CARTESIAN_POINT('',(-0.3,0.3,3.3));
#4741 = VECTOR('',#4742,1.);
#4742 = DIRECTION('',(0.,-1.,0.));
#4743 = ORIENTED_EDGE('',*,*,#4705,.T.);
#4744 = ORIENTED_EDGE('',*,*,#4598,.T.);
#4745 = ORIENTED_EDGE('',*,*,#4746,.F.);
#4746 = EDGE_CURVE('',#4723,#4599,#4747,.T.);
#4747 = LINE('',#4748,#4749);
#4748 = CARTESIAN_POINT('',(0.3,-0.3,3.3));
#4749 = VECTOR('',#4750,1.);
#4750 = DIRECTION('',(7.460447900776E-02,-0.997213202736,0.));
#4751 = PLANE('',#4752);
#4752 = AXIS2_PLACEMENT_3D('',#4753,#4754,#4755);
#4753 = CARTESIAN_POINT('',(0.3,0.3,3.3));
#4754 = DIRECTION('',(0.,0.,1.));
#4755 = DIRECTION('',(1.,0.,-0.));
#4756 = ADVANCED_FACE('',(#4757),#4775,.F.);
#4757 = FACE_BOUND('',#4758,.F.);
#4758 = EDGE_LOOP('',(#4759,#4767,#4773,#4774));
#4759 = ORIENTED_EDGE('',*,*,#4760,.F.);
#4760 = EDGE_CURVE('',#4761,#4607,#4763,.T.);
#4761 = VERTEX_POINT('',#4762);
#4762 = CARTESIAN_POINT('',(0.3,-0.3,2.7));
#4763 = LINE('',#4764,#4765);
#4764 = CARTESIAN_POINT('',(0.3,-0.3,2.7));
#4765 = VECTOR('',#4766,1.);
#4766 = DIRECTION('',(7.460447900776E-02,-0.997213202736,0.));
#4767 = ORIENTED_EDGE('',*,*,#4768,.F.);
#4768 = EDGE_CURVE('',#4690,#4761,#4769,.T.);
#4769 = LINE('',#4770,#4771);
#4770 = CARTESIAN_POINT('',(-0.3,-0.3,2.7));
#4771 = VECTOR('',#4772,1.);
#4772 = DIRECTION('',(1.,0.,0.));
#4773 = ORIENTED_EDGE('',*,*,#4689,.T.);
#4774 = ORIENTED_EDGE('',*,*,#4614,.T.);
#4775 = PLANE('',#4776);
#4776 = AXIS2_PLACEMENT_3D('',#4777,#4778,#4779);
#4777 = CARTESIAN_POINT('',(0.3,0.3,2.7));
#4778 = DIRECTION('',(0.,0.,1.));
#4779 = DIRECTION('',(1.,0.,-0.));
#4780 = ADVANCED_FACE('',(#4781),#4792,.T.);
#4781 = FACE_BOUND('',#4782,.T.);
#4782 = EDGE_LOOP('',(#4783,#4784,#4790,#4791));
#4783 = ORIENTED_EDGE('',*,*,#4760,.F.);
#4784 = ORIENTED_EDGE('',*,*,#4785,.T.);
#4785 = EDGE_CURVE('',#4761,#4723,#4786,.T.);
#4786 = LINE('',#4787,#4788);
#4787 = CARTESIAN_POINT('',(0.3,-0.3,2.7));
#4788 = VECTOR('',#4789,1.);
#4789 = DIRECTION('',(0.,0.,1.));
#4790 = ORIENTED_EDGE('',*,*,#4746,.T.);
#4791 = ORIENTED_EDGE('',*,*,#4606,.T.);
#4792 = PLANE('',#4793);
#4793 = AXIS2_PLACEMENT_3D('',#4794,#4795,#4796);
#4794 = CARTESIAN_POINT('',(0.3,-0.3,2.7));
#4795 = DIRECTION('',(0.997213202736,7.460447900776E-02,0.));
#4796 = DIRECTION('',(7.460447900776E-02,-0.997213202736,0.));
#4797 = ADVANCED_FACE('',(#4798),#4839,.F.);
#4798 = FACE_BOUND('',#4799,.F.);
#4799 = EDGE_LOOP('',(#4800,#4810,#4818,#4824,#4825,#4833));
#4800 = ORIENTED_EDGE('',*,*,#4801,.F.);
#4801 = EDGE_CURVE('',#4802,#4804,#4806,.T.);
#4802 = VERTEX_POINT('',#4803);
#4803 = CARTESIAN_POINT('',(2.84,0.3,3.3));
#4804 = VERTEX_POINT('',#4805);
#4805 = CARTESIAN_POINT('',(2.24,0.3,3.3));
#4806 = LINE('',#4807,#4808);
#4807 = CARTESIAN_POINT('',(2.84,0.3,3.3));
#4808 = VECTOR('',#4809,1.);
#4809 = DIRECTION('',(-1.,0.,0.));
#4810 = ORIENTED_EDGE('',*,*,#4811,.T.);
#4811 = EDGE_CURVE('',#4802,#4812,#4814,.T.);
#4812 = VERTEX_POINT('',#4813);
#4813 = CARTESIAN_POINT('',(2.84,-0.3,3.3));
#4814 = LINE('',#4815,#4816);
#4815 = CARTESIAN_POINT('',(2.84,0.3,3.3));
#4816 = VECTOR('',#4817,1.);
#4817 = DIRECTION('',(0.,-1.,0.));
#4818 = ORIENTED_EDGE('',*,*,#4819,.T.);
#4819 = EDGE_CURVE('',#4812,#4623,#4820,.T.);
#4820 = LINE('',#4821,#4822);
#4821 = CARTESIAN_POINT('',(2.84,-0.3,3.3));
#4822 = VECTOR('',#4823,1.);
#4823 = DIRECTION('',(-7.460447900776E-02,-0.997213202736,0.));
#4824 = ORIENTED_EDGE('',*,*,#4622,.T.);
#4825 = ORIENTED_EDGE('',*,*,#4826,.F.);
#4826 = EDGE_CURVE('',#4827,#4625,#4829,.T.);
#4827 = VERTEX_POINT('',#4828);
#4828 = CARTESIAN_POINT('',(2.24,-0.3,3.3));
#4829 = LINE('',#4830,#4831);
#4830 = CARTESIAN_POINT('',(2.24,-0.3,3.3));
#4831 = VECTOR('',#4832,1.);
#4832 = DIRECTION('',(-7.460447900776E-02,-0.997213202736,0.));
#4833 = ORIENTED_EDGE('',*,*,#4834,.F.);
#4834 = EDGE_CURVE('',#4804,#4827,#4835,.T.);
#4835 = LINE('',#4836,#4837);
#4836 = CARTESIAN_POINT('',(2.24,0.3,3.3));
#4837 = VECTOR('',#4838,1.);
#4838 = DIRECTION('',(0.,-1.,0.));
#4839 = PLANE('',#4840);
#4840 = AXIS2_PLACEMENT_3D('',#4841,#4842,#4843);
#4841 = CARTESIAN_POINT('',(2.84,0.3,3.3));
#4842 = DIRECTION('',(0.,0.,-1.));
#4843 = DIRECTION('',(-1.,0.,0.));
#4844 = ADVANCED_FACE('',(#4845),#4863,.T.);
#4845 = FACE_BOUND('',#4846,.T.);
#4846 = EDGE_LOOP('',(#4847,#4855,#4861,#4862));
#4847 = ORIENTED_EDGE('',*,*,#4848,.F.);
#4848 = EDGE_CURVE('',#4849,#4633,#4851,.T.);
#4849 = VERTEX_POINT('',#4850);
#4850 = CARTESIAN_POINT('',(2.84,-0.3,2.7));
#4851 = LINE('',#4852,#4853);
#4852 = CARTESIAN_POINT('',(2.84,-0.3,2.7));
#4853 = VECTOR('',#4854,1.);
#4854 = DIRECTION('',(-7.460447900776E-02,-0.997213202736,0.));
#4855 = ORIENTED_EDGE('',*,*,#4856,.T.);
#4856 = EDGE_CURVE('',#4849,#4812,#4857,.T.);
#4857 = LINE('',#4858,#4859);
#4858 = CARTESIAN_POINT('',(2.84,-0.3,2.7));
#4859 = VECTOR('',#4860,1.);
#4860 = DIRECTION('',(0.,0.,1.));
#4861 = ORIENTED_EDGE('',*,*,#4819,.T.);
#4862 = ORIENTED_EDGE('',*,*,#4632,.T.);
#4863 = PLANE('',#4864);
#4864 = AXIS2_PLACEMENT_3D('',#4865,#4866,#4867);
#4865 = CARTESIAN_POINT('',(2.84,-0.3,2.7));
#4866 = DIRECTION('',(0.997213202736,-7.460447900776E-02,0.));
#4867 = DIRECTION('',(-7.460447900776E-02,-0.997213202736,0.));
#4868 = ADVANCED_FACE('',(#4869),#4887,.F.);
#4869 = FACE_BOUND('',#4870,.F.);
#4870 = EDGE_LOOP('',(#4871,#4879,#4885,#4886));
#4871 = ORIENTED_EDGE('',*,*,#4872,.F.);
#4872 = EDGE_CURVE('',#4873,#4641,#4875,.T.);
#4873 = VERTEX_POINT('',#4874);
#4874 = CARTESIAN_POINT('',(2.24,-0.3,2.7));
#4875 = LINE('',#4876,#4877);
#4876 = CARTESIAN_POINT('',(2.24,-0.3,2.7));
#4877 = VECTOR('',#4878,1.);
#4878 = DIRECTION('',(-7.460447900776E-02,-0.997213202736,0.));
#4879 = ORIENTED_EDGE('',*,*,#4880,.T.);
#4880 = EDGE_CURVE('',#4873,#4827,#4881,.T.);
#4881 = LINE('',#4882,#4883);
#4882 = CARTESIAN_POINT('',(2.24,-0.3,2.7));
#4883 = VECTOR('',#4884,1.);
#4884 = DIRECTION('',(0.,0.,1.));
#4885 = ORIENTED_EDGE('',*,*,#4826,.T.);
#4886 = ORIENTED_EDGE('',*,*,#4648,.T.);
#4887 = PLANE('',#4888);
#4888 = AXIS2_PLACEMENT_3D('',#4889,#4890,#4891);
#4889 = CARTESIAN_POINT('',(2.24,-0.3,2.7));
#4890 = DIRECTION('',(0.997213202736,-7.460447900776E-02,0.));
#4891 = DIRECTION('',(-7.460447900776E-02,-0.997213202736,0.));
#4892 = ADVANCED_FACE('',(#4893),#4904,.T.);
#4893 = FACE_BOUND('',#4894,.T.);
#4894 = EDGE_LOOP('',(#4895,#4896,#4902,#4903));
#4895 = ORIENTED_EDGE('',*,*,#4872,.F.);
#4896 = ORIENTED_EDGE('',*,*,#4897,.T.);
#4897 = EDGE_CURVE('',#4873,#4849,#4898,.T.);
#4898 = LINE('',#4899,#4900);
#4899 = CARTESIAN_POINT('',(2.24,-0.3,2.7));
#4900 = VECTOR('',#4901,1.);
#4901 = DIRECTION('',(1.,0.,0.));
#4902 = ORIENTED_EDGE('',*,*,#4848,.T.);
#4903 = ORIENTED_EDGE('',*,*,#4640,.T.);
#4904 = PLANE('',#4905);
#4905 = AXIS2_PLACEMENT_3D('',#4906,#4907,#4908);
#4906 = CARTESIAN_POINT('',(2.84,0.3,2.7));
#4907 = DIRECTION('',(0.,0.,-1.));
#4908 = DIRECTION('',(-1.,0.,0.));
#4909 = ADVANCED_FACE('',(#4910),#4923,.T.);
#4910 = FACE_BOUND('',#4911,.T.);
#4911 = EDGE_LOOP('',(#4912,#4921,#4922));
#4912 = ORIENTED_EDGE('',*,*,#4913,.T.);
#4913 = EDGE_CURVE('',#4663,#4914,#4916,.T.);
#4914 = VERTEX_POINT('',#4915);
#4915 = CARTESIAN_POINT('',(1.27,-12.41,3.));
#4916 = CIRCLE('',#4917,2.5);
#4917 = AXIS2_PLACEMENT_3D('',#4918,#4919,#4920);
#4918 = CARTESIAN_POINT('',(1.27,-9.91,3.));
#4919 = DIRECTION('',(1.,0.,5.551115123126E-17));
#4920 = DIRECTION('',(3.08148791102E-33,1.,-5.551115123126E-17));
#4921 = ORIENTED_EDGE('',*,*,#4913,.F.);
#4922 = ORIENTED_EDGE('',*,*,#4670,.F.);
#4923 = SPHERICAL_SURFACE('',#4924,2.5);
#4924 = AXIS2_PLACEMENT_3D('',#4925,#4926,#4927);
#4925 = CARTESIAN_POINT('',(1.27,-9.91,3.));
#4926 = DIRECTION('',(-5.551115123126E-17,-1.,0.));
#4927 = DIRECTION('',(-5.684981353847E-17,3.155798596803E-33,1.));
#4928 = ADVANCED_FACE('',(#4929),#4947,.F.);
#4929 = FACE_BOUND('',#4930,.F.);
#4930 = EDGE_LOOP('',(#4931,#4939,#4940,#4941));
#4931 = ORIENTED_EDGE('',*,*,#4932,.T.);
#4932 = EDGE_CURVE('',#4933,#4731,#4935,.T.);
#4933 = VERTEX_POINT('',#4934);
#4934 = CARTESIAN_POINT('',(-0.3,0.3,2.7));
#4935 = LINE('',#4936,#4937);
#4936 = CARTESIAN_POINT('',(-0.3,0.3,2.7));
#4937 = VECTOR('',#4938,1.);
#4938 = DIRECTION('',(0.,0.,1.));
#4939 = ORIENTED_EDGE('',*,*,#4738,.T.);
#4940 = ORIENTED_EDGE('',*,*,#4697,.F.);
#4941 = ORIENTED_EDGE('',*,*,#4942,.F.);
#4942 = EDGE_CURVE('',#4933,#4690,#4943,.T.);
#4943 = LINE('',#4944,#4945);
#4944 = CARTESIAN_POINT('',(-0.3,0.3,2.7));
#4945 = VECTOR('',#4946,1.);
#4946 = DIRECTION('',(0.,-1.,0.));
#4947 = PLANE('',#4948);
#4948 = AXIS2_PLACEMENT_3D('',#4949,#4950,#4951);
#4949 = CARTESIAN_POINT('',(-0.3,0.3,2.7));
#4950 = DIRECTION('',(1.,0.,0.));
#4951 = DIRECTION('',(0.,-1.,0.));
#4952 = ADVANCED_FACE('',(#4953),#4971,.T.);
#4953 = FACE_BOUND('',#4954,.T.);
#4954 = EDGE_LOOP('',(#4955,#4963,#4964,#4965));
#4955 = ORIENTED_EDGE('',*,*,#4956,.T.);
#4956 = EDGE_CURVE('',#4957,#4721,#4959,.T.);
#4957 = VERTEX_POINT('',#4958);
#4958 = CARTESIAN_POINT('',(0.3,0.3,2.7));
#4959 = LINE('',#4960,#4961);
#4960 = CARTESIAN_POINT('',(0.3,0.3,2.7));
#4961 = VECTOR('',#4962,1.);
#4962 = DIRECTION('',(0.,0.,1.));
#4963 = ORIENTED_EDGE('',*,*,#4720,.T.);
#4964 = ORIENTED_EDGE('',*,*,#4785,.F.);
#4965 = ORIENTED_EDGE('',*,*,#4966,.F.);
#4966 = EDGE_CURVE('',#4957,#4761,#4967,.T.);
#4967 = LINE('',#4968,#4969);
#4968 = CARTESIAN_POINT('',(0.3,0.3,2.7));
#4969 = VECTOR('',#4970,1.);
#4970 = DIRECTION('',(0.,-1.,0.));
#4971 = PLANE('',#4972);
#4972 = AXIS2_PLACEMENT_3D('',#4973,#4974,#4975);
#4973 = CARTESIAN_POINT('',(0.3,0.3,2.7));
#4974 = DIRECTION('',(1.,0.,0.));
#4975 = DIRECTION('',(0.,-1.,0.));
#4976 = ADVANCED_FACE('',(#4977),#4988,.F.);
#4977 = FACE_BOUND('',#4978,.F.);
#4978 = EDGE_LOOP('',(#4979,#4980,#4981,#4982));
#4979 = ORIENTED_EDGE('',*,*,#4956,.T.);
#4980 = ORIENTED_EDGE('',*,*,#4730,.T.);
#4981 = ORIENTED_EDGE('',*,*,#4932,.F.);
#4982 = ORIENTED_EDGE('',*,*,#4983,.F.);
#4983 = EDGE_CURVE('',#4957,#4933,#4984,.T.);
#4984 = LINE('',#4985,#4986);
#4985 = CARTESIAN_POINT('',(0.3,0.3,2.7));
#4986 = VECTOR('',#4987,1.);
#4987 = DIRECTION('',(-1.,0.,0.));
#4988 = PLANE('',#4989);
#4989 = AXIS2_PLACEMENT_3D('',#4990,#4991,#4992);
#4990 = CARTESIAN_POINT('',(0.3,0.3,2.7));
#4991 = DIRECTION('',(0.,-1.,0.));
#4992 = DIRECTION('',(-1.,0.,0.));
#4993 = ADVANCED_FACE('',(#4994),#5019,.F.);
#4994 = FACE_BOUND('',#4995,.F.);
#4995 = EDGE_LOOP('',(#4996,#5004,#5005,#5013));
#4996 = ORIENTED_EDGE('',*,*,#4997,.T.);
#4997 = EDGE_CURVE('',#4998,#4690,#5000,.T.);
#4998 = VERTEX_POINT('',#4999);
#4999 = CARTESIAN_POINT('',(-0.3,-0.3,-2.));
#5000 = LINE('',#5001,#5002);
#5001 = CARTESIAN_POINT('',(-0.3,-0.3,-2.));
#5002 = VECTOR('',#5003,1.);
#5003 = DIRECTION('',(0.,0.,1.));
#5004 = ORIENTED_EDGE('',*,*,#4768,.T.);
#5005 = ORIENTED_EDGE('',*,*,#5006,.F.);
#5006 = EDGE_CURVE('',#5007,#4761,#5009,.T.);
#5007 = VERTEX_POINT('',#5008);
#5008 = CARTESIAN_POINT('',(0.3,-0.3,-2.));
#5009 = LINE('',#5010,#5011);
#5010 = CARTESIAN_POINT('',(0.3,-0.3,-2.));
#5011 = VECTOR('',#5012,1.);
#5012 = DIRECTION('',(0.,0.,1.));
#5013 = ORIENTED_EDGE('',*,*,#5014,.F.);
#5014 = EDGE_CURVE('',#4998,#5007,#5015,.T.);
#5015 = LINE('',#5016,#5017);
#5016 = CARTESIAN_POINT('',(-0.3,-0.3,-2.));
#5017 = VECTOR('',#5018,1.);
#5018 = DIRECTION('',(1.,0.,0.));
#5019 = PLANE('',#5020);
#5020 = AXIS2_PLACEMENT_3D('',#5021,#5022,#5023);
#5021 = CARTESIAN_POINT('',(-0.3,-0.3,-2.));
#5022 = DIRECTION('',(0.,1.,0.));
#5023 = DIRECTION('',(1.,0.,0.));
#5024 = ADVANCED_FACE('',(#5025),#5050,.F.);
#5025 = FACE_BOUND('',#5026,.F.);
#5026 = EDGE_LOOP('',(#5027,#5035,#5036,#5044));
#5027 = ORIENTED_EDGE('',*,*,#5028,.T.);
#5028 = EDGE_CURVE('',#5029,#4802,#5031,.T.);
#5029 = VERTEX_POINT('',#5030);
#5030 = CARTESIAN_POINT('',(2.84,0.3,2.7));
#5031 = LINE('',#5032,#5033);
#5032 = CARTESIAN_POINT('',(2.84,0.3,2.7));
#5033 = VECTOR('',#5034,1.);
#5034 = DIRECTION('',(0.,0.,1.));
#5035 = ORIENTED_EDGE('',*,*,#4801,.T.);
#5036 = ORIENTED_EDGE('',*,*,#5037,.F.);
#5037 = EDGE_CURVE('',#5038,#4804,#5040,.T.);
#5038 = VERTEX_POINT('',#5039);
#5039 = CARTESIAN_POINT('',(2.24,0.3,2.7));
#5040 = LINE('',#5041,#5042);
#5041 = CARTESIAN_POINT('',(2.24,0.3,2.7));
#5042 = VECTOR('',#5043,1.);
#5043 = DIRECTION('',(0.,0.,1.));
#5044 = ORIENTED_EDGE('',*,*,#5045,.F.);
#5045 = EDGE_CURVE('',#5029,#5038,#5046,.T.);
#5046 = LINE('',#5047,#5048);
#5047 = CARTESIAN_POINT('',(2.84,0.3,2.7));
#5048 = VECTOR('',#5049,1.);
#5049 = DIRECTION('',(-1.,0.,0.));
#5050 = PLANE('',#5051);
#5051 = AXIS2_PLACEMENT_3D('',#5052,#5053,#5054);
#5052 = CARTESIAN_POINT('',(2.84,0.3,2.7));
#5053 = DIRECTION('',(0.,-1.,0.));
#5054 = DIRECTION('',(-1.,0.,0.));
#5055 = ADVANCED_FACE('',(#5056),#5067,.F.);
#5056 = FACE_BOUND('',#5057,.F.);
#5057 = EDGE_LOOP('',(#5058,#5059,#5060,#5061));
#5058 = ORIENTED_EDGE('',*,*,#5037,.T.);
#5059 = ORIENTED_EDGE('',*,*,#4834,.T.);
#5060 = ORIENTED_EDGE('',*,*,#4880,.F.);
#5061 = ORIENTED_EDGE('',*,*,#5062,.F.);
#5062 = EDGE_CURVE('',#5038,#4873,#5063,.T.);
#5063 = LINE('',#5064,#5065);
#5064 = CARTESIAN_POINT('',(2.24,0.3,2.7));
#5065 = VECTOR('',#5066,1.);
#5066 = DIRECTION('',(0.,-1.,0.));
#5067 = PLANE('',#5068);
#5068 = AXIS2_PLACEMENT_3D('',#5069,#5070,#5071);
#5069 = CARTESIAN_POINT('',(2.24,0.3,2.7));
#5070 = DIRECTION('',(1.,0.,0.));
#5071 = DIRECTION('',(0.,-1.,0.));
#5072 = ADVANCED_FACE('',(#5073),#5084,.T.);
#5073 = FACE_BOUND('',#5074,.T.);
#5074 = EDGE_LOOP('',(#5075,#5076,#5077,#5078));
#5075 = ORIENTED_EDGE('',*,*,#5028,.T.);
#5076 = ORIENTED_EDGE('',*,*,#4811,.T.);
#5077 = ORIENTED_EDGE('',*,*,#4856,.F.);
#5078 = ORIENTED_EDGE('',*,*,#5079,.F.);
#5079 = EDGE_CURVE('',#5029,#4849,#5080,.T.);
#5080 = LINE('',#5081,#5082);
#5081 = CARTESIAN_POINT('',(2.84,0.3,2.7));
#5082 = VECTOR('',#5083,1.);
#5083 = DIRECTION('',(0.,-1.,0.));
#5084 = PLANE('',#5085);
#5085 = AXIS2_PLACEMENT_3D('',#5086,#5087,#5088);
#5086 = CARTESIAN_POINT('',(2.84,0.3,2.7));
#5087 = DIRECTION('',(1.,0.,0.));
#5088 = DIRECTION('',(0.,-1.,0.));
#5089 = ADVANCED_FACE('',(#5090),#5115,.F.);
#5090 = FACE_BOUND('',#5091,.F.);
#5091 = EDGE_LOOP('',(#5092,#5100,#5101,#5109));
#5092 = ORIENTED_EDGE('',*,*,#5093,.T.);
#5093 = EDGE_CURVE('',#5094,#4873,#5096,.T.);
#5094 = VERTEX_POINT('',#5095);
#5095 = CARTESIAN_POINT('',(2.24,-0.3,-2.));
#5096 = LINE('',#5097,#5098);
#5097 = CARTESIAN_POINT('',(2.24,-0.3,-2.));
#5098 = VECTOR('',#5099,1.);
#5099 = DIRECTION('',(0.,0.,1.));
#5100 = ORIENTED_EDGE('',*,*,#4897,.T.);
#5101 = ORIENTED_EDGE('',*,*,#5102,.F.);
#5102 = EDGE_CURVE('',#5103,#4849,#5105,.T.);
#5103 = VERTEX_POINT('',#5104);
#5104 = CARTESIAN_POINT('',(2.84,-0.3,-2.));
#5105 = LINE('',#5106,#5107);
#5106 = CARTESIAN_POINT('',(2.84,-0.3,-2.));
#5107 = VECTOR('',#5108,1.);
#5108 = DIRECTION('',(0.,0.,1.));
#5109 = ORIENTED_EDGE('',*,*,#5110,.F.);
#5110 = EDGE_CURVE('',#5094,#5103,#5111,.T.);
#5111 = LINE('',#5112,#5113);
#5112 = CARTESIAN_POINT('',(2.24,-0.3,-2.));
#5113 = VECTOR('',#5114,1.);
#5114 = DIRECTION('',(1.,0.,0.));
#5115 = PLANE('',#5116);
#5116 = AXIS2_PLACEMENT_3D('',#5117,#5118,#5119);
#5117 = CARTESIAN_POINT('',(2.24,-0.3,-2.));
#5118 = DIRECTION('',(0.,1.,0.));
#5119 = DIRECTION('',(1.,0.,0.));
#5120 = ADVANCED_FACE('',(#5121),#5139,.F.);
#5121 = FACE_BOUND('',#5122,.F.);
#5122 = EDGE_LOOP('',(#5123,#5131,#5132,#5133));
#5123 = ORIENTED_EDGE('',*,*,#5124,.T.);
#5124 = EDGE_CURVE('',#5125,#4933,#5127,.T.);
#5125 = VERTEX_POINT('',#5126);
#5126 = CARTESIAN_POINT('',(-0.3,0.3,-2.));
#5127 = LINE('',#5128,#5129);
#5128 = CARTESIAN_POINT('',(-0.3,0.3,-2.));
#5129 = VECTOR('',#5130,1.);
#5130 = DIRECTION('',(0.,0.,1.));
#5131 = ORIENTED_EDGE('',*,*,#4942,.T.);
#5132 = ORIENTED_EDGE('',*,*,#4997,.F.);
#5133 = ORIENTED_EDGE('',*,*,#5134,.F.);
#5134 = EDGE_CURVE('',#5125,#4998,#5135,.T.);
#5135 = LINE('',#5136,#5137);
#5136 = CARTESIAN_POINT('',(-0.3,0.3,-2.));
#5137 = VECTOR('',#5138,1.);
#5138 = DIRECTION('',(0.,-1.,0.));
#5139 = PLANE('',#5140);
#5140 = AXIS2_PLACEMENT_3D('',#5141,#5142,#5143);
#5141 = CARTESIAN_POINT('',(-0.3,0.3,-2.));
#5142 = DIRECTION('',(1.,0.,0.));
#5143 = DIRECTION('',(0.,-1.,0.));
#5144 = ADVANCED_FACE('',(#5145),#5163,.F.);
#5145 = FACE_BOUND('',#5146,.F.);
#5146 = EDGE_LOOP('',(#5147,#5148,#5149,#5157));
#5147 = ORIENTED_EDGE('',*,*,#5006,.T.);
#5148 = ORIENTED_EDGE('',*,*,#4966,.F.);
#5149 = ORIENTED_EDGE('',*,*,#5150,.F.);
#5150 = EDGE_CURVE('',#5151,#4957,#5153,.T.);
#5151 = VERTEX_POINT('',#5152);
#5152 = CARTESIAN_POINT('',(0.3,0.3,-2.));
#5153 = LINE('',#5154,#5155);
#5154 = CARTESIAN_POINT('',(0.3,0.3,-2.));
#5155 = VECTOR('',#5156,1.);
#5156 = DIRECTION('',(0.,0.,1.));
#5157 = ORIENTED_EDGE('',*,*,#5158,.F.);
#5158 = EDGE_CURVE('',#5007,#5151,#5159,.T.);
#5159 = LINE('',#5160,#5161);
#5160 = CARTESIAN_POINT('',(0.3,-0.3,-2.));
#5161 = VECTOR('',#5162,1.);
#5162 = DIRECTION('',(0.,1.,0.));
#5163 = PLANE('',#5164);
#5164 = AXIS2_PLACEMENT_3D('',#5165,#5166,#5167);
#5165 = CARTESIAN_POINT('',(0.3,-0.3,-2.));
#5166 = DIRECTION('',(-1.,0.,0.));
#5167 = DIRECTION('',(0.,1.,0.));
#5168 = ADVANCED_FACE('',(#5169),#5180,.F.);
#5169 = FACE_BOUND('',#5170,.F.);
#5170 = EDGE_LOOP('',(#5171,#5172,#5173,#5174));
#5171 = ORIENTED_EDGE('',*,*,#5150,.T.);
#5172 = ORIENTED_EDGE('',*,*,#4983,.T.);
#5173 = ORIENTED_EDGE('',*,*,#5124,.F.);
#5174 = ORIENTED_EDGE('',*,*,#5175,.F.);
#5175 = EDGE_CURVE('',#5151,#5125,#5176,.T.);
#5176 = LINE('',#5177,#5178);
#5177 = CARTESIAN_POINT('',(0.3,0.3,-2.));
#5178 = VECTOR('',#5179,1.);
#5179 = DIRECTION('',(-1.,0.,0.));
#5180 = PLANE('',#5181);
#5181 = AXIS2_PLACEMENT_3D('',#5182,#5183,#5184);
#5182 = CARTESIAN_POINT('',(0.3,0.3,-2.));
#5183 = DIRECTION('',(0.,-1.,0.));
#5184 = DIRECTION('',(-1.,0.,0.));
#5185 = ADVANCED_FACE('',(#5186),#5192,.T.);
#5186 = FACE_BOUND('',#5187,.F.);
#5187 = EDGE_LOOP('',(#5188,#5189,#5190,#5191));
#5188 = ORIENTED_EDGE('',*,*,#5175,.T.);
#5189 = ORIENTED_EDGE('',*,*,#5134,.T.);
#5190 = ORIENTED_EDGE('',*,*,#5014,.T.);
#5191 = ORIENTED_EDGE('',*,*,#5158,.T.);
#5192 = PLANE('',#5193);
#5193 = AXIS2_PLACEMENT_3D('',#5194,#5195,#5196);
#5194 = CARTESIAN_POINT('',(0.3,0.3,-2.));
#5195 = DIRECTION('',(0.,0.,-1.));
#5196 = DIRECTION('',(-1.,0.,0.));
#5197 = ADVANCED_FACE('',(#5198),#5223,.F.);
#5198 = FACE_BOUND('',#5199,.F.);
#5199 = EDGE_LOOP('',(#5200,#5208,#5209,#5217));
#5200 = ORIENTED_EDGE('',*,*,#5201,.T.);
#5201 = EDGE_CURVE('',#5202,#5029,#5204,.T.);
#5202 = VERTEX_POINT('',#5203);
#5203 = CARTESIAN_POINT('',(2.84,0.3,-2.));
#5204 = LINE('',#5205,#5206);
#5205 = CARTESIAN_POINT('',(2.84,0.3,-2.));
#5206 = VECTOR('',#5207,1.);
#5207 = DIRECTION('',(0.,0.,1.));
#5208 = ORIENTED_EDGE('',*,*,#5045,.T.);
#5209 = ORIENTED_EDGE('',*,*,#5210,.F.);
#5210 = EDGE_CURVE('',#5211,#5038,#5213,.T.);
#5211 = VERTEX_POINT('',#5212);
#5212 = CARTESIAN_POINT('',(2.24,0.3,-2.));
#5213 = LINE('',#5214,#5215);
#5214 = CARTESIAN_POINT('',(2.24,0.3,-2.));
#5215 = VECTOR('',#5216,1.);
#5216 = DIRECTION('',(0.,0.,1.));
#5217 = ORIENTED_EDGE('',*,*,#5218,.F.);
#5218 = EDGE_CURVE('',#5202,#5211,#5219,.T.);
#5219 = LINE('',#5220,#5221);
#5220 = CARTESIAN_POINT('',(2.84,0.3,-2.));
#5221 = VECTOR('',#5222,1.);
#5222 = DIRECTION('',(-1.,0.,0.));
#5223 = PLANE('',#5224);
#5224 = AXIS2_PLACEMENT_3D('',#5225,#5226,#5227);
#5225 = CARTESIAN_POINT('',(2.84,0.3,-2.));
#5226 = DIRECTION('',(0.,-1.,0.));
#5227 = DIRECTION('',(-1.,0.,0.));
#5228 = ADVANCED_FACE('',(#5229),#5240,.F.);
#5229 = FACE_BOUND('',#5230,.F.);
#5230 = EDGE_LOOP('',(#5231,#5232,#5233,#5234));
#5231 = ORIENTED_EDGE('',*,*,#5210,.T.);
#5232 = ORIENTED_EDGE('',*,*,#5062,.T.);
#5233 = ORIENTED_EDGE('',*,*,#5093,.F.);
#5234 = ORIENTED_EDGE('',*,*,#5235,.F.);
#5235 = EDGE_CURVE('',#5211,#5094,#5236,.T.);
#5236 = LINE('',#5237,#5238);
#5237 = CARTESIAN_POINT('',(2.24,0.3,-2.));
#5238 = VECTOR('',#5239,1.);
#5239 = DIRECTION('',(0.,-1.,0.));
#5240 = PLANE('',#5241);
#5241 = AXIS2_PLACEMENT_3D('',#5242,#5243,#5244);
#5242 = CARTESIAN_POINT('',(2.24,0.3,-2.));
#5243 = DIRECTION('',(1.,0.,0.));
#5244 = DIRECTION('',(0.,-1.,0.));
#5245 = ADVANCED_FACE('',(#5246),#5257,.F.);
#5246 = FACE_BOUND('',#5247,.F.);
#5247 = EDGE_LOOP('',(#5248,#5249,#5250,#5251));
#5248 = ORIENTED_EDGE('',*,*,#5102,.T.);
#5249 = ORIENTED_EDGE('',*,*,#5079,.F.);
#5250 = ORIENTED_EDGE('',*,*,#5201,.F.);
#5251 = ORIENTED_EDGE('',*,*,#5252,.F.);
#5252 = EDGE_CURVE('',#5103,#5202,#5253,.T.);
#5253 = LINE('',#5254,#5255);
#5254 = CARTESIAN_POINT('',(2.84,-0.3,-2.));
#5255 = VECTOR('',#5256,1.);
#5256 = DIRECTION('',(0.,1.,0.));
#5257 = PLANE('',#5258);
#5258 = AXIS2_PLACEMENT_3D('',#5259,#5260,#5261);
#5259 = CARTESIAN_POINT('',(2.84,-0.3,-2.));
#5260 = DIRECTION('',(-1.,0.,0.));
#5261 = DIRECTION('',(0.,1.,0.));
#5262 = ADVANCED_FACE('',(#5263),#5269,.T.);
#5263 = FACE_BOUND('',#5264,.F.);
#5264 = EDGE_LOOP('',(#5265,#5266,#5267,#5268));
#5265 = ORIENTED_EDGE('',*,*,#5218,.T.);
#5266 = ORIENTED_EDGE('',*,*,#5235,.T.);
#5267 = ORIENTED_EDGE('',*,*,#5110,.T.);
#5268 = ORIENTED_EDGE('',*,*,#5252,.T.);
#5269 = PLANE('',#5270);
#5270 = AXIS2_PLACEMENT_3D('',#5271,#5272,#5273);
#5271 = CARTESIAN_POINT('',(2.84,0.3,-2.));
#5272 = DIRECTION('',(0.,0.,-1.));
#5273 = DIRECTION('',(-1.,0.,0.));
#5274 = ( GEOMETRIC_REPRESENTATION_CONTEXT(3) 
GLOBAL_UNCERTAINTY_ASSIGNED_CONTEXT((#5278)) 
GLOBAL_UNIT_ASSIGNED_CONTEXT((#5275,#5276,#5277)) REPRESENTATION_CONTEXT
('Context #1','3D Context with UNIT and UNCERTAINTY') );
#5275 = ( LENGTH_UNIT() NAMED_UNIT(*) SI_UNIT(.MILLI.,.METRE.) );
#5276 = ( NAMED_UNIT(*) PLANE_ANGLE_UNIT() SI_UNIT($,.RADIAN.) );
#5277 = ( NAMED_UNIT(*) SI_UNIT($,.STERADIAN.) SOLID_ANGLE_UNIT() );
#5278 = UNCERTAINTY_MEASURE_WITH_UNIT(LENGTH_MEASURE(1.E-07),#5275,
  'distance_accuracy_value','confusion accuracy');
#5279 = CONTEXT_DEPENDENT_SHAPE_REPRESENTATION(#5280,#5282);
#5280 = ( REPRESENTATION_RELATIONSHIP('','',#4366,#10) 
REPRESENTATION_RELATIONSHIP_WITH_TRANSFORMATION(#5281) 
SHAPE_REPRESENTATION_RELATIONSHIP() );
#5281 = ITEM_DEFINED_TRANSFORMATION('','',#11,#47);
#5282 = PRODUCT_DEFINITION_SHAPE('Placement','Placement of an item',
  #5283);
#5283 = NEXT_ASSEMBLY_USAGE_OCCURRENCE('9','D1','',#5,#4361,$);
#5284 = PRODUCT_RELATED_PRODUCT_CATEGORY('part',$,(#4363));
#5285 = CONTEXT_DEPENDENT_SHAPE_REPRESENTATION(#5286,#5288);
#5286 = ( REPRESENTATION_RELATIONSHIP('','',#3349,#10) 
REPRESENTATION_RELATIONSHIP_WITH_TRANSFORMATION(#5287) 
SHAPE_REPRESENTATION_RELATIONSHIP() );
#5287 = ITEM_DEFINED_TRANSFORMATION('','',#11,#51);
#5288 = PRODUCT_DEFINITION_SHAPE('Placement','Placement of an item',
  #5289);
#5289 = NEXT_ASSEMBLY_USAGE_OCCURRENCE('10','C3','',#5,#3344,$);
#5290 = SHAPE_DEFINITION_REPRESENTATION(#5291,#5297);
#5291 = PRODUCT_DEFINITION_SHAPE('','',#5292);
#5292 = PRODUCT_DEFINITION('design','',#5293,#5296);
#5293 = PRODUCT_DEFINITION_FORMATION('','',#5294);
#5294 = PRODUCT('R_Axial_DIN0207_L6.3mm_D2.5mm_P10.16mm_Horizontal',
  'R_Axial_DIN0207_L6.3mm_D2.5mm_P10.16mm_Horizontal','',(#5295));
#5295 = PRODUCT_CONTEXT('',#2,'mechanical');
#5296 = PRODUCT_DEFINITION_CONTEXT('part definition',#2,'design');
#5297 = ADVANCED_BREP_SHAPE_REPRESENTATION('',(#11,#5298),#5685);
#5298 = MANIFOLD_SOLID_BREP('',#5299);
#5299 = CLOSED_SHELL('',(#5300,#5333,#5359,#5379,#5399,#5424,#5449,#5469
    ,#5495,#5520,#5545,#5571,#5580,#5600,#5625,#5651,#5676));
#5300 = ADVANCED_FACE('',(#5301),#5328,.T.);
#5301 = FACE_BOUND('',#5302,.T.);
#5302 = EDGE_LOOP('',(#5303,#5312,#5320,#5327));
#5303 = ORIENTED_EDGE('',*,*,#5304,.T.);
#5304 = EDGE_CURVE('',#5305,#5305,#5307,.T.);
#5305 = VERTEX_POINT('',#5306);
#5306 = CARTESIAN_POINT('',(2.555,1.25,1.25));
#5307 = CIRCLE('',#5308,1.25);
#5308 = AXIS2_PLACEMENT_3D('',#5309,#5310,#5311);
#5309 = CARTESIAN_POINT('',(2.555,0.,1.25));
#5310 = DIRECTION('',(1.,0.,0.));
#5311 = DIRECTION('',(-0.,1.,0.));
#5312 = ORIENTED_EDGE('',*,*,#5313,.T.);
#5313 = EDGE_CURVE('',#5305,#5314,#5316,.T.);
#5314 = VERTEX_POINT('',#5315);
#5315 = CARTESIAN_POINT('',(3.505,1.25,1.25));
#5316 = LINE('',#5317,#5318);
#5317 = CARTESIAN_POINT('',(1.93,1.25,1.25));
#5318 = VECTOR('',#5319,1.);
#5319 = DIRECTION('',(1.,0.,0.));
#5320 = ORIENTED_EDGE('',*,*,#5321,.F.);
#5321 = EDGE_CURVE('',#5314,#5314,#5322,.T.);
#5322 = CIRCLE('',#5323,1.25);
#5323 = AXIS2_PLACEMENT_3D('',#5324,#5325,#5326);
#5324 = CARTESIAN_POINT('',(3.505,0.,1.25));
#5325 = DIRECTION('',(1.,0.,0.));
#5326 = DIRECTION('',(-0.,1.,0.));
#5327 = ORIENTED_EDGE('',*,*,#5313,.F.);
#5328 = CYLINDRICAL_SURFACE('',#5329,1.25);
#5329 = AXIS2_PLACEMENT_3D('',#5330,#5331,#5332);
#5330 = CARTESIAN_POINT('',(1.93,0.,1.25));
#5331 = DIRECTION('',(-1.,-0.,-0.));
#5332 = DIRECTION('',(0.,1.,0.));
#5333 = ADVANCED_FACE('',(#5334),#5354,.T.);
#5334 = FACE_BOUND('',#5335,.T.);
#5335 = EDGE_LOOP('',(#5336,#5345,#5352,#5353));
#5336 = ORIENTED_EDGE('',*,*,#5337,.T.);
#5337 = EDGE_CURVE('',#5338,#5338,#5340,.T.);
#5338 = VERTEX_POINT('',#5339);
#5339 = CARTESIAN_POINT('',(1.93,0.625,1.25));
#5340 = CIRCLE('',#5341,0.625);
#5341 = AXIS2_PLACEMENT_3D('',#5342,#5343,#5344);
#5342 = CARTESIAN_POINT('',(1.93,0.,1.25));
#5343 = DIRECTION('',(1.,0.,0.));
#5344 = DIRECTION('',(-0.,1.,0.));
#5345 = ORIENTED_EDGE('',*,*,#5346,.F.);
#5346 = EDGE_CURVE('',#5305,#5338,#5347,.T.);
#5347 = CIRCLE('',#5348,0.625);
#5348 = AXIS2_PLACEMENT_3D('',#5349,#5350,#5351);
#5349 = CARTESIAN_POINT('',(2.555,0.625,1.25));
#5350 = DIRECTION('',(0.,-0.,1.));
#5351 = DIRECTION('',(0.,1.,0.));
#5352 = ORIENTED_EDGE('',*,*,#5304,.F.);
#5353 = ORIENTED_EDGE('',*,*,#5346,.T.);
#5354 = TOROIDAL_SURFACE('',#5355,0.625,0.625);
#5355 = AXIS2_PLACEMENT_3D('',#5356,#5357,#5358);
#5356 = CARTESIAN_POINT('',(2.555,0.,1.25));
#5357 = DIRECTION('',(-1.,0.,0.));
#5358 = DIRECTION('',(0.,1.,0.));
#5359 = ADVANCED_FACE('',(#5360,#5363),#5374,.F.);
#5360 = FACE_BOUND('',#5361,.F.);
#5361 = EDGE_LOOP('',(#5362));
#5362 = ORIENTED_EDGE('',*,*,#5321,.F.);
#5363 = FACE_BOUND('',#5364,.F.);
#5364 = EDGE_LOOP('',(#5365));
#5365 = ORIENTED_EDGE('',*,*,#5366,.F.);
#5366 = EDGE_CURVE('',#5367,#5367,#5369,.T.);
#5367 = VERTEX_POINT('',#5368);
#5368 = CARTESIAN_POINT('',(3.505,1.125,1.25));
#5369 = CIRCLE('',#5370,1.125);
#5370 = AXIS2_PLACEMENT_3D('',#5371,#5372,#5373);
#5371 = CARTESIAN_POINT('',(3.505,0.,1.25));
#5372 = DIRECTION('',(-1.,0.,0.));
#5373 = DIRECTION('',(0.,1.,0.));
#5374 = PLANE('',#5375);
#5375 = AXIS2_PLACEMENT_3D('',#5376,#5377,#5378);
#5376 = CARTESIAN_POINT('',(3.505,1.25,1.25));
#5377 = DIRECTION('',(-1.,0.,0.));
#5378 = DIRECTION('',(0.,0.,-1.));
#5379 = ADVANCED_FACE('',(#5380,#5383),#5394,.T.);
#5380 = FACE_BOUND('',#5381,.T.);
#5381 = EDGE_LOOP('',(#5382));
#5382 = ORIENTED_EDGE('',*,*,#5337,.F.);
#5383 = FACE_BOUND('',#5384,.T.);
#5384 = EDGE_LOOP('',(#5385));
#5385 = ORIENTED_EDGE('',*,*,#5386,.T.);
#5386 = EDGE_CURVE('',#5387,#5387,#5389,.T.);
#5387 = VERTEX_POINT('',#5388);
#5388 = CARTESIAN_POINT('',(1.93,0.,0.95));
#5389 = CIRCLE('',#5390,0.3);
#5390 = AXIS2_PLACEMENT_3D('',#5391,#5392,#5393);
#5391 = CARTESIAN_POINT('',(1.93,0.,1.25));
#5392 = DIRECTION('',(1.,-0.,0.));
#5393 = DIRECTION('',(0.,0.,-1.));
#5394 = PLANE('',#5395);
#5395 = AXIS2_PLACEMENT_3D('',#5396,#5397,#5398);
#5396 = CARTESIAN_POINT('',(1.93,1.25,1.25));
#5397 = DIRECTION('',(-1.,0.,0.));
#5398 = DIRECTION('',(0.,0.,-1.));
#5399 = ADVANCED_FACE('',(#5400),#5419,.T.);
#5400 = FACE_BOUND('',#5401,.T.);
#5401 = EDGE_LOOP('',(#5402,#5411,#5417,#5418));
#5402 = ORIENTED_EDGE('',*,*,#5403,.T.);
#5403 = EDGE_CURVE('',#5404,#5404,#5406,.T.);
#5404 = VERTEX_POINT('',#5405);
#5405 = CARTESIAN_POINT('',(6.655,1.125,1.25));
#5406 = CIRCLE('',#5407,1.125);
#5407 = AXIS2_PLACEMENT_3D('',#5408,#5409,#5410);
#5408 = CARTESIAN_POINT('',(6.655,0.,1.25));
#5409 = DIRECTION('',(-1.,0.,0.));
#5410 = DIRECTION('',(0.,1.,0.));
#5411 = ORIENTED_EDGE('',*,*,#5412,.F.);
#5412 = EDGE_CURVE('',#5367,#5404,#5413,.T.);
#5413 = LINE('',#5414,#5415);
#5414 = CARTESIAN_POINT('',(1.93,1.125,1.25));
#5415 = VECTOR('',#5416,1.);
#5416 = DIRECTION('',(1.,0.,0.));
#5417 = ORIENTED_EDGE('',*,*,#5366,.F.);
#5418 = ORIENTED_EDGE('',*,*,#5412,.T.);
#5419 = CYLINDRICAL_SURFACE('',#5420,1.125);
#5420 = AXIS2_PLACEMENT_3D('',#5421,#5422,#5423);
#5421 = CARTESIAN_POINT('',(1.93,0.,1.25));
#5422 = DIRECTION('',(-1.,-0.,-0.));
#5423 = DIRECTION('',(0.,1.,0.));
#5424 = ADVANCED_FACE('',(#5425),#5444,.T.);
#5425 = FACE_BOUND('',#5426,.T.);
#5426 = EDGE_LOOP('',(#5427,#5436,#5442,#5443));
#5427 = ORIENTED_EDGE('',*,*,#5428,.F.);
#5428 = EDGE_CURVE('',#5429,#5429,#5431,.T.);
#5429 = VERTEX_POINT('',#5430);
#5430 = CARTESIAN_POINT('',(0.9,0.,0.95));
#5431 = CIRCLE('',#5432,0.3);
#5432 = AXIS2_PLACEMENT_3D('',#5433,#5434,#5435);
#5433 = CARTESIAN_POINT('',(0.9,0.,1.25));
#5434 = DIRECTION('',(-1.,0.,-1.188909441847E-17));
#5435 = DIRECTION('',(-1.188909441847E-17,0.,1.));
#5436 = ORIENTED_EDGE('',*,*,#5437,.T.);
#5437 = EDGE_CURVE('',#5429,#5387,#5438,.T.);
#5438 = LINE('',#5439,#5440);
#5439 = CARTESIAN_POINT('',(0.9,0.,0.95));
#5440 = VECTOR('',#5441,1.);
#5441 = DIRECTION('',(1.,0.,0.));
#5442 = ORIENTED_EDGE('',*,*,#5386,.F.);
#5443 = ORIENTED_EDGE('',*,*,#5437,.F.);
#5444 = CYLINDRICAL_SURFACE('',#5445,0.3);
#5445 = AXIS2_PLACEMENT_3D('',#5446,#5447,#5448);
#5446 = CARTESIAN_POINT('',(0.9,0.,1.25));
#5447 = DIRECTION('',(1.,0.,0.));
#5448 = DIRECTION('',(0.,0.,-1.));
#5449 = ADVANCED_FACE('',(#5450,#5461),#5464,.T.);
#5450 = FACE_BOUND('',#5451,.T.);
#5451 = EDGE_LOOP('',(#5452));
#5452 = ORIENTED_EDGE('',*,*,#5453,.F.);
#5453 = EDGE_CURVE('',#5454,#5454,#5456,.T.);
#5454 = VERTEX_POINT('',#5455);
#5455 = CARTESIAN_POINT('',(6.655,1.25,1.25));
#5456 = CIRCLE('',#5457,1.25);
#5457 = AXIS2_PLACEMENT_3D('',#5458,#5459,#5460);
#5458 = CARTESIAN_POINT('',(6.655,0.,1.25));
#5459 = DIRECTION('',(1.,0.,0.));
#5460 = DIRECTION('',(-0.,1.,0.));
#5461 = FACE_BOUND('',#5462,.T.);
#5462 = EDGE_LOOP('',(#5463));
#5463 = ORIENTED_EDGE('',*,*,#5403,.F.);
#5464 = PLANE('',#5465);
#5465 = AXIS2_PLACEMENT_3D('',#5466,#5467,#5468);
#5466 = CARTESIAN_POINT('',(6.655,1.25,1.25));
#5467 = DIRECTION('',(-1.,0.,0.));
#5468 = DIRECTION('',(0.,0.,-1.));
#5469 = ADVANCED_FACE('',(#5470),#5490,.T.);
#5470 = FACE_BOUND('',#5471,.T.);
#5471 = EDGE_LOOP('',(#5472,#5481,#5482,#5483));
#5472 = ORIENTED_EDGE('',*,*,#5473,.T.);
#5473 = EDGE_CURVE('',#5474,#5429,#5476,.T.);
#5474 = VERTEX_POINT('',#5475);
#5475 = CARTESIAN_POINT('',(0.3,0.,0.35));
#5476 = CIRCLE('',#5477,0.6);
#5477 = AXIS2_PLACEMENT_3D('',#5478,#5479,#5480);
#5478 = CARTESIAN_POINT('',(0.9,1.102182119233E-16,0.35));
#5479 = DIRECTION('',(0.,1.,-0.));
#5480 = DIRECTION('',(-1.,0.,4.93432455389E-16));
#5481 = ORIENTED_EDGE('',*,*,#5428,.T.);
#5482 = ORIENTED_EDGE('',*,*,#5473,.F.);
#5483 = ORIENTED_EDGE('',*,*,#5484,.T.);
#5484 = EDGE_CURVE('',#5474,#5474,#5485,.T.);
#5485 = CIRCLE('',#5486,0.3);
#5486 = AXIS2_PLACEMENT_3D('',#5487,#5488,#5489);
#5487 = CARTESIAN_POINT('',(0.,0.,0.35));
#5488 = DIRECTION('',(0.,0.,1.));
#5489 = DIRECTION('',(1.,0.,-0.));
#5490 = TOROIDAL_SURFACE('',#5491,0.9,0.3);
#5491 = AXIS2_PLACEMENT_3D('',#5492,#5493,#5494);
#5492 = CARTESIAN_POINT('',(0.9,0.,0.35));
#5493 = DIRECTION('',(0.,1.,0.));
#5494 = DIRECTION('',(-1.,0.,4.93432455389E-16));
#5495 = ADVANCED_FACE('',(#5496),#5515,.T.);
#5496 = FACE_BOUND('',#5497,.T.);
#5497 = EDGE_LOOP('',(#5498,#5499,#5507,#5514));
#5498 = ORIENTED_EDGE('',*,*,#5453,.T.);
#5499 = ORIENTED_EDGE('',*,*,#5500,.T.);
#5500 = EDGE_CURVE('',#5454,#5501,#5503,.T.);
#5501 = VERTEX_POINT('',#5502);
#5502 = CARTESIAN_POINT('',(7.605,1.25,1.25));
#5503 = LINE('',#5504,#5505);
#5504 = CARTESIAN_POINT('',(6.655,1.25,1.25));
#5505 = VECTOR('',#5506,1.);
#5506 = DIRECTION('',(1.,0.,0.));
#5507 = ORIENTED_EDGE('',*,*,#5508,.F.);
#5508 = EDGE_CURVE('',#5501,#5501,#5509,.T.);
#5509 = CIRCLE('',#5510,1.25);
#5510 = AXIS2_PLACEMENT_3D('',#5511,#5512,#5513);
#5511 = CARTESIAN_POINT('',(7.605,0.,1.25));
#5512 = DIRECTION('',(1.,0.,0.));
#5513 = DIRECTION('',(-0.,1.,0.));
#5514 = ORIENTED_EDGE('',*,*,#5500,.F.);
#5515 = CYLINDRICAL_SURFACE('',#5516,1.25);
#5516 = AXIS2_PLACEMENT_3D('',#5517,#5518,#5519);
#5517 = CARTESIAN_POINT('',(6.655,0.,1.25));
#5518 = DIRECTION('',(-1.,-0.,-0.));
#5519 = DIRECTION('',(0.,1.,0.));
#5520 = ADVANCED_FACE('',(#5521),#5540,.T.);
#5521 = FACE_BOUND('',#5522,.T.);
#5522 = EDGE_LOOP('',(#5523,#5531,#5532,#5533));
#5523 = ORIENTED_EDGE('',*,*,#5524,.T.);
#5524 = EDGE_CURVE('',#5525,#5474,#5527,.T.);
#5525 = VERTEX_POINT('',#5526);
#5526 = CARTESIAN_POINT('',(0.3,-7.347880794884E-17,-3.));
#5527 = LINE('',#5528,#5529);
#5528 = CARTESIAN_POINT('',(0.3,0.,-3.));
#5529 = VECTOR('',#5530,1.);
#5530 = DIRECTION('',(0.,0.,1.));
#5531 = ORIENTED_EDGE('',*,*,#5484,.F.);
#5532 = ORIENTED_EDGE('',*,*,#5524,.F.);
#5533 = ORIENTED_EDGE('',*,*,#5534,.T.);
#5534 = EDGE_CURVE('',#5525,#5525,#5535,.T.);
#5535 = CIRCLE('',#5536,0.3);
#5536 = AXIS2_PLACEMENT_3D('',#5537,#5538,#5539);
#5537 = CARTESIAN_POINT('',(0.,0.,-3.));
#5538 = DIRECTION('',(0.,0.,1.));
#5539 = DIRECTION('',(1.,0.,-0.));
#5540 = CYLINDRICAL_SURFACE('',#5541,0.3);
#5541 = AXIS2_PLACEMENT_3D('',#5542,#5543,#5544);
#5542 = CARTESIAN_POINT('',(0.,0.,-3.));
#5543 = DIRECTION('',(0.,0.,1.));
#5544 = DIRECTION('',(1.,0.,-0.));
#5545 = ADVANCED_FACE('',(#5546),#5566,.T.);
#5546 = FACE_BOUND('',#5547,.T.);
#5547 = EDGE_LOOP('',(#5548,#5557,#5558,#5559));
#5548 = ORIENTED_EDGE('',*,*,#5549,.F.);
#5549 = EDGE_CURVE('',#5501,#5550,#5552,.T.);
#5550 = VERTEX_POINT('',#5551);
#5551 = CARTESIAN_POINT('',(8.23,0.625,1.25));
#5552 = CIRCLE('',#5553,0.625);
#5553 = AXIS2_PLACEMENT_3D('',#5554,#5555,#5556);
#5554 = CARTESIAN_POINT('',(7.605,0.625,1.25));
#5555 = DIRECTION('',(0.,0.,-1.));
#5556 = DIRECTION('',(0.,1.,0.));
#5557 = ORIENTED_EDGE('',*,*,#5508,.T.);
#5558 = ORIENTED_EDGE('',*,*,#5549,.T.);
#5559 = ORIENTED_EDGE('',*,*,#5560,.F.);
#5560 = EDGE_CURVE('',#5550,#5550,#5561,.T.);
#5561 = CIRCLE('',#5562,0.625);
#5562 = AXIS2_PLACEMENT_3D('',#5563,#5564,#5565);
#5563 = CARTESIAN_POINT('',(8.23,0.,1.25));
#5564 = DIRECTION('',(1.,0.,0.));
#5565 = DIRECTION('',(-0.,1.,0.));
#5566 = TOROIDAL_SURFACE('',#5567,0.625,0.625);
#5567 = AXIS2_PLACEMENT_3D('',#5568,#5569,#5570);
#5568 = CARTESIAN_POINT('',(7.605,0.,1.25));
#5569 = DIRECTION('',(1.,0.,0.));
#5570 = DIRECTION('',(-0.,1.,0.));
#5571 = ADVANCED_FACE('',(#5572),#5575,.T.);
#5572 = FACE_BOUND('',#5573,.F.);
#5573 = EDGE_LOOP('',(#5574));
#5574 = ORIENTED_EDGE('',*,*,#5534,.T.);
#5575 = PLANE('',#5576);
#5576 = AXIS2_PLACEMENT_3D('',#5577,#5578,#5579);
#5577 = CARTESIAN_POINT('',(0.3,0.,-3.));
#5578 = DIRECTION('',(0.,0.,-1.));
#5579 = DIRECTION('',(-1.,0.,0.));
#5580 = ADVANCED_FACE('',(#5581,#5584),#5595,.F.);
#5581 = FACE_BOUND('',#5582,.F.);
#5582 = EDGE_LOOP('',(#5583));
#5583 = ORIENTED_EDGE('',*,*,#5560,.F.);
#5584 = FACE_BOUND('',#5585,.F.);
#5585 = EDGE_LOOP('',(#5586));
#5586 = ORIENTED_EDGE('',*,*,#5587,.T.);
#5587 = EDGE_CURVE('',#5588,#5588,#5590,.T.);
#5588 = VERTEX_POINT('',#5589);
#5589 = CARTESIAN_POINT('',(8.23,0.,0.95));
#5590 = CIRCLE('',#5591,0.3);
#5591 = AXIS2_PLACEMENT_3D('',#5592,#5593,#5594);
#5592 = CARTESIAN_POINT('',(8.23,0.,1.25));
#5593 = DIRECTION('',(1.,-0.,0.));
#5594 = DIRECTION('',(0.,0.,-1.));
#5595 = PLANE('',#5596);
#5596 = AXIS2_PLACEMENT_3D('',#5597,#5598,#5599);
#5597 = CARTESIAN_POINT('',(8.23,1.25,1.25));
#5598 = DIRECTION('',(-1.,0.,0.));
#5599 = DIRECTION('',(0.,0.,-1.));
#5600 = ADVANCED_FACE('',(#5601),#5620,.T.);
#5601 = FACE_BOUND('',#5602,.T.);
#5602 = EDGE_LOOP('',(#5603,#5604,#5612,#5619));
#5603 = ORIENTED_EDGE('',*,*,#5587,.T.);
#5604 = ORIENTED_EDGE('',*,*,#5605,.T.);
#5605 = EDGE_CURVE('',#5588,#5606,#5608,.T.);
#5606 = VERTEX_POINT('',#5607);
#5607 = CARTESIAN_POINT('',(9.26,0.,0.95));
#5608 = LINE('',#5609,#5610);
#5609 = CARTESIAN_POINT('',(0.9,0.,0.95));
#5610 = VECTOR('',#5611,1.);
#5611 = DIRECTION('',(1.,0.,0.));
#5612 = ORIENTED_EDGE('',*,*,#5613,.F.);
#5613 = EDGE_CURVE('',#5606,#5606,#5614,.T.);
#5614 = CIRCLE('',#5615,0.3);
#5615 = AXIS2_PLACEMENT_3D('',#5616,#5617,#5618);
#5616 = CARTESIAN_POINT('',(9.26,0.,1.25));
#5617 = DIRECTION('',(1.,-0.,0.));
#5618 = DIRECTION('',(0.,0.,-1.));
#5619 = ORIENTED_EDGE('',*,*,#5605,.F.);
#5620 = CYLINDRICAL_SURFACE('',#5621,0.3);
#5621 = AXIS2_PLACEMENT_3D('',#5622,#5623,#5624);
#5622 = CARTESIAN_POINT('',(0.9,0.,1.25));
#5623 = DIRECTION('',(1.,0.,0.));
#5624 = DIRECTION('',(0.,0.,-1.));
#5625 = ADVANCED_FACE('',(#5626),#5646,.T.);
#5626 = FACE_BOUND('',#5627,.T.);
#5627 = EDGE_LOOP('',(#5628,#5637,#5644,#5645));
#5628 = ORIENTED_EDGE('',*,*,#5629,.T.);
#5629 = EDGE_CURVE('',#5606,#5630,#5632,.T.);
#5630 = VERTEX_POINT('',#5631);
#5631 = CARTESIAN_POINT('',(9.86,0.,0.35));
#5632 = CIRCLE('',#5633,0.6);
#5633 = AXIS2_PLACEMENT_3D('',#5634,#5635,#5636);
#5634 = CARTESIAN_POINT('',(9.26,1.102182119233E-16,0.35));
#5635 = DIRECTION('',(0.,1.,0.));
#5636 = DIRECTION('',(0.,-0.,1.));
#5637 = ORIENTED_EDGE('',*,*,#5638,.T.);
#5638 = EDGE_CURVE('',#5630,#5630,#5639,.T.);
#5639 = CIRCLE('',#5640,0.3);
#5640 = AXIS2_PLACEMENT_3D('',#5641,#5642,#5643);
#5641 = CARTESIAN_POINT('',(10.16,0.,0.35));
#5642 = DIRECTION('',(-5.053215498074E-16,0.,1.));
#5643 = DIRECTION('',(1.,0.,5.053215498074E-16));
#5644 = ORIENTED_EDGE('',*,*,#5629,.F.);
#5645 = ORIENTED_EDGE('',*,*,#5613,.T.);
#5646 = TOROIDAL_SURFACE('',#5647,0.9,0.3);
#5647 = AXIS2_PLACEMENT_3D('',#5648,#5649,#5650);
#5648 = CARTESIAN_POINT('',(9.26,0.,0.35));
#5649 = DIRECTION('',(0.,1.,0.));
#5650 = DIRECTION('',(0.,-0.,1.));
#5651 = ADVANCED_FACE('',(#5652),#5671,.T.);
#5652 = FACE_BOUND('',#5653,.T.);
#5653 = EDGE_LOOP('',(#5654,#5662,#5669,#5670));
#5654 = ORIENTED_EDGE('',*,*,#5655,.T.);
#5655 = EDGE_CURVE('',#5630,#5656,#5658,.T.);
#5656 = VERTEX_POINT('',#5657);
#5657 = CARTESIAN_POINT('',(9.86,-7.347880794884E-17,-3.));
#5658 = LINE('',#5659,#5660);
#5659 = CARTESIAN_POINT('',(9.86,0.,0.35));
#5660 = VECTOR('',#5661,1.);
#5661 = DIRECTION('',(0.,0.,-1.));
#5662 = ORIENTED_EDGE('',*,*,#5663,.F.);
#5663 = EDGE_CURVE('',#5656,#5656,#5664,.T.);
#5664 = CIRCLE('',#5665,0.3);
#5665 = AXIS2_PLACEMENT_3D('',#5666,#5667,#5668);
#5666 = CARTESIAN_POINT('',(10.16,0.,-3.));
#5667 = DIRECTION('',(0.,0.,-1.));
#5668 = DIRECTION('',(-1.,0.,0.));
#5669 = ORIENTED_EDGE('',*,*,#5655,.F.);
#5670 = ORIENTED_EDGE('',*,*,#5638,.F.);
#5671 = CYLINDRICAL_SURFACE('',#5672,0.3);
#5672 = AXIS2_PLACEMENT_3D('',#5673,#5674,#5675);
#5673 = CARTESIAN_POINT('',(10.16,0.,0.35));
#5674 = DIRECTION('',(0.,0.,-1.));
#5675 = DIRECTION('',(-1.,0.,0.));
#5676 = ADVANCED_FACE('',(#5677),#5680,.F.);
#5677 = FACE_BOUND('',#5678,.T.);
#5678 = EDGE_LOOP('',(#5679));
#5679 = ORIENTED_EDGE('',*,*,#5663,.T.);
#5680 = PLANE('',#5681);
#5681 = AXIS2_PLACEMENT_3D('',#5682,#5683,#5684);
#5682 = CARTESIAN_POINT('',(9.86,0.,-3.));
#5683 = DIRECTION('',(0.,0.,1.));
#5684 = DIRECTION('',(1.,0.,-0.));
#5685 = ( GEOMETRIC_REPRESENTATION_CONTEXT(3) 
GLOBAL_UNCERTAINTY_ASSIGNED_CONTEXT((#5689)) 
GLOBAL_UNIT_ASSIGNED_CONTEXT((#5686,#5687,#5688)) REPRESENTATION_CONTEXT
('Context #1','3D Context with UNIT and UNCERTAINTY') );
#5686 = ( LENGTH_UNIT() NAMED_UNIT(*) SI_UNIT(.MILLI.,.METRE.) );
#5687 = ( NAMED_UNIT(*) PLANE_ANGLE_UNIT() SI_UNIT($,.RADIAN.) );
#5688 = ( NAMED_UNIT(*) SI_UNIT($,.STERADIAN.) SOLID_ANGLE_UNIT() );
#5689 = UNCERTAINTY_MEASURE_WITH_UNIT(LENGTH_MEASURE(1.E-07),#5686,
  'distance_accuracy_value','confusion accuracy');
#5690 = CONTEXT_DEPENDENT_SHAPE_REPRESENTATION(#5691,#5693);
#5691 = ( REPRESENTATION_RELATIONSHIP('','',#5297,#10) 
REPRESENTATION_RELATIONSHIP_WITH_TRANSFORMATION(#5692) 
SHAPE_REPRESENTATION_RELATIONSHIP() );
#5692 = ITEM_DEFINED_TRANSFORMATION('','',#11,#55);
#5693 = PRODUCT_DEFINITION_SHAPE('Placement','Placement of an item',
  #5694);
#5694 = NEXT_ASSEMBLY_USAGE_OCCURRENCE('11','R2','',#5,#5292,$);
#5695 = PRODUCT_RELATED_PRODUCT_CATEGORY('part',$,(#5294));
#5696 = CONTEXT_DEPENDENT_SHAPE_REPRESENTATION(#5697,#5699);
#5697 = ( REPRESENTATION_RELATIONSHIP('','',#3349,#10) 
REPRESENTATION_RELATIONSHIP_WITH_TRANSFORMATION(#5698) 
SHAPE_REPRESENTATION_RELATIONSHIP() );
#5698 = ITEM_DEFINED_TRANSFORMATION('','',#11,#59);
#5699 = PRODUCT_DEFINITION_SHAPE('Placement','Placement of an item',
  #5700);
#5700 = NEXT_ASSEMBLY_USAGE_OCCURRENCE('12','C12','',#5,#3344,$);
#5701 = CONTEXT_DEPENDENT_SHAPE_REPRESENTATION(#5702,#5704);
#5702 = ( REPRESENTATION_RELATIONSHIP('','',#2554,#10) 
REPRESENTATION_RELATIONSHIP_WITH_TRANSFORMATION(#5703) 
SHAPE_REPRESENTATION_RELATIONSHIP() );
#5703 = ITEM_DEFINED_TRANSFORMATION('','',#11,#63);
#5704 = PRODUCT_DEFINITION_SHAPE('Placement','Placement of an item',
  #5705);
#5705 = NEXT_ASSEMBLY_USAGE_OCCURRENCE('13','Q7','',#5,#2549,$);
#5706 = SHAPE_DEFINITION_REPRESENTATION(#5707,#5713);
#5707 = PRODUCT_DEFINITION_SHAPE('','',#5708);
#5708 = PRODUCT_DEFINITION('design','',#5709,#5712);
#5709 = PRODUCT_DEFINITION_FORMATION('','',#5710);
#5710 = PRODUCT('DIP-8_W7.62mm_Socket','DIP-8_W7.62mm_Socket','',(#5711)
  );
#5711 = PRODUCT_CONTEXT('',#2,'mechanical');
#5712 = PRODUCT_DEFINITION_CONTEXT('part definition',#2,'design');
#5713 = ADVANCED_BREP_SHAPE_REPRESENTATION('',(#11,#5714),#8938);
#5714 = MANIFOLD_SOLID_BREP('',#5715);
#5715 = CLOSED_SHELL('',(#5716,#5756,#5787,#5850,#6075,#6204,#6221,#6245
    ,#6413,#6437,#6461,#6520,#6545,#6562,#6593,#6610,#6622,#6644,#6661,
    #6694,#6711,#6734,#6758,#6775,#6793,#6813,#6833,#6853,#6873,#6893,
    #6913,#6933,#6953,#6970,#6987,#6999,#7024,#7049,#7074,#7099,#7116,
    #7133,#7150,#7162,#7187,#7212,#7237,#7262,#7274,#7299,#7324,#7349,
    #7374,#7399,#7424,#7449,#7474,#7494,#7514,#7534,#7554,#7574,#7594,
    #7614,#7634,#7659,#7684,#7709,#7734,#7759,#7784,#7809,#7834,#7859,
    #7884,#7909,#7934,#7959,#7984,#8009,#8034,#8054,#8074,#8094,#8114,
    #8134,#8154,#8174,#8194,#8219,#8244,#8269,#8294,#8319,#8344,#8369,
    #8394,#8419,#8444,#8469,#8494,#8519,#8544,#8569,#8594,#8603,#8612,
    #8621,#8630,#8639,#8648,#8657,#8666,#8691,#8716,#8741,#8766,#8791,
    #8816,#8841,#8866,#8875,#8884,#8893,#8902,#8911,#8920,#8929));
#5716 = ADVANCED_FACE('',(#5717),#5751,.F.);
#5717 = FACE_BOUND('',#5718,.F.);
#5718 = EDGE_LOOP('',(#5719,#5729,#5737,#5745));
#5719 = ORIENTED_EDGE('',*,*,#5720,.T.);
#5720 = EDGE_CURVE('',#5721,#5723,#5725,.T.);
#5721 = VERTEX_POINT('',#5722);
#5722 = CARTESIAN_POINT('',(-1.27,1.27,1.3));
#5723 = VERTEX_POINT('',#5724);
#5724 = CARTESIAN_POINT('',(-1.27,1.27,3.967));
#5725 = LINE('',#5726,#5727);
#5726 = CARTESIAN_POINT('',(-1.27,1.27,1.3));
#5727 = VECTOR('',#5728,1.);
#5728 = DIRECTION('',(0.,0.,1.));
#5729 = ORIENTED_EDGE('',*,*,#5730,.T.);
#5730 = EDGE_CURVE('',#5723,#5731,#5733,.T.);
#5731 = VERTEX_POINT('',#5732);
#5732 = CARTESIAN_POINT('',(-1.27,-8.89,3.967));
#5733 = LINE('',#5734,#5735);
#5734 = CARTESIAN_POINT('',(-1.27,1.27,3.967));
#5735 = VECTOR('',#5736,1.);
#5736 = DIRECTION('',(-2.22044604925E-16,-1.,0.));
#5737 = ORIENTED_EDGE('',*,*,#5738,.F.);
#5738 = EDGE_CURVE('',#5739,#5731,#5741,.T.);
#5739 = VERTEX_POINT('',#5740);
#5740 = CARTESIAN_POINT('',(-1.27,-8.89,1.3));
#5741 = LINE('',#5742,#5743);
#5742 = CARTESIAN_POINT('',(-1.27,-8.89,1.3));
#5743 = VECTOR('',#5744,1.);
#5744 = DIRECTION('',(0.,0.,1.));
#5745 = ORIENTED_EDGE('',*,*,#5746,.F.);
#5746 = EDGE_CURVE('',#5721,#5739,#5747,.T.);
#5747 = LINE('',#5748,#5749);
#5748 = CARTESIAN_POINT('',(-1.27,1.27,1.3));
#5749 = VECTOR('',#5750,1.);
#5750 = DIRECTION('',(-2.22044604925E-16,-1.,0.));
#5751 = PLANE('',#5752);
#5752 = AXIS2_PLACEMENT_3D('',#5753,#5754,#5755);
#5753 = CARTESIAN_POINT('',(-1.27,1.27,1.3));
#5754 = DIRECTION('',(1.,-2.22044604925E-16,0.));
#5755 = DIRECTION('',(-2.22044604925E-16,-1.,0.));
#5756 = ADVANCED_FACE('',(#5757),#5782,.F.);
#5757 = FACE_BOUND('',#5758,.F.);
#5758 = EDGE_LOOP('',(#5759,#5767,#5775,#5781));
#5759 = ORIENTED_EDGE('',*,*,#5760,.F.);
#5760 = EDGE_CURVE('',#5761,#5721,#5763,.T.);
#5761 = VERTEX_POINT('',#5762);
#5762 = CARTESIAN_POINT('',(1.73,1.27,1.3));
#5763 = LINE('',#5764,#5765);
#5764 = CARTESIAN_POINT('',(8.89,1.27,1.3));
#5765 = VECTOR('',#5766,1.);
#5766 = DIRECTION('',(-1.,2.22044604925E-16,0.));
#5767 = ORIENTED_EDGE('',*,*,#5768,.F.);
#5768 = EDGE_CURVE('',#5769,#5761,#5771,.T.);
#5769 = VERTEX_POINT('',#5770);
#5770 = CARTESIAN_POINT('',(1.73,1.27,3.967));
#5771 = LINE('',#5772,#5773);
#5772 = CARTESIAN_POINT('',(1.73,1.27,3.967));
#5773 = VECTOR('',#5774,1.);
#5774 = DIRECTION('',(0.,-0.,-1.));
#5775 = ORIENTED_EDGE('',*,*,#5776,.T.);
#5776 = EDGE_CURVE('',#5769,#5723,#5777,.T.);
#5777 = LINE('',#5778,#5779);
#5778 = CARTESIAN_POINT('',(8.89,1.27,3.967));
#5779 = VECTOR('',#5780,1.);
#5780 = DIRECTION('',(-1.,2.22044604925E-16,0.));
#5781 = ORIENTED_EDGE('',*,*,#5720,.F.);
#5782 = PLANE('',#5783);
#5783 = AXIS2_PLACEMENT_3D('',#5784,#5785,#5786);
#5784 = CARTESIAN_POINT('',(8.89,1.27,1.3));
#5785 = DIRECTION('',(-2.22044604925E-16,-1.,0.));
#5786 = DIRECTION('',(-1.,2.22044604925E-16,0.));
#5787 = ADVANCED_FACE('',(#5788),#5845,.F.);
#5788 = FACE_BOUND('',#5789,.F.);
#5789 = EDGE_LOOP('',(#5790,#5798,#5799,#5807,#5815,#5823,#5831,#5839));
#5790 = ORIENTED_EDGE('',*,*,#5791,.F.);
#5791 = EDGE_CURVE('',#5739,#5792,#5794,.T.);
#5792 = VERTEX_POINT('',#5793);
#5793 = CARTESIAN_POINT('',(8.89,-8.89,1.3));
#5794 = LINE('',#5795,#5796);
#5795 = CARTESIAN_POINT('',(-1.27,-8.89,1.3));
#5796 = VECTOR('',#5797,1.);
#5797 = DIRECTION('',(1.,-2.22044604925E-16,0.));
#5798 = ORIENTED_EDGE('',*,*,#5738,.T.);
#5799 = ORIENTED_EDGE('',*,*,#5800,.T.);
#5800 = EDGE_CURVE('',#5731,#5801,#5803,.T.);
#5801 = VERTEX_POINT('',#5802);
#5802 = CARTESIAN_POINT('',(1.73,-8.89,3.967));
#5803 = LINE('',#5804,#5805);
#5804 = CARTESIAN_POINT('',(-1.27,-8.89,3.967));
#5805 = VECTOR('',#5806,1.);
#5806 = DIRECTION('',(1.,-2.22044604925E-16,0.));
#5807 = ORIENTED_EDGE('',*,*,#5808,.T.);
#5808 = EDGE_CURVE('',#5801,#5809,#5811,.T.);
#5809 = VERTEX_POINT('',#5810);
#5810 = CARTESIAN_POINT('',(1.73,-8.89,2.6335));
#5811 = LINE('',#5812,#5813);
#5812 = CARTESIAN_POINT('',(1.73,-8.89,3.967));
#5813 = VECTOR('',#5814,1.);
#5814 = DIRECTION('',(0.,-0.,-1.));
#5815 = ORIENTED_EDGE('',*,*,#5816,.F.);
#5816 = EDGE_CURVE('',#5817,#5809,#5819,.T.);
#5817 = VERTEX_POINT('',#5818);
#5818 = CARTESIAN_POINT('',(5.89,-8.89,2.6335));
#5819 = LINE('',#5820,#5821);
#5820 = CARTESIAN_POINT('',(5.89,-8.89,2.6335));
#5821 = VECTOR('',#5822,1.);
#5822 = DIRECTION('',(-1.,4.355490327376E-16,0.));
#5823 = ORIENTED_EDGE('',*,*,#5824,.F.);
#5824 = EDGE_CURVE('',#5825,#5817,#5827,.T.);
#5825 = VERTEX_POINT('',#5826);
#5826 = CARTESIAN_POINT('',(5.89,-8.89,3.967));
#5827 = LINE('',#5828,#5829);
#5828 = CARTESIAN_POINT('',(5.89,-8.89,3.967));
#5829 = VECTOR('',#5830,1.);
#5830 = DIRECTION('',(0.,-0.,-1.));
#5831 = ORIENTED_EDGE('',*,*,#5832,.T.);
#5832 = EDGE_CURVE('',#5825,#5833,#5835,.T.);
#5833 = VERTEX_POINT('',#5834);
#5834 = CARTESIAN_POINT('',(8.89,-8.89,3.967));
#5835 = LINE('',#5836,#5837);
#5836 = CARTESIAN_POINT('',(-1.27,-8.89,3.967));
#5837 = VECTOR('',#5838,1.);
#5838 = DIRECTION('',(1.,-2.22044604925E-16,0.));
#5839 = ORIENTED_EDGE('',*,*,#5840,.F.);
#5840 = EDGE_CURVE('',#5792,#5833,#5841,.T.);
#5841 = LINE('',#5842,#5843);
#5842 = CARTESIAN_POINT('',(8.89,-8.89,1.3));
#5843 = VECTOR('',#5844,1.);
#5844 = DIRECTION('',(0.,0.,1.));
#5845 = PLANE('',#5846);
#5846 = AXIS2_PLACEMENT_3D('',#5847,#5848,#5849);
#5847 = CARTESIAN_POINT('',(-1.27,-8.89,1.3));
#5848 = DIRECTION('',(2.22044604925E-16,1.,0.));
#5849 = DIRECTION('',(1.,-2.22044604925E-16,0.));
#5850 = ADVANCED_FACE('',(#5851,#5912,#5982,#5993,#6004,#6015,#6026,
    #6037,#6048,#6059),#6070,.T.);
#5851 = FACE_BOUND('',#5852,.T.);
#5852 = EDGE_LOOP('',(#5853,#5854,#5855,#5863,#5872,#5880,#5889,#5897,
    #5905,#5911));
#5853 = ORIENTED_EDGE('',*,*,#5746,.F.);
#5854 = ORIENTED_EDGE('',*,*,#5760,.F.);
#5855 = ORIENTED_EDGE('',*,*,#5856,.T.);
#5856 = EDGE_CURVE('',#5761,#5857,#5859,.T.);
#5857 = VERTEX_POINT('',#5858);
#5858 = CARTESIAN_POINT('',(1.73,0.67,1.3));
#5859 = LINE('',#5860,#5861);
#5860 = CARTESIAN_POINT('',(1.73,1.27,1.3));
#5861 = VECTOR('',#5862,1.);
#5862 = DIRECTION('',(-2.22044604925E-16,-1.,0.));
#5863 = ORIENTED_EDGE('',*,*,#5864,.T.);
#5864 = EDGE_CURVE('',#5857,#5865,#5867,.T.);
#5865 = VERTEX_POINT('',#5866);
#5866 = CARTESIAN_POINT('',(2.23,0.17,1.3));
#5867 = CIRCLE('',#5868,0.5);
#5868 = AXIS2_PLACEMENT_3D('',#5869,#5870,#5871);
#5869 = CARTESIAN_POINT('',(2.23,0.67,1.3));
#5870 = DIRECTION('',(0.,0.,1.));
#5871 = DIRECTION('',(-1.,-1.554312234475E-15,0.));
#5872 = ORIENTED_EDGE('',*,*,#5873,.T.);
#5873 = EDGE_CURVE('',#5865,#5874,#5876,.T.);
#5874 = VERTEX_POINT('',#5875);
#5875 = CARTESIAN_POINT('',(5.39,0.17,1.3));
#5876 = LINE('',#5877,#5878);
#5877 = CARTESIAN_POINT('',(2.23,0.17,1.3));
#5878 = VECTOR('',#5879,1.);
#5879 = DIRECTION('',(1.,-2.22044604925E-16,0.));
#5880 = ORIENTED_EDGE('',*,*,#5881,.T.);
#5881 = EDGE_CURVE('',#5874,#5882,#5884,.T.);
#5882 = VERTEX_POINT('',#5883);
#5883 = CARTESIAN_POINT('',(5.89,0.67,1.3));
#5884 = CIRCLE('',#5885,0.5);
#5885 = AXIS2_PLACEMENT_3D('',#5886,#5887,#5888);
#5886 = CARTESIAN_POINT('',(5.39,0.67,1.3));
#5887 = DIRECTION('',(-0.,0.,1.));
#5888 = DIRECTION('',(6.661338147751E-16,-1.,0.));
#5889 = ORIENTED_EDGE('',*,*,#5890,.T.);
#5890 = EDGE_CURVE('',#5882,#5891,#5893,.T.);
#5891 = VERTEX_POINT('',#5892);
#5892 = CARTESIAN_POINT('',(5.89,1.27,1.3));
#5893 = LINE('',#5894,#5895);
#5894 = CARTESIAN_POINT('',(5.89,0.67,1.3));
#5895 = VECTOR('',#5896,1.);
#5896 = DIRECTION('',(2.22044604925E-16,1.,0.));
#5897 = ORIENTED_EDGE('',*,*,#5898,.F.);
#5898 = EDGE_CURVE('',#5899,#5891,#5901,.T.);
#5899 = VERTEX_POINT('',#5900);
#5900 = CARTESIAN_POINT('',(8.89,1.27,1.3));
#5901 = LINE('',#5902,#5903);
#5902 = CARTESIAN_POINT('',(8.89,1.27,1.3));
#5903 = VECTOR('',#5904,1.);
#5904 = DIRECTION('',(-1.,2.22044604925E-16,0.));
#5905 = ORIENTED_EDGE('',*,*,#5906,.F.);
#5906 = EDGE_CURVE('',#5792,#5899,#5907,.T.);
#5907 = LINE('',#5908,#5909);
#5908 = CARTESIAN_POINT('',(8.89,-8.89,1.3));
#5909 = VECTOR('',#5910,1.);
#5910 = DIRECTION('',(2.22044604925E-16,1.,0.));
#5911 = ORIENTED_EDGE('',*,*,#5791,.F.);
#5912 = FACE_BOUND('',#5913,.T.);
#5913 = EDGE_LOOP('',(#5914,#5925,#5933,#5942,#5950,#5959,#5967,#5976));
#5914 = ORIENTED_EDGE('',*,*,#5915,.T.);
#5915 = EDGE_CURVE('',#5916,#5918,#5920,.T.);
#5916 = VERTEX_POINT('',#5917);
#5917 = CARTESIAN_POINT('',(5.89,-2.23,1.3));
#5918 = VERTEX_POINT('',#5919);
#5919 = CARTESIAN_POINT('',(5.39,-1.73,1.3));
#5920 = CIRCLE('',#5921,0.5);
#5921 = AXIS2_PLACEMENT_3D('',#5922,#5923,#5924);
#5922 = CARTESIAN_POINT('',(5.39,-2.23,1.3));
#5923 = DIRECTION('',(-0.,0.,1.));
#5924 = DIRECTION('',(1.,-1.110223024625E-15,0.));
#5925 = ORIENTED_EDGE('',*,*,#5926,.T.);
#5926 = EDGE_CURVE('',#5918,#5927,#5929,.T.);
#5927 = VERTEX_POINT('',#5928);
#5928 = CARTESIAN_POINT('',(2.23,-1.73,1.3));
#5929 = LINE('',#5930,#5931);
#5930 = CARTESIAN_POINT('',(5.39,-1.73,1.3));
#5931 = VECTOR('',#5932,1.);
#5932 = DIRECTION('',(-1.,2.22044604925E-16,0.));
#5933 = ORIENTED_EDGE('',*,*,#5934,.T.);
#5934 = EDGE_CURVE('',#5927,#5935,#5937,.T.);
#5935 = VERTEX_POINT('',#5936);
#5936 = CARTESIAN_POINT('',(1.73,-2.23,1.3));
#5937 = CIRCLE('',#5938,0.5);
#5938 = AXIS2_PLACEMENT_3D('',#5939,#5940,#5941);
#5939 = CARTESIAN_POINT('',(2.23,-2.23,1.3));
#5940 = DIRECTION('',(0.,-0.,1.));
#5941 = DIRECTION('',(2.22044604925E-16,1.,0.));
#5942 = ORIENTED_EDGE('',*,*,#5943,.T.);
#5943 = EDGE_CURVE('',#5935,#5944,#5946,.T.);
#5944 = VERTEX_POINT('',#5945);
#5945 = CARTESIAN_POINT('',(1.73,-6.49,1.3));
#5946 = LINE('',#5947,#5948);
#5947 = CARTESIAN_POINT('',(1.73,-2.23,1.3));
#5948 = VECTOR('',#5949,1.);
#5949 = DIRECTION('',(-2.22044604925E-16,-1.,0.));
#5950 = ORIENTED_EDGE('',*,*,#5951,.T.);
#5951 = EDGE_CURVE('',#5944,#5952,#5954,.T.);
#5952 = VERTEX_POINT('',#5953);
#5953 = CARTESIAN_POINT('',(2.23,-6.99,1.3));
#5954 = CIRCLE('',#5955,0.5);
#5955 = AXIS2_PLACEMENT_3D('',#5956,#5957,#5958);
#5956 = CARTESIAN_POINT('',(2.23,-6.49,1.3));
#5957 = DIRECTION('',(0.,0.,1.));
#5958 = DIRECTION('',(-1.,-1.554312234475E-15,0.));
#5959 = ORIENTED_EDGE('',*,*,#5960,.T.);
#5960 = EDGE_CURVE('',#5952,#5961,#5963,.T.);
#5961 = VERTEX_POINT('',#5962);
#5962 = CARTESIAN_POINT('',(5.39,-6.99,1.3));
#5963 = LINE('',#5964,#5965);
#5964 = CARTESIAN_POINT('',(2.23,-6.99,1.3));
#5965 = VECTOR('',#5966,1.);
#5966 = DIRECTION('',(1.,-2.22044604925E-16,0.));
#5967 = ORIENTED_EDGE('',*,*,#5968,.T.);
#5968 = EDGE_CURVE('',#5961,#5969,#5971,.T.);
#5969 = VERTEX_POINT('',#5970);
#5970 = CARTESIAN_POINT('',(5.89,-6.49,1.3));
#5971 = CIRCLE('',#5972,0.5);
#5972 = AXIS2_PLACEMENT_3D('',#5973,#5974,#5975);
#5973 = CARTESIAN_POINT('',(5.39,-6.49,1.3));
#5974 = DIRECTION('',(-0.,0.,1.));
#5975 = DIRECTION('',(1.554312234475E-15,-1.,0.));
#5976 = ORIENTED_EDGE('',*,*,#5977,.T.);
#5977 = EDGE_CURVE('',#5969,#5916,#5978,.T.);
#5978 = LINE('',#5979,#5980);
#5979 = CARTESIAN_POINT('',(5.89,-6.49,1.3));
#5980 = VECTOR('',#5981,1.);
#5981 = DIRECTION('',(2.22044604925E-16,1.,0.));
#5982 = FACE_BOUND('',#5983,.T.);
#5983 = EDGE_LOOP('',(#5984));
#5984 = ORIENTED_EDGE('',*,*,#5985,.T.);
#5985 = EDGE_CURVE('',#5986,#5986,#5988,.T.);
#5986 = VERTEX_POINT('',#5987);
#5987 = CARTESIAN_POINT('',(7.62,-8.482,1.3));
#5988 = CIRCLE('',#5989,0.862);
#5989 = AXIS2_PLACEMENT_3D('',#5990,#5991,#5992);
#5990 = CARTESIAN_POINT('',(7.62,-7.62,1.3));
#5991 = DIRECTION('',(0.,0.,1.));
#5992 = DIRECTION('',(-2.22044604925E-16,-1.,0.));
#5993 = FACE_BOUND('',#5994,.T.);
#5994 = EDGE_LOOP('',(#5995));
#5995 = ORIENTED_EDGE('',*,*,#5996,.T.);
#5996 = EDGE_CURVE('',#5997,#5997,#5999,.T.);
#5997 = VERTEX_POINT('',#5998);
#5998 = CARTESIAN_POINT('',(7.62,-3.402,1.3));
#5999 = CIRCLE('',#6000,0.862);
#6000 = AXIS2_PLACEMENT_3D('',#6001,#6002,#6003);
#6001 = CARTESIAN_POINT('',(7.62,-2.54,1.3));
#6002 = DIRECTION('',(0.,0.,1.));
#6003 = DIRECTION('',(-2.22044604925E-16,-1.,0.));
#6004 = FACE_BOUND('',#6005,.T.);
#6005 = EDGE_LOOP('',(#6006));
#6006 = ORIENTED_EDGE('',*,*,#6007,.T.);
#6007 = EDGE_CURVE('',#6008,#6008,#6010,.T.);
#6008 = VERTEX_POINT('',#6009);
#6009 = CARTESIAN_POINT('',(7.62,-5.942,1.3));
#6010 = CIRCLE('',#6011,0.862);
#6011 = AXIS2_PLACEMENT_3D('',#6012,#6013,#6014);
#6012 = CARTESIAN_POINT('',(7.62,-5.08,1.3));
#6013 = DIRECTION('',(0.,0.,1.));
#6014 = DIRECTION('',(-2.22044604925E-16,-1.,0.));
#6015 = FACE_BOUND('',#6016,.T.);
#6016 = EDGE_LOOP('',(#6017));
#6017 = ORIENTED_EDGE('',*,*,#6018,.T.);
#6018 = EDGE_CURVE('',#6019,#6019,#6021,.T.);
#6019 = VERTEX_POINT('',#6020);
#6020 = CARTESIAN_POINT('',(-8.881784197001E-16,-6.758,1.3));
#6021 = CIRCLE('',#6022,0.862);
#6022 = AXIS2_PLACEMENT_3D('',#6023,#6024,#6025);
#6023 = CARTESIAN_POINT('',(-1.248615241293E-15,-7.62,1.3));
#6024 = DIRECTION('',(0.,-0.,1.));
#6025 = DIRECTION('',(3.445092848398E-16,1.,0.));
#6026 = FACE_BOUND('',#6027,.T.);
#6027 = EDGE_LOOP('',(#6028));
#6028 = ORIENTED_EDGE('',*,*,#6029,.T.);
#6029 = EDGE_CURVE('',#6030,#6030,#6032,.T.);
#6030 = VERTEX_POINT('',#6031);
#6031 = CARTESIAN_POINT('',(0.,-4.218,1.3));
#6032 = CIRCLE('',#6033,0.862);
#6033 = AXIS2_PLACEMENT_3D('',#6034,#6035,#6036);
#6034 = CARTESIAN_POINT('',(-3.604368215926E-16,-5.08,1.3));
#6035 = DIRECTION('',(0.,-0.,1.));
#6036 = DIRECTION('',(3.445092848398E-16,1.,0.));
#6037 = FACE_BOUND('',#6038,.T.);
#6038 = EDGE_LOOP('',(#6039));
#6039 = ORIENTED_EDGE('',*,*,#6040,.T.);
#6040 = EDGE_CURVE('',#6041,#6041,#6043,.T.);
#6041 = VERTEX_POINT('',#6042);
#6042 = CARTESIAN_POINT('',(8.881784197001E-16,-1.678,1.3));
#6043 = CIRCLE('',#6044,0.862);
#6044 = AXIS2_PLACEMENT_3D('',#6045,#6046,#6047);
#6045 = CARTESIAN_POINT('',(5.277415981075E-16,-2.54,1.3));
#6046 = DIRECTION('',(0.,-0.,1.));
#6047 = DIRECTION('',(3.445092848398E-16,1.,0.));
#6048 = FACE_BOUND('',#6049,.T.);
#6049 = EDGE_LOOP('',(#6050));
#6050 = ORIENTED_EDGE('',*,*,#6051,.T.);
#6051 = EDGE_CURVE('',#6052,#6052,#6054,.T.);
#6052 = VERTEX_POINT('',#6053);
#6053 = CARTESIAN_POINT('',(1.7763568394E-15,0.862,1.3));
#6054 = CIRCLE('',#6055,0.862);
#6055 = AXIS2_PLACEMENT_3D('',#6056,#6057,#6058);
#6056 = CARTESIAN_POINT('',(1.415920017808E-15,1.443289932013E-15,1.3));
#6057 = DIRECTION('',(0.,-0.,1.));
#6058 = DIRECTION('',(3.445092848398E-16,1.,0.));
#6059 = FACE_BOUND('',#6060,.T.);
#6060 = EDGE_LOOP('',(#6061));
#6061 = ORIENTED_EDGE('',*,*,#6062,.T.);
#6062 = EDGE_CURVE('',#6063,#6063,#6065,.T.);
#6063 = VERTEX_POINT('',#6064);
#6064 = CARTESIAN_POINT('',(7.62,-0.862,1.3));
#6065 = CIRCLE('',#6066,0.862);
#6066 = AXIS2_PLACEMENT_3D('',#6067,#6068,#6069);
#6067 = CARTESIAN_POINT('',(7.62,-9.992007221626E-16,1.3));
#6068 = DIRECTION('',(0.,0.,1.));
#6069 = DIRECTION('',(-2.22044604925E-16,-1.,0.));
#6070 = PLANE('',#6071);
#6071 = AXIS2_PLACEMENT_3D('',#6072,#6073,#6074);
#6072 = CARTESIAN_POINT('',(-1.27,1.27,1.3));
#6073 = DIRECTION('',(0.,-0.,-1.));
#6074 = DIRECTION('',(2.22044604925E-16,1.,0.));
#6075 = ADVANCED_FACE('',(#6076,#6155,#6166,#6177,#6188),#6199,.F.);
#6076 = FACE_BOUND('',#6077,.F.);
#6077 = EDGE_LOOP('',(#6078,#6079,#6080,#6088,#6097,#6105,#6114,#6122,
    #6131,#6139,#6148,#6154));
#6078 = ORIENTED_EDGE('',*,*,#5730,.F.);
#6079 = ORIENTED_EDGE('',*,*,#5776,.F.);
#6080 = ORIENTED_EDGE('',*,*,#6081,.T.);
#6081 = EDGE_CURVE('',#5769,#6082,#6084,.T.);
#6082 = VERTEX_POINT('',#6083);
#6083 = CARTESIAN_POINT('',(1.73,0.67,3.967));
#6084 = LINE('',#6085,#6086);
#6085 = CARTESIAN_POINT('',(1.73,1.27,3.967));
#6086 = VECTOR('',#6087,1.);
#6087 = DIRECTION('',(-2.22044604925E-16,-1.,0.));
#6088 = ORIENTED_EDGE('',*,*,#6089,.T.);
#6089 = EDGE_CURVE('',#6082,#6090,#6092,.T.);
#6090 = VERTEX_POINT('',#6091);
#6091 = CARTESIAN_POINT('',(2.23,0.17,3.967));
#6092 = CIRCLE('',#6093,0.5);
#6093 = AXIS2_PLACEMENT_3D('',#6094,#6095,#6096);
#6094 = CARTESIAN_POINT('',(2.23,0.67,3.967));
#6095 = DIRECTION('',(0.,0.,1.));
#6096 = DIRECTION('',(-1.,-1.554312234475E-15,0.));
#6097 = ORIENTED_EDGE('',*,*,#6098,.T.);
#6098 = EDGE_CURVE('',#6090,#6099,#6101,.T.);
#6099 = VERTEX_POINT('',#6100);
#6100 = CARTESIAN_POINT('',(2.23,-1.73,3.967));
#6101 = LINE('',#6102,#6103);
#6102 = CARTESIAN_POINT('',(2.23,1.27,3.967));
#6103 = VECTOR('',#6104,1.);
#6104 = DIRECTION('',(-2.22044604925E-16,-1.,0.));
#6105 = ORIENTED_EDGE('',*,*,#6106,.T.);
#6106 = EDGE_CURVE('',#6099,#6107,#6109,.T.);
#6107 = VERTEX_POINT('',#6108);
#6108 = CARTESIAN_POINT('',(1.73,-2.23,3.967));
#6109 = CIRCLE('',#6110,0.5);
#6110 = AXIS2_PLACEMENT_3D('',#6111,#6112,#6113);
#6111 = CARTESIAN_POINT('',(2.23,-2.23,3.967));
#6112 = DIRECTION('',(0.,-0.,1.));
#6113 = DIRECTION('',(2.22044604925E-16,1.,0.));
#6114 = ORIENTED_EDGE('',*,*,#6115,.T.);
#6115 = EDGE_CURVE('',#6107,#6116,#6118,.T.);
#6116 = VERTEX_POINT('',#6117);
#6117 = CARTESIAN_POINT('',(1.73,-6.49,3.967));
#6118 = LINE('',#6119,#6120);
#6119 = CARTESIAN_POINT('',(1.73,-4.36,3.967));
#6120 = VECTOR('',#6121,1.);
#6121 = DIRECTION('',(-2.22044604925E-16,-1.,0.));
#6122 = ORIENTED_EDGE('',*,*,#6123,.T.);
#6123 = EDGE_CURVE('',#6116,#6124,#6126,.T.);
#6124 = VERTEX_POINT('',#6125);
#6125 = CARTESIAN_POINT('',(2.23,-6.99,3.967));
#6126 = CIRCLE('',#6127,0.5);
#6127 = AXIS2_PLACEMENT_3D('',#6128,#6129,#6130);
#6128 = CARTESIAN_POINT('',(2.23,-6.49,3.967));
#6129 = DIRECTION('',(0.,0.,1.));
#6130 = DIRECTION('',(-1.,-1.554312234475E-15,0.));
#6131 = ORIENTED_EDGE('',*,*,#6132,.T.);
#6132 = EDGE_CURVE('',#6124,#6133,#6135,.T.);
#6133 = VERTEX_POINT('',#6134);
#6134 = CARTESIAN_POINT('',(2.23,-7.79,3.967));
#6135 = LINE('',#6136,#6137);
#6136 = CARTESIAN_POINT('',(2.23,1.27,3.967));
#6137 = VECTOR('',#6138,1.);
#6138 = DIRECTION('',(-2.22044604925E-16,-1.,0.));
#6139 = ORIENTED_EDGE('',*,*,#6140,.F.);
#6140 = EDGE_CURVE('',#6141,#6133,#6143,.T.);
#6141 = VERTEX_POINT('',#6142);
#6142 = CARTESIAN_POINT('',(1.73,-8.29,3.967));
#6143 = CIRCLE('',#6144,0.5);
#6144 = AXIS2_PLACEMENT_3D('',#6145,#6146,#6147);
#6145 = CARTESIAN_POINT('',(2.23,-8.29,3.967));
#6146 = DIRECTION('',(0.,0.,-1.));
#6147 = DIRECTION('',(-1.,1.998401444325E-15,0.));
#6148 = ORIENTED_EDGE('',*,*,#6149,.F.);
#6149 = EDGE_CURVE('',#5801,#6141,#6150,.T.);
#6150 = LINE('',#6151,#6152);
#6151 = CARTESIAN_POINT('',(1.73,-8.89,3.967));
#6152 = VECTOR('',#6153,1.);
#6153 = DIRECTION('',(2.22044604925E-16,1.,0.));
#6154 = ORIENTED_EDGE('',*,*,#5800,.F.);
#6155 = FACE_BOUND('',#6156,.F.);
#6156 = EDGE_LOOP('',(#6157));
#6157 = ORIENTED_EDGE('',*,*,#6158,.F.);
#6158 = EDGE_CURVE('',#6159,#6159,#6161,.T.);
#6159 = VERTEX_POINT('',#6160);
#6160 = CARTESIAN_POINT('',(0.,-4.218,3.967));
#6161 = CIRCLE('',#6162,0.862);
#6162 = AXIS2_PLACEMENT_3D('',#6163,#6164,#6165);
#6163 = CARTESIAN_POINT('',(-4.440892098501E-16,-5.08,3.967));
#6164 = DIRECTION('',(0.,0.,-1.));
#6165 = DIRECTION('',(3.445092848398E-16,1.,0.));
#6166 = FACE_BOUND('',#6167,.F.);
#6167 = EDGE_LOOP('',(#6168));
#6168 = ORIENTED_EDGE('',*,*,#6169,.F.);
#6169 = EDGE_CURVE('',#6170,#6170,#6172,.T.);
#6170 = VERTEX_POINT('',#6171);
#6171 = CARTESIAN_POINT('',(4.440892098501E-16,-1.678,3.967));
#6172 = CIRCLE('',#6173,0.862);
#6173 = AXIS2_PLACEMENT_3D('',#6174,#6175,#6176);
#6174 = CARTESIAN_POINT('',(4.440892098501E-16,-2.54,3.967));
#6175 = DIRECTION('',(0.,0.,-1.));
#6176 = DIRECTION('',(3.445092848398E-16,1.,0.));
#6177 = FACE_BOUND('',#6178,.F.);
#6178 = EDGE_LOOP('',(#6179));
#6179 = ORIENTED_EDGE('',*,*,#6180,.F.);
#6180 = EDGE_CURVE('',#6181,#6181,#6183,.T.);
#6181 = VERTEX_POINT('',#6182);
#6182 = CARTESIAN_POINT('',(1.33226762955E-15,0.862,3.967));
#6183 = CIRCLE('',#6184,0.862);
#6184 = AXIS2_PLACEMENT_3D('',#6185,#6186,#6187);
#6185 = CARTESIAN_POINT('',(1.33226762955E-15,1.33226762955E-15,3.967));
#6186 = DIRECTION('',(0.,0.,-1.));
#6187 = DIRECTION('',(3.445092848398E-16,1.,0.));
#6188 = FACE_BOUND('',#6189,.F.);
#6189 = EDGE_LOOP('',(#6190));
#6190 = ORIENTED_EDGE('',*,*,#6191,.F.);
#6191 = EDGE_CURVE('',#6192,#6192,#6194,.T.);
#6192 = VERTEX_POINT('',#6193);
#6193 = CARTESIAN_POINT('',(-8.881784197001E-16,-6.758,3.967));
#6194 = CIRCLE('',#6195,0.862);
#6195 = AXIS2_PLACEMENT_3D('',#6196,#6197,#6198);
#6196 = CARTESIAN_POINT('',(-1.33226762955E-15,-7.62,3.967));
#6197 = DIRECTION('',(0.,0.,-1.));
#6198 = DIRECTION('',(3.445092848398E-16,1.,0.));
#6199 = PLANE('',#6200);
#6200 = AXIS2_PLACEMENT_3D('',#6201,#6202,#6203);
#6201 = CARTESIAN_POINT('',(-1.27,1.27,3.967));
#6202 = DIRECTION('',(0.,-0.,-1.));
#6203 = DIRECTION('',(2.22044604925E-16,1.,0.));
#6204 = ADVANCED_FACE('',(#6205),#6216,.F.);
#6205 = FACE_BOUND('',#6206,.F.);
#6206 = EDGE_LOOP('',(#6207,#6208,#6209,#6215));
#6207 = ORIENTED_EDGE('',*,*,#5768,.T.);
#6208 = ORIENTED_EDGE('',*,*,#5856,.T.);
#6209 = ORIENTED_EDGE('',*,*,#6210,.F.);
#6210 = EDGE_CURVE('',#6082,#5857,#6211,.T.);
#6211 = LINE('',#6212,#6213);
#6212 = CARTESIAN_POINT('',(1.73,0.67,3.967));
#6213 = VECTOR('',#6214,1.);
#6214 = DIRECTION('',(0.,-0.,-1.));
#6215 = ORIENTED_EDGE('',*,*,#6081,.F.);
#6216 = PLANE('',#6217);
#6217 = AXIS2_PLACEMENT_3D('',#6218,#6219,#6220);
#6218 = CARTESIAN_POINT('',(1.73,1.27,3.967));
#6219 = DIRECTION('',(-1.,2.22044604925E-16,0.));
#6220 = DIRECTION('',(-2.22044604925E-16,-1.,0.));
#6221 = ADVANCED_FACE('',(#6222),#6240,.F.);
#6222 = FACE_BOUND('',#6223,.F.);
#6223 = EDGE_LOOP('',(#6224,#6225,#6233,#6239));
#6224 = ORIENTED_EDGE('',*,*,#5840,.T.);
#6225 = ORIENTED_EDGE('',*,*,#6226,.T.);
#6226 = EDGE_CURVE('',#5833,#6227,#6229,.T.);
#6227 = VERTEX_POINT('',#6228);
#6228 = CARTESIAN_POINT('',(8.89,1.27,3.967));
#6229 = LINE('',#6230,#6231);
#6230 = CARTESIAN_POINT('',(8.89,-8.89,3.967));
#6231 = VECTOR('',#6232,1.);
#6232 = DIRECTION('',(2.22044604925E-16,1.,0.));
#6233 = ORIENTED_EDGE('',*,*,#6234,.F.);
#6234 = EDGE_CURVE('',#5899,#6227,#6235,.T.);
#6235 = LINE('',#6236,#6237);
#6236 = CARTESIAN_POINT('',(8.89,1.27,1.3));
#6237 = VECTOR('',#6238,1.);
#6238 = DIRECTION('',(0.,0.,1.));
#6239 = ORIENTED_EDGE('',*,*,#5906,.F.);
#6240 = PLANE('',#6241);
#6241 = AXIS2_PLACEMENT_3D('',#6242,#6243,#6244);
#6242 = CARTESIAN_POINT('',(8.89,-8.89,1.3));
#6243 = DIRECTION('',(-1.,2.22044604925E-16,0.));
#6244 = DIRECTION('',(2.22044604925E-16,1.,0.));
#6245 = ADVANCED_FACE('',(#6246,#6364,#6375,#6386,#6397),#6408,.F.);
#6246 = FACE_BOUND('',#6247,.F.);
#6247 = EDGE_LOOP('',(#6248,#6258,#6266,#6275,#6283,#6289,#6290,#6291,
    #6299,#6308,#6316,#6324,#6332,#6341,#6349,#6358));
#6248 = ORIENTED_EDGE('',*,*,#6249,.T.);
#6249 = EDGE_CURVE('',#6250,#6252,#6254,.T.);
#6250 = VERTEX_POINT('',#6251);
#6251 = CARTESIAN_POINT('',(4.43,-1.73,3.967));
#6252 = VERTEX_POINT('',#6253);
#6253 = CARTESIAN_POINT('',(4.43,0.17,3.967));
#6254 = LINE('',#6255,#6256);
#6255 = CARTESIAN_POINT('',(4.43,-8.89,3.967));
#6256 = VECTOR('',#6257,1.);
#6257 = DIRECTION('',(2.22044604925E-16,1.,0.));
#6258 = ORIENTED_EDGE('',*,*,#6259,.T.);
#6259 = EDGE_CURVE('',#6252,#6260,#6262,.T.);
#6260 = VERTEX_POINT('',#6261);
#6261 = CARTESIAN_POINT('',(5.39,0.17,3.967));
#6262 = LINE('',#6263,#6264);
#6263 = CARTESIAN_POINT('',(2.23,0.17,3.967));
#6264 = VECTOR('',#6265,1.);
#6265 = DIRECTION('',(1.,-2.22044604925E-16,0.));
#6266 = ORIENTED_EDGE('',*,*,#6267,.T.);
#6267 = EDGE_CURVE('',#6260,#6268,#6270,.T.);
#6268 = VERTEX_POINT('',#6269);
#6269 = CARTESIAN_POINT('',(5.89,0.67,3.967));
#6270 = CIRCLE('',#6271,0.5);
#6271 = AXIS2_PLACEMENT_3D('',#6272,#6273,#6274);
#6272 = CARTESIAN_POINT('',(5.39,0.67,3.967));
#6273 = DIRECTION('',(-0.,0.,1.));
#6274 = DIRECTION('',(6.661338147751E-16,-1.,0.));
#6275 = ORIENTED_EDGE('',*,*,#6276,.T.);
#6276 = EDGE_CURVE('',#6268,#6277,#6279,.T.);
#6277 = VERTEX_POINT('',#6278);
#6278 = CARTESIAN_POINT('',(5.89,1.27,3.967));
#6279 = LINE('',#6280,#6281);
#6280 = CARTESIAN_POINT('',(5.89,0.67,3.967));
#6281 = VECTOR('',#6282,1.);
#6282 = DIRECTION('',(2.22044604925E-16,1.,0.));
#6283 = ORIENTED_EDGE('',*,*,#6284,.F.);
#6284 = EDGE_CURVE('',#6227,#6277,#6285,.T.);
#6285 = LINE('',#6286,#6287);
#6286 = CARTESIAN_POINT('',(8.89,1.27,3.967));
#6287 = VECTOR('',#6288,1.);
#6288 = DIRECTION('',(-1.,2.22044604925E-16,0.));
#6289 = ORIENTED_EDGE('',*,*,#6226,.F.);
#6290 = ORIENTED_EDGE('',*,*,#5832,.F.);
#6291 = ORIENTED_EDGE('',*,*,#6292,.F.);
#6292 = EDGE_CURVE('',#6293,#5825,#6295,.T.);
#6293 = VERTEX_POINT('',#6294);
#6294 = CARTESIAN_POINT('',(5.89,-8.29,3.967));
#6295 = LINE('',#6296,#6297);
#6296 = CARTESIAN_POINT('',(5.89,-8.29,3.967));
#6297 = VECTOR('',#6298,1.);
#6298 = DIRECTION('',(-2.22044604925E-16,-1.,0.));
#6299 = ORIENTED_EDGE('',*,*,#6300,.F.);
#6300 = EDGE_CURVE('',#6301,#6293,#6303,.T.);
#6301 = VERTEX_POINT('',#6302);
#6302 = CARTESIAN_POINT('',(5.39,-7.79,3.967));
#6303 = CIRCLE('',#6304,0.5);
#6304 = AXIS2_PLACEMENT_3D('',#6305,#6306,#6307);
#6305 = CARTESIAN_POINT('',(5.39,-8.29,3.967));
#6306 = DIRECTION('',(0.,0.,-1.));
#6307 = DIRECTION('',(1.110223024625E-15,1.,0.));
#6308 = ORIENTED_EDGE('',*,*,#6309,.F.);
#6309 = EDGE_CURVE('',#6310,#6301,#6312,.T.);
#6310 = VERTEX_POINT('',#6311);
#6311 = CARTESIAN_POINT('',(4.43,-7.79,3.967));
#6312 = LINE('',#6313,#6314);
#6313 = CARTESIAN_POINT('',(2.23,-7.79,3.967));
#6314 = VECTOR('',#6315,1.);
#6315 = DIRECTION('',(1.,-2.22044604925E-16,0.));
#6316 = ORIENTED_EDGE('',*,*,#6317,.T.);
#6317 = EDGE_CURVE('',#6310,#6318,#6320,.T.);
#6318 = VERTEX_POINT('',#6319);
#6319 = CARTESIAN_POINT('',(4.43,-6.99,3.967));
#6320 = LINE('',#6321,#6322);
#6321 = CARTESIAN_POINT('',(4.43,-8.89,3.967));
#6322 = VECTOR('',#6323,1.);
#6323 = DIRECTION('',(2.22044604925E-16,1.,0.));
#6324 = ORIENTED_EDGE('',*,*,#6325,.T.);
#6325 = EDGE_CURVE('',#6318,#6326,#6328,.T.);
#6326 = VERTEX_POINT('',#6327);
#6327 = CARTESIAN_POINT('',(5.39,-6.99,3.967));
#6328 = LINE('',#6329,#6330);
#6329 = CARTESIAN_POINT('',(2.23,-6.99,3.967));
#6330 = VECTOR('',#6331,1.);
#6331 = DIRECTION('',(1.,-2.22044604925E-16,0.));
#6332 = ORIENTED_EDGE('',*,*,#6333,.T.);
#6333 = EDGE_CURVE('',#6326,#6334,#6336,.T.);
#6334 = VERTEX_POINT('',#6335);
#6335 = CARTESIAN_POINT('',(5.89,-6.49,3.967));
#6336 = CIRCLE('',#6337,0.5);
#6337 = AXIS2_PLACEMENT_3D('',#6338,#6339,#6340);
#6338 = CARTESIAN_POINT('',(5.39,-6.49,3.967));
#6339 = DIRECTION('',(-0.,0.,1.));
#6340 = DIRECTION('',(1.554312234475E-15,-1.,0.));
#6341 = ORIENTED_EDGE('',*,*,#6342,.T.);
#6342 = EDGE_CURVE('',#6334,#6343,#6345,.T.);
#6343 = VERTEX_POINT('',#6344);
#6344 = CARTESIAN_POINT('',(5.89,-2.23,3.967));
#6345 = LINE('',#6346,#6347);
#6346 = CARTESIAN_POINT('',(5.89,-6.49,3.967));
#6347 = VECTOR('',#6348,1.);
#6348 = DIRECTION('',(2.22044604925E-16,1.,0.));
#6349 = ORIENTED_EDGE('',*,*,#6350,.T.);
#6350 = EDGE_CURVE('',#6343,#6351,#6353,.T.);
#6351 = VERTEX_POINT('',#6352);
#6352 = CARTESIAN_POINT('',(5.39,-1.73,3.967));
#6353 = CIRCLE('',#6354,0.5);
#6354 = AXIS2_PLACEMENT_3D('',#6355,#6356,#6357);
#6355 = CARTESIAN_POINT('',(5.39,-2.23,3.967));
#6356 = DIRECTION('',(-0.,0.,1.));
#6357 = DIRECTION('',(1.,-1.110223024625E-15,0.));
#6358 = ORIENTED_EDGE('',*,*,#6359,.T.);
#6359 = EDGE_CURVE('',#6351,#6250,#6360,.T.);
#6360 = LINE('',#6361,#6362);
#6361 = CARTESIAN_POINT('',(5.39,-1.73,3.967));
#6362 = VECTOR('',#6363,1.);
#6363 = DIRECTION('',(-1.,2.22044604925E-16,0.));
#6364 = FACE_BOUND('',#6365,.F.);
#6365 = EDGE_LOOP('',(#6366));
#6366 = ORIENTED_EDGE('',*,*,#6367,.F.);
#6367 = EDGE_CURVE('',#6368,#6368,#6370,.T.);
#6368 = VERTEX_POINT('',#6369);
#6369 = CARTESIAN_POINT('',(7.62,-5.942,3.967));
#6370 = CIRCLE('',#6371,0.862);
#6371 = AXIS2_PLACEMENT_3D('',#6372,#6373,#6374);
#6372 = CARTESIAN_POINT('',(7.62,-5.08,3.967));
#6373 = DIRECTION('',(-0.,0.,-1.));
#6374 = DIRECTION('',(-2.22044604925E-16,-1.,0.));
#6375 = FACE_BOUND('',#6376,.F.);
#6376 = EDGE_LOOP('',(#6377));
#6377 = ORIENTED_EDGE('',*,*,#6378,.F.);
#6378 = EDGE_CURVE('',#6379,#6379,#6381,.T.);
#6379 = VERTEX_POINT('',#6380);
#6380 = CARTESIAN_POINT('',(7.62,-3.402,3.967));
#6381 = CIRCLE('',#6382,0.862);
#6382 = AXIS2_PLACEMENT_3D('',#6383,#6384,#6385);
#6383 = CARTESIAN_POINT('',(7.62,-2.54,3.967));
#6384 = DIRECTION('',(-0.,0.,-1.));
#6385 = DIRECTION('',(-2.22044604925E-16,-1.,0.));
#6386 = FACE_BOUND('',#6387,.F.);
#6387 = EDGE_LOOP('',(#6388));
#6388 = ORIENTED_EDGE('',*,*,#6389,.F.);
#6389 = EDGE_CURVE('',#6390,#6390,#6392,.T.);
#6390 = VERTEX_POINT('',#6391);
#6391 = CARTESIAN_POINT('',(7.62,-0.862,3.967));
#6392 = CIRCLE('',#6393,0.862);
#6393 = AXIS2_PLACEMENT_3D('',#6394,#6395,#6396);
#6394 = CARTESIAN_POINT('',(7.62,-8.881784197001E-16,3.967));
#6395 = DIRECTION('',(-0.,0.,-1.));
#6396 = DIRECTION('',(-2.22044604925E-16,-1.,0.));
#6397 = FACE_BOUND('',#6398,.F.);
#6398 = EDGE_LOOP('',(#6399));
#6399 = ORIENTED_EDGE('',*,*,#6400,.F.);
#6400 = EDGE_CURVE('',#6401,#6401,#6403,.T.);
#6401 = VERTEX_POINT('',#6402);
#6402 = CARTESIAN_POINT('',(7.62,-8.482,3.967));
#6403 = CIRCLE('',#6404,0.862);
#6404 = AXIS2_PLACEMENT_3D('',#6405,#6406,#6407);
#6405 = CARTESIAN_POINT('',(7.62,-7.62,3.967));
#6406 = DIRECTION('',(-0.,0.,-1.));
#6407 = DIRECTION('',(-2.22044604925E-16,-1.,0.));
#6408 = PLANE('',#6409);
#6409 = AXIS2_PLACEMENT_3D('',#6410,#6411,#6412);
#6410 = CARTESIAN_POINT('',(-1.27,1.27,3.967));
#6411 = DIRECTION('',(0.,-0.,-1.));
#6412 = DIRECTION('',(2.22044604925E-16,1.,0.));
#6413 = ADVANCED_FACE('',(#6414),#6432,.T.);
#6414 = FACE_BOUND('',#6415,.T.);
#6415 = EDGE_LOOP('',(#6416,#6417,#6425,#6431));
#6416 = ORIENTED_EDGE('',*,*,#5808,.T.);
#6417 = ORIENTED_EDGE('',*,*,#6418,.T.);
#6418 = EDGE_CURVE('',#5809,#6419,#6421,.T.);
#6419 = VERTEX_POINT('',#6420);
#6420 = CARTESIAN_POINT('',(1.73,-8.29,2.6335));
#6421 = LINE('',#6422,#6423);
#6422 = CARTESIAN_POINT('',(1.73,-8.89,2.6335));
#6423 = VECTOR('',#6424,1.);
#6424 = DIRECTION('',(2.22044604925E-16,1.,0.));
#6425 = ORIENTED_EDGE('',*,*,#6426,.F.);
#6426 = EDGE_CURVE('',#6141,#6419,#6427,.T.);
#6427 = LINE('',#6428,#6429);
#6428 = CARTESIAN_POINT('',(1.73,-8.29,3.967));
#6429 = VECTOR('',#6430,1.);
#6430 = DIRECTION('',(0.,-0.,-1.));
#6431 = ORIENTED_EDGE('',*,*,#6149,.F.);
#6432 = PLANE('',#6433);
#6433 = AXIS2_PLACEMENT_3D('',#6434,#6435,#6436);
#6434 = CARTESIAN_POINT('',(1.73,-8.89,3.967));
#6435 = DIRECTION('',(1.,-2.22044604925E-16,0.));
#6436 = DIRECTION('',(2.22044604925E-16,1.,0.));
#6437 = ADVANCED_FACE('',(#6438),#6456,.T.);
#6438 = FACE_BOUND('',#6439,.T.);
#6439 = EDGE_LOOP('',(#6440,#6448,#6454,#6455));
#6440 = ORIENTED_EDGE('',*,*,#6441,.T.);
#6441 = EDGE_CURVE('',#6293,#6442,#6444,.T.);
#6442 = VERTEX_POINT('',#6443);
#6443 = CARTESIAN_POINT('',(5.89,-8.29,2.6335));
#6444 = LINE('',#6445,#6446);
#6445 = CARTESIAN_POINT('',(5.89,-8.29,3.967));
#6446 = VECTOR('',#6447,1.);
#6447 = DIRECTION('',(0.,-0.,-1.));
#6448 = ORIENTED_EDGE('',*,*,#6449,.T.);
#6449 = EDGE_CURVE('',#6442,#5817,#6450,.T.);
#6450 = LINE('',#6451,#6452);
#6451 = CARTESIAN_POINT('',(5.89,-8.29,2.6335));
#6452 = VECTOR('',#6453,1.);
#6453 = DIRECTION('',(-2.22044604925E-16,-1.,0.));
#6454 = ORIENTED_EDGE('',*,*,#5824,.F.);
#6455 = ORIENTED_EDGE('',*,*,#6292,.F.);
#6456 = PLANE('',#6457);
#6457 = AXIS2_PLACEMENT_3D('',#6458,#6459,#6460);
#6458 = CARTESIAN_POINT('',(5.89,-8.29,3.967));
#6459 = DIRECTION('',(-1.,2.22044604925E-16,0.));
#6460 = DIRECTION('',(-2.22044604925E-16,-1.,0.));
#6461 = ADVANCED_FACE('',(#6462),#6515,.T.);
#6462 = FACE_BOUND('',#6463,.T.);
#6463 = EDGE_LOOP('',(#6464,#6465,#6466,#6467,#6476,#6484,#6492,#6500,
    #6508));
#6464 = ORIENTED_EDGE('',*,*,#6418,.F.);
#6465 = ORIENTED_EDGE('',*,*,#5816,.F.);
#6466 = ORIENTED_EDGE('',*,*,#6449,.F.);
#6467 = ORIENTED_EDGE('',*,*,#6468,.F.);
#6468 = EDGE_CURVE('',#6469,#6442,#6471,.T.);
#6469 = VERTEX_POINT('',#6470);
#6470 = CARTESIAN_POINT('',(5.39,-7.79,2.6335));
#6471 = CIRCLE('',#6472,0.5);
#6472 = AXIS2_PLACEMENT_3D('',#6473,#6474,#6475);
#6473 = CARTESIAN_POINT('',(5.39,-8.29,2.6335));
#6474 = DIRECTION('',(0.,0.,-1.));
#6475 = DIRECTION('',(1.110223024625E-15,1.,0.));
#6476 = ORIENTED_EDGE('',*,*,#6477,.F.);
#6477 = EDGE_CURVE('',#6478,#6469,#6480,.T.);
#6478 = VERTEX_POINT('',#6479);
#6479 = CARTESIAN_POINT('',(4.43,-7.79,2.6335));
#6480 = LINE('',#6481,#6482);
#6481 = CARTESIAN_POINT('',(2.23,-7.79,2.6335));
#6482 = VECTOR('',#6483,1.);
#6483 = DIRECTION('',(1.,-2.22044604925E-16,0.));
#6484 = ORIENTED_EDGE('',*,*,#6485,.T.);
#6485 = EDGE_CURVE('',#6478,#6486,#6488,.T.);
#6486 = VERTEX_POINT('',#6487);
#6487 = CARTESIAN_POINT('',(4.43,-6.99,2.6335));
#6488 = LINE('',#6489,#6490);
#6489 = CARTESIAN_POINT('',(4.43,-8.89,2.6335));
#6490 = VECTOR('',#6491,1.);
#6491 = DIRECTION('',(2.22044604925E-16,1.,0.));
#6492 = ORIENTED_EDGE('',*,*,#6493,.F.);
#6493 = EDGE_CURVE('',#6494,#6486,#6496,.T.);
#6494 = VERTEX_POINT('',#6495);
#6495 = CARTESIAN_POINT('',(2.23,-6.99,2.6335));
#6496 = LINE('',#6497,#6498);
#6497 = CARTESIAN_POINT('',(2.23,-6.99,2.6335));
#6498 = VECTOR('',#6499,1.);
#6499 = DIRECTION('',(1.,-2.22044604925E-16,0.));
#6500 = ORIENTED_EDGE('',*,*,#6501,.T.);
#6501 = EDGE_CURVE('',#6494,#6502,#6504,.T.);
#6502 = VERTEX_POINT('',#6503);
#6503 = CARTESIAN_POINT('',(2.23,-7.79,2.6335));
#6504 = LINE('',#6505,#6506);
#6505 = CARTESIAN_POINT('',(2.23,1.27,2.6335));
#6506 = VECTOR('',#6507,1.);
#6507 = DIRECTION('',(-2.22044604925E-16,-1.,0.));
#6508 = ORIENTED_EDGE('',*,*,#6509,.F.);
#6509 = EDGE_CURVE('',#6419,#6502,#6510,.T.);
#6510 = CIRCLE('',#6511,0.5);
#6511 = AXIS2_PLACEMENT_3D('',#6512,#6513,#6514);
#6512 = CARTESIAN_POINT('',(2.23,-8.29,2.6335));
#6513 = DIRECTION('',(0.,0.,-1.));
#6514 = DIRECTION('',(-1.,1.998401444325E-15,0.));
#6515 = PLANE('',#6516);
#6516 = AXIS2_PLACEMENT_3D('',#6517,#6518,#6519);
#6517 = CARTESIAN_POINT('',(1.73,-8.89,2.6335));
#6518 = DIRECTION('',(0.,0.,1.));
#6519 = DIRECTION('',(-2.22044604925E-16,-1.,0.));
#6520 = ADVANCED_FACE('',(#6521),#6540,.F.);
#6521 = FACE_BOUND('',#6522,.F.);
#6522 = EDGE_LOOP('',(#6523,#6524,#6525,#6533,#6539));
#6523 = ORIENTED_EDGE('',*,*,#6210,.T.);
#6524 = ORIENTED_EDGE('',*,*,#5864,.T.);
#6525 = ORIENTED_EDGE('',*,*,#6526,.F.);
#6526 = EDGE_CURVE('',#6527,#5865,#6529,.T.);
#6527 = VERTEX_POINT('',#6528);
#6528 = CARTESIAN_POINT('',(2.23,0.17,2.6335));
#6529 = LINE('',#6530,#6531);
#6530 = CARTESIAN_POINT('',(2.23,0.17,3.967));
#6531 = VECTOR('',#6532,1.);
#6532 = DIRECTION('',(0.,-0.,-1.));
#6533 = ORIENTED_EDGE('',*,*,#6534,.F.);
#6534 = EDGE_CURVE('',#6090,#6527,#6535,.T.);
#6535 = LINE('',#6536,#6537);
#6536 = CARTESIAN_POINT('',(2.23,0.17,3.967));
#6537 = VECTOR('',#6538,1.);
#6538 = DIRECTION('',(0.,-0.,-1.));
#6539 = ORIENTED_EDGE('',*,*,#6089,.F.);
#6540 = CYLINDRICAL_SURFACE('',#6541,0.5);
#6541 = AXIS2_PLACEMENT_3D('',#6542,#6543,#6544);
#6542 = CARTESIAN_POINT('',(2.23,0.67,3.967));
#6543 = DIRECTION('',(0.,0.,1.));
#6544 = DIRECTION('',(-1.,-1.554312234475E-15,0.));
#6545 = ADVANCED_FACE('',(#6546),#6557,.F.);
#6546 = FACE_BOUND('',#6547,.F.);
#6547 = EDGE_LOOP('',(#6548,#6549,#6550,#6551));
#6548 = ORIENTED_EDGE('',*,*,#5898,.F.);
#6549 = ORIENTED_EDGE('',*,*,#6234,.T.);
#6550 = ORIENTED_EDGE('',*,*,#6284,.T.);
#6551 = ORIENTED_EDGE('',*,*,#6552,.T.);
#6552 = EDGE_CURVE('',#6277,#5891,#6553,.T.);
#6553 = LINE('',#6554,#6555);
#6554 = CARTESIAN_POINT('',(5.89,1.27,3.967));
#6555 = VECTOR('',#6556,1.);
#6556 = DIRECTION('',(0.,-0.,-1.));
#6557 = PLANE('',#6558);
#6558 = AXIS2_PLACEMENT_3D('',#6559,#6560,#6561);
#6559 = CARTESIAN_POINT('',(8.89,1.27,1.3));
#6560 = DIRECTION('',(-2.22044604925E-16,-1.,0.));
#6561 = DIRECTION('',(-1.,2.22044604925E-16,0.));
#6562 = ADVANCED_FACE('',(#6563),#6588,.F.);
#6563 = FACE_BOUND('',#6564,.F.);
#6564 = EDGE_LOOP('',(#6565,#6573,#6574,#6575,#6581,#6582));
#6565 = ORIENTED_EDGE('',*,*,#6566,.F.);
#6566 = EDGE_CURVE('',#6527,#6567,#6569,.T.);
#6567 = VERTEX_POINT('',#6568);
#6568 = CARTESIAN_POINT('',(4.43,0.17,2.6335));
#6569 = LINE('',#6570,#6571);
#6570 = CARTESIAN_POINT('',(2.23,0.17,2.6335));
#6571 = VECTOR('',#6572,1.);
#6572 = DIRECTION('',(1.,-2.22044604925E-16,0.));
#6573 = ORIENTED_EDGE('',*,*,#6526,.T.);
#6574 = ORIENTED_EDGE('',*,*,#5873,.T.);
#6575 = ORIENTED_EDGE('',*,*,#6576,.F.);
#6576 = EDGE_CURVE('',#6260,#5874,#6577,.T.);
#6577 = LINE('',#6578,#6579);
#6578 = CARTESIAN_POINT('',(5.39,0.17,3.967));
#6579 = VECTOR('',#6580,1.);
#6580 = DIRECTION('',(0.,-0.,-1.));
#6581 = ORIENTED_EDGE('',*,*,#6259,.F.);
#6582 = ORIENTED_EDGE('',*,*,#6583,.F.);
#6583 = EDGE_CURVE('',#6567,#6252,#6584,.T.);
#6584 = LINE('',#6585,#6586);
#6585 = CARTESIAN_POINT('',(4.43,0.17,3.967));
#6586 = VECTOR('',#6587,1.);
#6587 = DIRECTION('',(0.,0.,1.));
#6588 = PLANE('',#6589);
#6589 = AXIS2_PLACEMENT_3D('',#6590,#6591,#6592);
#6590 = CARTESIAN_POINT('',(2.23,0.17,3.967));
#6591 = DIRECTION('',(-2.22044604925E-16,-1.,0.));
#6592 = DIRECTION('',(1.,-2.22044604925E-16,0.));
#6593 = ADVANCED_FACE('',(#6594),#6605,.F.);
#6594 = FACE_BOUND('',#6595,.F.);
#6595 = EDGE_LOOP('',(#6596,#6602,#6603,#6604));
#6596 = ORIENTED_EDGE('',*,*,#6597,.T.);
#6597 = EDGE_CURVE('',#6268,#5882,#6598,.T.);
#6598 = LINE('',#6599,#6600);
#6599 = CARTESIAN_POINT('',(5.89,0.67,3.967));
#6600 = VECTOR('',#6601,1.);
#6601 = DIRECTION('',(0.,-0.,-1.));
#6602 = ORIENTED_EDGE('',*,*,#5890,.T.);
#6603 = ORIENTED_EDGE('',*,*,#6552,.F.);
#6604 = ORIENTED_EDGE('',*,*,#6276,.F.);
#6605 = PLANE('',#6606);
#6606 = AXIS2_PLACEMENT_3D('',#6607,#6608,#6609);
#6607 = CARTESIAN_POINT('',(5.89,0.67,3.967));
#6608 = DIRECTION('',(1.,-2.22044604925E-16,0.));
#6609 = DIRECTION('',(2.22044604925E-16,1.,0.));
#6610 = ADVANCED_FACE('',(#6611),#6617,.F.);
#6611 = FACE_BOUND('',#6612,.F.);
#6612 = EDGE_LOOP('',(#6613,#6614,#6615,#6616));
#6613 = ORIENTED_EDGE('',*,*,#6576,.T.);
#6614 = ORIENTED_EDGE('',*,*,#5881,.T.);
#6615 = ORIENTED_EDGE('',*,*,#6597,.F.);
#6616 = ORIENTED_EDGE('',*,*,#6267,.F.);
#6617 = CYLINDRICAL_SURFACE('',#6618,0.5);
#6618 = AXIS2_PLACEMENT_3D('',#6619,#6620,#6621);
#6619 = CARTESIAN_POINT('',(5.39,0.67,3.967));
#6620 = DIRECTION('',(0.,0.,1.));
#6621 = DIRECTION('',(6.661338147751E-16,-1.,0.));
#6622 = ADVANCED_FACE('',(#6623),#6639,.F.);
#6623 = FACE_BOUND('',#6624,.F.);
#6624 = EDGE_LOOP('',(#6625,#6631,#6632,#6638));
#6625 = ORIENTED_EDGE('',*,*,#6626,.T.);
#6626 = EDGE_CURVE('',#6343,#5916,#6627,.T.);
#6627 = LINE('',#6628,#6629);
#6628 = CARTESIAN_POINT('',(5.89,-2.23,3.967));
#6629 = VECTOR('',#6630,1.);
#6630 = DIRECTION('',(0.,-0.,-1.));
#6631 = ORIENTED_EDGE('',*,*,#5915,.T.);
#6632 = ORIENTED_EDGE('',*,*,#6633,.F.);
#6633 = EDGE_CURVE('',#6351,#5918,#6634,.T.);
#6634 = LINE('',#6635,#6636);
#6635 = CARTESIAN_POINT('',(5.39,-1.73,3.967));
#6636 = VECTOR('',#6637,1.);
#6637 = DIRECTION('',(0.,-0.,-1.));
#6638 = ORIENTED_EDGE('',*,*,#6350,.F.);
#6639 = CYLINDRICAL_SURFACE('',#6640,0.5);
#6640 = AXIS2_PLACEMENT_3D('',#6641,#6642,#6643);
#6641 = CARTESIAN_POINT('',(5.39,-2.23,3.967));
#6642 = DIRECTION('',(0.,0.,1.));
#6643 = DIRECTION('',(1.,-1.110223024625E-15,0.));
#6644 = ADVANCED_FACE('',(#6645),#6656,.F.);
#6645 = FACE_BOUND('',#6646,.F.);
#6646 = EDGE_LOOP('',(#6647,#6653,#6654,#6655));
#6647 = ORIENTED_EDGE('',*,*,#6648,.T.);
#6648 = EDGE_CURVE('',#6334,#5969,#6649,.T.);
#6649 = LINE('',#6650,#6651);
#6650 = CARTESIAN_POINT('',(5.89,-6.49,3.967));
#6651 = VECTOR('',#6652,1.);
#6652 = DIRECTION('',(0.,-0.,-1.));
#6653 = ORIENTED_EDGE('',*,*,#5977,.T.);
#6654 = ORIENTED_EDGE('',*,*,#6626,.F.);
#6655 = ORIENTED_EDGE('',*,*,#6342,.F.);
#6656 = PLANE('',#6657);
#6657 = AXIS2_PLACEMENT_3D('',#6658,#6659,#6660);
#6658 = CARTESIAN_POINT('',(5.89,-6.49,3.967));
#6659 = DIRECTION('',(1.,-2.22044604925E-16,0.));
#6660 = DIRECTION('',(2.22044604925E-16,1.,0.));
#6661 = ADVANCED_FACE('',(#6662),#6689,.F.);
#6662 = FACE_BOUND('',#6663,.F.);
#6663 = EDGE_LOOP('',(#6664,#6665,#6666,#6667,#6675,#6683));
#6664 = ORIENTED_EDGE('',*,*,#6359,.F.);
#6665 = ORIENTED_EDGE('',*,*,#6633,.T.);
#6666 = ORIENTED_EDGE('',*,*,#5926,.T.);
#6667 = ORIENTED_EDGE('',*,*,#6668,.F.);
#6668 = EDGE_CURVE('',#6669,#5927,#6671,.T.);
#6669 = VERTEX_POINT('',#6670);
#6670 = CARTESIAN_POINT('',(2.23,-1.73,2.6335));
#6671 = LINE('',#6672,#6673);
#6672 = CARTESIAN_POINT('',(2.23,-1.73,3.967));
#6673 = VECTOR('',#6674,1.);
#6674 = DIRECTION('',(0.,-0.,-1.));
#6675 = ORIENTED_EDGE('',*,*,#6676,.F.);
#6676 = EDGE_CURVE('',#6677,#6669,#6679,.T.);
#6677 = VERTEX_POINT('',#6678);
#6678 = CARTESIAN_POINT('',(4.43,-1.73,2.6335));
#6679 = LINE('',#6680,#6681);
#6680 = CARTESIAN_POINT('',(3.81,-1.73,2.6335));
#6681 = VECTOR('',#6682,1.);
#6682 = DIRECTION('',(-1.,2.22044604925E-16,0.));
#6683 = ORIENTED_EDGE('',*,*,#6684,.F.);
#6684 = EDGE_CURVE('',#6250,#6677,#6685,.T.);
#6685 = LINE('',#6686,#6687);
#6686 = CARTESIAN_POINT('',(4.43,-1.73,3.967));
#6687 = VECTOR('',#6688,1.);
#6688 = DIRECTION('',(0.,-0.,-1.));
#6689 = PLANE('',#6690);
#6690 = AXIS2_PLACEMENT_3D('',#6691,#6692,#6693);
#6691 = CARTESIAN_POINT('',(5.39,-1.73,3.967));
#6692 = DIRECTION('',(2.22044604925E-16,1.,-0.));
#6693 = DIRECTION('',(-1.,2.22044604925E-16,0.));
#6694 = ADVANCED_FACE('',(#6695),#6706,.F.);
#6695 = FACE_BOUND('',#6696,.F.);
#6696 = EDGE_LOOP('',(#6697,#6703,#6704,#6705));
#6697 = ORIENTED_EDGE('',*,*,#6698,.T.);
#6698 = EDGE_CURVE('',#6326,#5961,#6699,.T.);
#6699 = LINE('',#6700,#6701);
#6700 = CARTESIAN_POINT('',(5.39,-6.99,3.967));
#6701 = VECTOR('',#6702,1.);
#6702 = DIRECTION('',(0.,-0.,-1.));
#6703 = ORIENTED_EDGE('',*,*,#5968,.T.);
#6704 = ORIENTED_EDGE('',*,*,#6648,.F.);
#6705 = ORIENTED_EDGE('',*,*,#6333,.F.);
#6706 = CYLINDRICAL_SURFACE('',#6707,0.5);
#6707 = AXIS2_PLACEMENT_3D('',#6708,#6709,#6710);
#6708 = CARTESIAN_POINT('',(5.39,-6.49,3.967));
#6709 = DIRECTION('',(0.,0.,1.));
#6710 = DIRECTION('',(1.554312234475E-15,-1.,0.));
#6711 = ADVANCED_FACE('',(#6712),#6729,.F.);
#6712 = FACE_BOUND('',#6713,.F.);
#6713 = EDGE_LOOP('',(#6714,#6720,#6721,#6722,#6728));
#6714 = ORIENTED_EDGE('',*,*,#6715,.T.);
#6715 = EDGE_CURVE('',#6099,#6669,#6716,.T.);
#6716 = LINE('',#6717,#6718);
#6717 = CARTESIAN_POINT('',(2.23,-1.73,3.967));
#6718 = VECTOR('',#6719,1.);
#6719 = DIRECTION('',(0.,-0.,-1.));
#6720 = ORIENTED_EDGE('',*,*,#6668,.T.);
#6721 = ORIENTED_EDGE('',*,*,#5934,.T.);
#6722 = ORIENTED_EDGE('',*,*,#6723,.F.);
#6723 = EDGE_CURVE('',#6107,#5935,#6724,.T.);
#6724 = LINE('',#6725,#6726);
#6725 = CARTESIAN_POINT('',(1.73,-2.23,3.967));
#6726 = VECTOR('',#6727,1.);
#6727 = DIRECTION('',(0.,-0.,-1.));
#6728 = ORIENTED_EDGE('',*,*,#6106,.F.);
#6729 = CYLINDRICAL_SURFACE('',#6730,0.5);
#6730 = AXIS2_PLACEMENT_3D('',#6731,#6732,#6733);
#6731 = CARTESIAN_POINT('',(2.23,-2.23,3.967));
#6732 = DIRECTION('',(0.,0.,1.));
#6733 = DIRECTION('',(2.22044604925E-16,1.,-0.));
#6734 = ADVANCED_FACE('',(#6735),#6753,.F.);
#6735 = FACE_BOUND('',#6736,.F.);
#6736 = EDGE_LOOP('',(#6737,#6738,#6744,#6745,#6746,#6747));
#6737 = ORIENTED_EDGE('',*,*,#6493,.F.);
#6738 = ORIENTED_EDGE('',*,*,#6739,.T.);
#6739 = EDGE_CURVE('',#6494,#5952,#6740,.T.);
#6740 = LINE('',#6741,#6742);
#6741 = CARTESIAN_POINT('',(2.23,-6.99,3.967));
#6742 = VECTOR('',#6743,1.);
#6743 = DIRECTION('',(0.,-0.,-1.));
#6744 = ORIENTED_EDGE('',*,*,#5960,.T.);
#6745 = ORIENTED_EDGE('',*,*,#6698,.F.);
#6746 = ORIENTED_EDGE('',*,*,#6325,.F.);
#6747 = ORIENTED_EDGE('',*,*,#6748,.F.);
#6748 = EDGE_CURVE('',#6486,#6318,#6749,.T.);
#6749 = LINE('',#6750,#6751);
#6750 = CARTESIAN_POINT('',(4.43,-6.99,3.967));
#6751 = VECTOR('',#6752,1.);
#6752 = DIRECTION('',(0.,0.,1.));
#6753 = PLANE('',#6754);
#6754 = AXIS2_PLACEMENT_3D('',#6755,#6756,#6757);
#6755 = CARTESIAN_POINT('',(2.23,-6.99,3.967));
#6756 = DIRECTION('',(-2.22044604925E-16,-1.,0.));
#6757 = DIRECTION('',(1.,-2.22044604925E-16,0.));
#6758 = ADVANCED_FACE('',(#6759),#6770,.F.);
#6759 = FACE_BOUND('',#6760,.T.);
#6760 = EDGE_LOOP('',(#6761,#6762,#6768,#6769));
#6761 = ORIENTED_EDGE('',*,*,#6115,.T.);
#6762 = ORIENTED_EDGE('',*,*,#6763,.T.);
#6763 = EDGE_CURVE('',#6116,#5944,#6764,.T.);
#6764 = LINE('',#6765,#6766);
#6765 = CARTESIAN_POINT('',(1.73,-6.49,3.967));
#6766 = VECTOR('',#6767,1.);
#6767 = DIRECTION('',(0.,-0.,-1.));
#6768 = ORIENTED_EDGE('',*,*,#5943,.F.);
#6769 = ORIENTED_EDGE('',*,*,#6723,.F.);
#6770 = PLANE('',#6771);
#6771 = AXIS2_PLACEMENT_3D('',#6772,#6773,#6774);
#6772 = CARTESIAN_POINT('',(1.73,-4.36,3.967));
#6773 = DIRECTION('',(-1.,2.22044604925E-16,0.));
#6774 = DIRECTION('',(0.,0.,-1.));
#6775 = ADVANCED_FACE('',(#6776),#6788,.F.);
#6776 = FACE_BOUND('',#6777,.F.);
#6777 = EDGE_LOOP('',(#6778,#6779,#6780,#6781,#6787));
#6778 = ORIENTED_EDGE('',*,*,#6763,.T.);
#6779 = ORIENTED_EDGE('',*,*,#5951,.T.);
#6780 = ORIENTED_EDGE('',*,*,#6739,.F.);
#6781 = ORIENTED_EDGE('',*,*,#6782,.F.);
#6782 = EDGE_CURVE('',#6124,#6494,#6783,.T.);
#6783 = LINE('',#6784,#6785);
#6784 = CARTESIAN_POINT('',(2.23,-6.99,3.967));
#6785 = VECTOR('',#6786,1.);
#6786 = DIRECTION('',(0.,-0.,-1.));
#6787 = ORIENTED_EDGE('',*,*,#6123,.F.);
#6788 = CYLINDRICAL_SURFACE('',#6789,0.5);
#6789 = AXIS2_PLACEMENT_3D('',#6790,#6791,#6792);
#6790 = CARTESIAN_POINT('',(2.23,-6.49,3.967));
#6791 = DIRECTION('',(0.,0.,1.));
#6792 = DIRECTION('',(-1.,-1.554312234475E-15,0.));
#6793 = ADVANCED_FACE('',(#6794,#6797),#6808,.T.);
#6794 = FACE_BOUND('',#6795,.T.);
#6795 = EDGE_LOOP('',(#6796));
#6796 = ORIENTED_EDGE('',*,*,#5985,.F.);
#6797 = FACE_BOUND('',#6798,.T.);
#6798 = EDGE_LOOP('',(#6799));
#6799 = ORIENTED_EDGE('',*,*,#6800,.T.);
#6800 = EDGE_CURVE('',#6801,#6801,#6803,.T.);
#6801 = VERTEX_POINT('',#6802);
#6802 = CARTESIAN_POINT('',(7.62,-8.382,1.3));
#6803 = CIRCLE('',#6804,0.762);
#6804 = AXIS2_PLACEMENT_3D('',#6805,#6806,#6807);
#6805 = CARTESIAN_POINT('',(7.62,-7.62,1.3));
#6806 = DIRECTION('',(0.,0.,1.));
#6807 = DIRECTION('',(-2.22044604925E-16,-1.,0.));
#6808 = PLANE('',#6809);
#6809 = AXIS2_PLACEMENT_3D('',#6810,#6811,#6812);
#6810 = CARTESIAN_POINT('',(7.62,-8.482,1.3));
#6811 = DIRECTION('',(0.,0.,-1.));
#6812 = DIRECTION('',(2.22044604925E-16,1.,0.));
#6813 = ADVANCED_FACE('',(#6814,#6817),#6828,.T.);
#6814 = FACE_BOUND('',#6815,.T.);
#6815 = EDGE_LOOP('',(#6816));
#6816 = ORIENTED_EDGE('',*,*,#5996,.F.);
#6817 = FACE_BOUND('',#6818,.T.);
#6818 = EDGE_LOOP('',(#6819));
#6819 = ORIENTED_EDGE('',*,*,#6820,.T.);
#6820 = EDGE_CURVE('',#6821,#6821,#6823,.T.);
#6821 = VERTEX_POINT('',#6822);
#6822 = CARTESIAN_POINT('',(7.62,-3.302,1.3));
#6823 = CIRCLE('',#6824,0.762);
#6824 = AXIS2_PLACEMENT_3D('',#6825,#6826,#6827);
#6825 = CARTESIAN_POINT('',(7.62,-2.54,1.3));
#6826 = DIRECTION('',(0.,0.,1.));
#6827 = DIRECTION('',(-2.22044604925E-16,-1.,0.));
#6828 = PLANE('',#6829);
#6829 = AXIS2_PLACEMENT_3D('',#6830,#6831,#6832);
#6830 = CARTESIAN_POINT('',(7.62,-3.402,1.3));
#6831 = DIRECTION('',(0.,0.,-1.));
#6832 = DIRECTION('',(2.22044604925E-16,1.,0.));
#6833 = ADVANCED_FACE('',(#6834,#6837),#6848,.T.);
#6834 = FACE_BOUND('',#6835,.T.);
#6835 = EDGE_LOOP('',(#6836));
#6836 = ORIENTED_EDGE('',*,*,#6007,.F.);
#6837 = FACE_BOUND('',#6838,.T.);
#6838 = EDGE_LOOP('',(#6839));
#6839 = ORIENTED_EDGE('',*,*,#6840,.T.);
#6840 = EDGE_CURVE('',#6841,#6841,#6843,.T.);
#6841 = VERTEX_POINT('',#6842);
#6842 = CARTESIAN_POINT('',(7.62,-5.842,1.3));
#6843 = CIRCLE('',#6844,0.762);
#6844 = AXIS2_PLACEMENT_3D('',#6845,#6846,#6847);
#6845 = CARTESIAN_POINT('',(7.62,-5.08,1.3));
#6846 = DIRECTION('',(0.,0.,1.));
#6847 = DIRECTION('',(-2.22044604925E-16,-1.,0.));
#6848 = PLANE('',#6849);
#6849 = AXIS2_PLACEMENT_3D('',#6850,#6851,#6852);
#6850 = CARTESIAN_POINT('',(7.62,-5.942,1.3));
#6851 = DIRECTION('',(0.,0.,-1.));
#6852 = DIRECTION('',(2.22044604925E-16,1.,0.));
#6853 = ADVANCED_FACE('',(#6854,#6857),#6868,.T.);
#6854 = FACE_BOUND('',#6855,.T.);
#6855 = EDGE_LOOP('',(#6856));
#6856 = ORIENTED_EDGE('',*,*,#6018,.F.);
#6857 = FACE_BOUND('',#6858,.T.);
#6858 = EDGE_LOOP('',(#6859));
#6859 = ORIENTED_EDGE('',*,*,#6860,.T.);
#6860 = EDGE_CURVE('',#6861,#6861,#6863,.T.);
#6861 = VERTEX_POINT('',#6862);
#6862 = CARTESIAN_POINT('',(-1.33226762955E-15,-6.858,1.3));
#6863 = CIRCLE('',#6864,0.762);
#6864 = AXIS2_PLACEMENT_3D('',#6865,#6866,#6867);
#6865 = CARTESIAN_POINT('',(-1.33226762955E-15,-7.62,1.3));
#6866 = DIRECTION('',(0.,-0.,1.));
#6867 = DIRECTION('',(3.445092848398E-16,1.,0.));
#6868 = PLANE('',#6869);
#6869 = AXIS2_PLACEMENT_3D('',#6870,#6871,#6872);
#6870 = CARTESIAN_POINT('',(-9.516482377609E-16,-6.758,1.3));
#6871 = DIRECTION('',(-0.,0.,-1.));
#6872 = DIRECTION('',(-3.445092848398E-16,-1.,0.));
#6873 = ADVANCED_FACE('',(#6874,#6877),#6888,.T.);
#6874 = FACE_BOUND('',#6875,.T.);
#6875 = EDGE_LOOP('',(#6876));
#6876 = ORIENTED_EDGE('',*,*,#6029,.F.);
#6877 = FACE_BOUND('',#6878,.T.);
#6878 = EDGE_LOOP('',(#6879));
#6879 = ORIENTED_EDGE('',*,*,#6880,.T.);
#6880 = EDGE_CURVE('',#6881,#6881,#6883,.T.);
#6881 = VERTEX_POINT('',#6882);
#6882 = CARTESIAN_POINT('',(0.,-4.318,1.3));
#6883 = CIRCLE('',#6884,0.762);
#6884 = AXIS2_PLACEMENT_3D('',#6885,#6886,#6887);
#6885 = CARTESIAN_POINT('',(-4.440892098501E-16,-5.08,1.3));
#6886 = DIRECTION('',(0.,-0.,1.));
#6887 = DIRECTION('',(3.445092848398E-16,1.,0.));
#6888 = PLANE('',#6889);
#6889 = AXIS2_PLACEMENT_3D('',#6890,#6891,#6892);
#6890 = CARTESIAN_POINT('',(-6.346981806075E-17,-4.218,1.3));
#6891 = DIRECTION('',(-0.,0.,-1.));
#6892 = DIRECTION('',(-3.445092848398E-16,-1.,0.));
#6893 = ADVANCED_FACE('',(#6894,#6897),#6908,.T.);
#6894 = FACE_BOUND('',#6895,.T.);
#6895 = EDGE_LOOP('',(#6896));
#6896 = ORIENTED_EDGE('',*,*,#6040,.F.);
#6897 = FACE_BOUND('',#6898,.T.);
#6898 = EDGE_LOOP('',(#6899));
#6899 = ORIENTED_EDGE('',*,*,#6900,.T.);
#6900 = EDGE_CURVE('',#6901,#6901,#6903,.T.);
#6901 = VERTEX_POINT('',#6902);
#6902 = CARTESIAN_POINT('',(8.881784197001E-16,-1.778,1.3));
#6903 = CIRCLE('',#6904,0.762);
#6904 = AXIS2_PLACEMENT_3D('',#6905,#6906,#6907);
#6905 = CARTESIAN_POINT('',(4.440892098501E-16,-2.54,1.3));
#6906 = DIRECTION('',(0.,-0.,1.));
#6907 = DIRECTION('',(3.445092848398E-16,1.,0.));
#6908 = PLANE('',#6909);
#6909 = AXIS2_PLACEMENT_3D('',#6910,#6911,#6912);
#6910 = CARTESIAN_POINT('',(8.247086016394E-16,-1.678,1.3));
#6911 = DIRECTION('',(-0.,0.,-1.));
#6912 = DIRECTION('',(-3.445092848398E-16,-1.,0.));
#6913 = ADVANCED_FACE('',(#6914,#6917),#6928,.T.);
#6914 = FACE_BOUND('',#6915,.T.);
#6915 = EDGE_LOOP('',(#6916));
#6916 = ORIENTED_EDGE('',*,*,#6051,.F.);
#6917 = FACE_BOUND('',#6918,.T.);
#6918 = EDGE_LOOP('',(#6919));
#6919 = ORIENTED_EDGE('',*,*,#6920,.T.);
#6920 = EDGE_CURVE('',#6921,#6921,#6923,.T.);
#6921 = VERTEX_POINT('',#6922);
#6922 = CARTESIAN_POINT('',(1.33226762955E-15,0.762,1.3));
#6923 = CIRCLE('',#6924,0.762);
#6924 = AXIS2_PLACEMENT_3D('',#6925,#6926,#6927);
#6925 = CARTESIAN_POINT('',(1.33226762955E-15,1.33226762955E-15,1.3));
#6926 = DIRECTION('',(0.,-0.,1.));
#6927 = DIRECTION('',(3.445092848398E-16,1.,0.));
#6928 = PLANE('',#6929);
#6929 = AXIS2_PLACEMENT_3D('',#6930,#6931,#6932);
#6930 = CARTESIAN_POINT('',(1.71288702134E-15,0.862,1.3));
#6931 = DIRECTION('',(-0.,0.,-1.));
#6932 = DIRECTION('',(-3.445092848398E-16,-1.,0.));
#6933 = ADVANCED_FACE('',(#6934,#6937),#6948,.T.);
#6934 = FACE_BOUND('',#6935,.T.);
#6935 = EDGE_LOOP('',(#6936));
#6936 = ORIENTED_EDGE('',*,*,#6062,.F.);
#6937 = FACE_BOUND('',#6938,.T.);
#6938 = EDGE_LOOP('',(#6939));
#6939 = ORIENTED_EDGE('',*,*,#6940,.T.);
#6940 = EDGE_CURVE('',#6941,#6941,#6943,.T.);
#6941 = VERTEX_POINT('',#6942);
#6942 = CARTESIAN_POINT('',(7.62,-0.762,1.3));
#6943 = CIRCLE('',#6944,0.762);
#6944 = AXIS2_PLACEMENT_3D('',#6945,#6946,#6947);
#6945 = CARTESIAN_POINT('',(7.62,-8.881784197001E-16,1.3));
#6946 = DIRECTION('',(0.,0.,1.));
#6947 = DIRECTION('',(-2.22044604925E-16,-1.,0.));
#6948 = PLANE('',#6949);
#6949 = AXIS2_PLACEMENT_3D('',#6950,#6951,#6952);
#6950 = CARTESIAN_POINT('',(7.62,-0.862,1.3));
#6951 = DIRECTION('',(0.,0.,-1.));
#6952 = DIRECTION('',(2.22044604925E-16,1.,0.));
#6953 = ADVANCED_FACE('',(#6954),#6965,.F.);
#6954 = FACE_BOUND('',#6955,.F.);
#6955 = EDGE_LOOP('',(#6956,#6957,#6963,#6964));
#6956 = ORIENTED_EDGE('',*,*,#6140,.T.);
#6957 = ORIENTED_EDGE('',*,*,#6958,.T.);
#6958 = EDGE_CURVE('',#6133,#6502,#6959,.T.);
#6959 = LINE('',#6960,#6961);
#6960 = CARTESIAN_POINT('',(2.23,-7.79,3.967));
#6961 = VECTOR('',#6962,1.);
#6962 = DIRECTION('',(0.,-0.,-1.));
#6963 = ORIENTED_EDGE('',*,*,#6509,.F.);
#6964 = ORIENTED_EDGE('',*,*,#6426,.F.);
#6965 = CYLINDRICAL_SURFACE('',#6966,0.5);
#6966 = AXIS2_PLACEMENT_3D('',#6967,#6968,#6969);
#6967 = CARTESIAN_POINT('',(2.23,-8.29,3.967));
#6968 = DIRECTION('',(0.,0.,1.));
#6969 = DIRECTION('',(-1.,1.998401444325E-15,0.));
#6970 = ADVANCED_FACE('',(#6971),#6982,.F.);
#6971 = FACE_BOUND('',#6972,.F.);
#6972 = EDGE_LOOP('',(#6973,#6974,#6975,#6981));
#6973 = ORIENTED_EDGE('',*,*,#6098,.F.);
#6974 = ORIENTED_EDGE('',*,*,#6534,.T.);
#6975 = ORIENTED_EDGE('',*,*,#6976,.T.);
#6976 = EDGE_CURVE('',#6527,#6669,#6977,.T.);
#6977 = LINE('',#6978,#6979);
#6978 = CARTESIAN_POINT('',(2.23,1.27,2.6335));
#6979 = VECTOR('',#6980,1.);
#6980 = DIRECTION('',(-2.22044604925E-16,-1.,0.));
#6981 = ORIENTED_EDGE('',*,*,#6715,.F.);
#6982 = PLANE('',#6983);
#6983 = AXIS2_PLACEMENT_3D('',#6984,#6985,#6986);
#6984 = CARTESIAN_POINT('',(2.23,1.27,3.967));
#6985 = DIRECTION('',(-1.,2.22044604925E-16,0.));
#6986 = DIRECTION('',(-2.22044604925E-16,-1.,0.));
#6987 = ADVANCED_FACE('',(#6988),#6994,.F.);
#6988 = FACE_BOUND('',#6989,.F.);
#6989 = EDGE_LOOP('',(#6990,#6991,#6992,#6993));
#6990 = ORIENTED_EDGE('',*,*,#6132,.F.);
#6991 = ORIENTED_EDGE('',*,*,#6782,.T.);
#6992 = ORIENTED_EDGE('',*,*,#6501,.T.);
#6993 = ORIENTED_EDGE('',*,*,#6958,.F.);
#6994 = PLANE('',#6995);
#6995 = AXIS2_PLACEMENT_3D('',#6996,#6997,#6998);
#6996 = CARTESIAN_POINT('',(2.23,1.27,3.967));
#6997 = DIRECTION('',(-1.,2.22044604925E-16,0.));
#6998 = DIRECTION('',(-2.22044604925E-16,-1.,0.));
#6999 = ADVANCED_FACE('',(#7000),#7019,.T.);
#7000 = FACE_BOUND('',#7001,.T.);
#7001 = EDGE_LOOP('',(#7002,#7010,#7017,#7018));
#7002 = ORIENTED_EDGE('',*,*,#7003,.T.);
#7003 = EDGE_CURVE('',#6159,#7004,#7006,.T.);
#7004 = VERTEX_POINT('',#7005);
#7005 = CARTESIAN_POINT('',(0.,-4.218,4.007));
#7006 = LINE('',#7007,#7008);
#7007 = CARTESIAN_POINT('',(-6.346981806075E-17,-4.218,1.3));
#7008 = VECTOR('',#7009,1.);
#7009 = DIRECTION('',(0.,0.,1.));
#7010 = ORIENTED_EDGE('',*,*,#7011,.F.);
#7011 = EDGE_CURVE('',#7004,#7004,#7012,.T.);
#7012 = CIRCLE('',#7013,0.862);
#7013 = AXIS2_PLACEMENT_3D('',#7014,#7015,#7016);
#7014 = CARTESIAN_POINT('',(-3.604368215926E-16,-5.08,4.007));
#7015 = DIRECTION('',(0.,-0.,1.));
#7016 = DIRECTION('',(3.445092848398E-16,1.,0.));
#7017 = ORIENTED_EDGE('',*,*,#7003,.F.);
#7018 = ORIENTED_EDGE('',*,*,#6158,.F.);
#7019 = CYLINDRICAL_SURFACE('',#7020,0.862);
#7020 = AXIS2_PLACEMENT_3D('',#7021,#7022,#7023);
#7021 = CARTESIAN_POINT('',(-3.604368215926E-16,-5.08,1.3));
#7022 = DIRECTION('',(0.,-0.,-1.));
#7023 = DIRECTION('',(3.445092848398E-16,1.,0.));
#7024 = ADVANCED_FACE('',(#7025),#7044,.T.);
#7025 = FACE_BOUND('',#7026,.T.);
#7026 = EDGE_LOOP('',(#7027,#7035,#7042,#7043));
#7027 = ORIENTED_EDGE('',*,*,#7028,.T.);
#7028 = EDGE_CURVE('',#6170,#7029,#7031,.T.);
#7029 = VERTEX_POINT('',#7030);
#7030 = CARTESIAN_POINT('',(8.881784197001E-16,-1.678,4.007));
#7031 = LINE('',#7032,#7033);
#7032 = CARTESIAN_POINT('',(8.247086016394E-16,-1.678,1.3));
#7033 = VECTOR('',#7034,1.);
#7034 = DIRECTION('',(0.,0.,1.));
#7035 = ORIENTED_EDGE('',*,*,#7036,.F.);
#7036 = EDGE_CURVE('',#7029,#7029,#7037,.T.);
#7037 = CIRCLE('',#7038,0.862);
#7038 = AXIS2_PLACEMENT_3D('',#7039,#7040,#7041);
#7039 = CARTESIAN_POINT('',(5.277415981075E-16,-2.54,4.007));
#7040 = DIRECTION('',(0.,-0.,1.));
#7041 = DIRECTION('',(3.445092848398E-16,1.,0.));
#7042 = ORIENTED_EDGE('',*,*,#7028,.F.);
#7043 = ORIENTED_EDGE('',*,*,#6169,.F.);
#7044 = CYLINDRICAL_SURFACE('',#7045,0.862);
#7045 = AXIS2_PLACEMENT_3D('',#7046,#7047,#7048);
#7046 = CARTESIAN_POINT('',(5.277415981075E-16,-2.54,1.3));
#7047 = DIRECTION('',(0.,-0.,-1.));
#7048 = DIRECTION('',(3.445092848398E-16,1.,0.));
#7049 = ADVANCED_FACE('',(#7050),#7069,.T.);
#7050 = FACE_BOUND('',#7051,.T.);
#7051 = EDGE_LOOP('',(#7052,#7060,#7067,#7068));
#7052 = ORIENTED_EDGE('',*,*,#7053,.T.);
#7053 = EDGE_CURVE('',#6181,#7054,#7056,.T.);
#7054 = VERTEX_POINT('',#7055);
#7055 = CARTESIAN_POINT('',(1.7763568394E-15,0.862,4.007));
#7056 = LINE('',#7057,#7058);
#7057 = CARTESIAN_POINT('',(1.71288702134E-15,0.862,1.3));
#7058 = VECTOR('',#7059,1.);
#7059 = DIRECTION('',(0.,0.,1.));
#7060 = ORIENTED_EDGE('',*,*,#7061,.F.);
#7061 = EDGE_CURVE('',#7054,#7054,#7062,.T.);
#7062 = CIRCLE('',#7063,0.862);
#7063 = AXIS2_PLACEMENT_3D('',#7064,#7065,#7066);
#7064 = CARTESIAN_POINT('',(1.415920017808E-15,1.443289932013E-15,4.007)
  );
#7065 = DIRECTION('',(0.,-0.,1.));
#7066 = DIRECTION('',(3.445092848398E-16,1.,0.));
#7067 = ORIENTED_EDGE('',*,*,#7053,.F.);
#7068 = ORIENTED_EDGE('',*,*,#6180,.F.);
#7069 = CYLINDRICAL_SURFACE('',#7070,0.862);
#7070 = AXIS2_PLACEMENT_3D('',#7071,#7072,#7073);
#7071 = CARTESIAN_POINT('',(1.415920017808E-15,1.443289932013E-15,1.3));
#7072 = DIRECTION('',(0.,-0.,-1.));
#7073 = DIRECTION('',(3.445092848398E-16,1.,0.));
#7074 = ADVANCED_FACE('',(#7075),#7094,.T.);
#7075 = FACE_BOUND('',#7076,.T.);
#7076 = EDGE_LOOP('',(#7077,#7085,#7092,#7093));
#7077 = ORIENTED_EDGE('',*,*,#7078,.T.);
#7078 = EDGE_CURVE('',#6192,#7079,#7081,.T.);
#7079 = VERTEX_POINT('',#7080);
#7080 = CARTESIAN_POINT('',(-8.881784197001E-16,-6.758,4.007));
#7081 = LINE('',#7082,#7083);
#7082 = CARTESIAN_POINT('',(-9.516482377609E-16,-6.758,1.3));
#7083 = VECTOR('',#7084,1.);
#7084 = DIRECTION('',(0.,0.,1.));
#7085 = ORIENTED_EDGE('',*,*,#7086,.F.);
#7086 = EDGE_CURVE('',#7079,#7079,#7087,.T.);
#7087 = CIRCLE('',#7088,0.862);
#7088 = AXIS2_PLACEMENT_3D('',#7089,#7090,#7091);
#7089 = CARTESIAN_POINT('',(-1.248615241293E-15,-7.62,4.007));
#7090 = DIRECTION('',(0.,-0.,1.));
#7091 = DIRECTION('',(3.445092848398E-16,1.,0.));
#7092 = ORIENTED_EDGE('',*,*,#7078,.F.);
#7093 = ORIENTED_EDGE('',*,*,#6191,.F.);
#7094 = CYLINDRICAL_SURFACE('',#7095,0.862);
#7095 = AXIS2_PLACEMENT_3D('',#7096,#7097,#7098);
#7096 = CARTESIAN_POINT('',(-1.248615241293E-15,-7.62,1.3));
#7097 = DIRECTION('',(0.,-0.,-1.));
#7098 = DIRECTION('',(3.445092848398E-16,1.,0.));
#7099 = ADVANCED_FACE('',(#7100),#7111,.F.);
#7100 = FACE_BOUND('',#7101,.F.);
#7101 = EDGE_LOOP('',(#7102,#7103,#7104,#7110));
#7102 = ORIENTED_EDGE('',*,*,#6249,.F.);
#7103 = ORIENTED_EDGE('',*,*,#6684,.T.);
#7104 = ORIENTED_EDGE('',*,*,#7105,.T.);
#7105 = EDGE_CURVE('',#6677,#6567,#7106,.T.);
#7106 = LINE('',#7107,#7108);
#7107 = CARTESIAN_POINT('',(4.43,-8.89,2.6335));
#7108 = VECTOR('',#7109,1.);
#7109 = DIRECTION('',(2.22044604925E-16,1.,0.));
#7110 = ORIENTED_EDGE('',*,*,#6583,.T.);
#7111 = PLANE('',#7112);
#7112 = AXIS2_PLACEMENT_3D('',#7113,#7114,#7115);
#7113 = CARTESIAN_POINT('',(4.43,-8.89,3.967));
#7114 = DIRECTION('',(1.,-2.22044604925E-16,0.));
#7115 = DIRECTION('',(2.22044604925E-16,1.,0.));
#7116 = ADVANCED_FACE('',(#7117),#7128,.F.);
#7117 = FACE_BOUND('',#7118,.F.);
#7118 = EDGE_LOOP('',(#7119,#7120,#7126,#7127));
#7119 = ORIENTED_EDGE('',*,*,#6317,.F.);
#7120 = ORIENTED_EDGE('',*,*,#7121,.F.);
#7121 = EDGE_CURVE('',#6478,#6310,#7122,.T.);
#7122 = LINE('',#7123,#7124);
#7123 = CARTESIAN_POINT('',(4.43,-7.79,3.967));
#7124 = VECTOR('',#7125,1.);
#7125 = DIRECTION('',(0.,0.,1.));
#7126 = ORIENTED_EDGE('',*,*,#6485,.T.);
#7127 = ORIENTED_EDGE('',*,*,#6748,.T.);
#7128 = PLANE('',#7129);
#7129 = AXIS2_PLACEMENT_3D('',#7130,#7131,#7132);
#7130 = CARTESIAN_POINT('',(4.43,-8.89,3.967));
#7131 = DIRECTION('',(1.,-2.22044604925E-16,0.));
#7132 = DIRECTION('',(2.22044604925E-16,1.,0.));
#7133 = ADVANCED_FACE('',(#7134),#7145,.T.);
#7134 = FACE_BOUND('',#7135,.T.);
#7135 = EDGE_LOOP('',(#7136,#7137,#7138,#7139));
#7136 = ORIENTED_EDGE('',*,*,#6309,.F.);
#7137 = ORIENTED_EDGE('',*,*,#7121,.F.);
#7138 = ORIENTED_EDGE('',*,*,#6477,.T.);
#7139 = ORIENTED_EDGE('',*,*,#7140,.F.);
#7140 = EDGE_CURVE('',#6301,#6469,#7141,.T.);
#7141 = LINE('',#7142,#7143);
#7142 = CARTESIAN_POINT('',(5.39,-7.79,3.967));
#7143 = VECTOR('',#7144,1.);
#7144 = DIRECTION('',(0.,-0.,-1.));
#7145 = PLANE('',#7146);
#7146 = AXIS2_PLACEMENT_3D('',#7147,#7148,#7149);
#7147 = CARTESIAN_POINT('',(2.23,-7.79,3.967));
#7148 = DIRECTION('',(-2.22044604925E-16,-1.,0.));
#7149 = DIRECTION('',(1.,-2.22044604925E-16,0.));
#7150 = ADVANCED_FACE('',(#7151),#7157,.F.);
#7151 = FACE_BOUND('',#7152,.F.);
#7152 = EDGE_LOOP('',(#7153,#7154,#7155,#7156));
#7153 = ORIENTED_EDGE('',*,*,#6300,.T.);
#7154 = ORIENTED_EDGE('',*,*,#6441,.T.);
#7155 = ORIENTED_EDGE('',*,*,#6468,.F.);
#7156 = ORIENTED_EDGE('',*,*,#7140,.F.);
#7157 = CYLINDRICAL_SURFACE('',#7158,0.5);
#7158 = AXIS2_PLACEMENT_3D('',#7159,#7160,#7161);
#7159 = CARTESIAN_POINT('',(5.39,-8.29,3.967));
#7160 = DIRECTION('',(0.,0.,1.));
#7161 = DIRECTION('',(1.110223024625E-15,1.,-0.));
#7162 = ADVANCED_FACE('',(#7163),#7182,.T.);
#7163 = FACE_BOUND('',#7164,.T.);
#7164 = EDGE_LOOP('',(#7165,#7173,#7180,#7181));
#7165 = ORIENTED_EDGE('',*,*,#7166,.T.);
#7166 = EDGE_CURVE('',#6368,#7167,#7169,.T.);
#7167 = VERTEX_POINT('',#7168);
#7168 = CARTESIAN_POINT('',(7.62,-5.942,4.007));
#7169 = LINE('',#7170,#7171);
#7170 = CARTESIAN_POINT('',(7.62,-5.942,1.3));
#7171 = VECTOR('',#7172,1.);
#7172 = DIRECTION('',(0.,0.,1.));
#7173 = ORIENTED_EDGE('',*,*,#7174,.F.);
#7174 = EDGE_CURVE('',#7167,#7167,#7175,.T.);
#7175 = CIRCLE('',#7176,0.862);
#7176 = AXIS2_PLACEMENT_3D('',#7177,#7178,#7179);
#7177 = CARTESIAN_POINT('',(7.62,-5.08,4.007));
#7178 = DIRECTION('',(0.,0.,1.));
#7179 = DIRECTION('',(-2.22044604925E-16,-1.,0.));
#7180 = ORIENTED_EDGE('',*,*,#7166,.F.);
#7181 = ORIENTED_EDGE('',*,*,#6367,.F.);
#7182 = CYLINDRICAL_SURFACE('',#7183,0.862);
#7183 = AXIS2_PLACEMENT_3D('',#7184,#7185,#7186);
#7184 = CARTESIAN_POINT('',(7.62,-5.08,1.3));
#7185 = DIRECTION('',(0.,0.,-1.));
#7186 = DIRECTION('',(-2.22044604925E-16,-1.,-0.));
#7187 = ADVANCED_FACE('',(#7188),#7207,.T.);
#7188 = FACE_BOUND('',#7189,.T.);
#7189 = EDGE_LOOP('',(#7190,#7198,#7205,#7206));
#7190 = ORIENTED_EDGE('',*,*,#7191,.T.);
#7191 = EDGE_CURVE('',#6379,#7192,#7194,.T.);
#7192 = VERTEX_POINT('',#7193);
#7193 = CARTESIAN_POINT('',(7.62,-3.402,4.007));
#7194 = LINE('',#7195,#7196);
#7195 = CARTESIAN_POINT('',(7.62,-3.402,1.3));
#7196 = VECTOR('',#7197,1.);
#7197 = DIRECTION('',(0.,0.,1.));
#7198 = ORIENTED_EDGE('',*,*,#7199,.F.);
#7199 = EDGE_CURVE('',#7192,#7192,#7200,.T.);
#7200 = CIRCLE('',#7201,0.862);
#7201 = AXIS2_PLACEMENT_3D('',#7202,#7203,#7204);
#7202 = CARTESIAN_POINT('',(7.62,-2.54,4.007));
#7203 = DIRECTION('',(0.,0.,1.));
#7204 = DIRECTION('',(-2.22044604925E-16,-1.,0.));
#7205 = ORIENTED_EDGE('',*,*,#7191,.F.);
#7206 = ORIENTED_EDGE('',*,*,#6378,.F.);
#7207 = CYLINDRICAL_SURFACE('',#7208,0.862);
#7208 = AXIS2_PLACEMENT_3D('',#7209,#7210,#7211);
#7209 = CARTESIAN_POINT('',(7.62,-2.54,1.3));
#7210 = DIRECTION('',(0.,0.,-1.));
#7211 = DIRECTION('',(-2.22044604925E-16,-1.,-0.));
#7212 = ADVANCED_FACE('',(#7213),#7232,.T.);
#7213 = FACE_BOUND('',#7214,.T.);
#7214 = EDGE_LOOP('',(#7215,#7223,#7230,#7231));
#7215 = ORIENTED_EDGE('',*,*,#7216,.T.);
#7216 = EDGE_CURVE('',#6390,#7217,#7219,.T.);
#7217 = VERTEX_POINT('',#7218);
#7218 = CARTESIAN_POINT('',(7.62,-0.862,4.007));
#7219 = LINE('',#7220,#7221);
#7220 = CARTESIAN_POINT('',(7.62,-0.862,1.3));
#7221 = VECTOR('',#7222,1.);
#7222 = DIRECTION('',(0.,0.,1.));
#7223 = ORIENTED_EDGE('',*,*,#7224,.F.);
#7224 = EDGE_CURVE('',#7217,#7217,#7225,.T.);
#7225 = CIRCLE('',#7226,0.862);
#7226 = AXIS2_PLACEMENT_3D('',#7227,#7228,#7229);
#7227 = CARTESIAN_POINT('',(7.62,-9.992007221626E-16,4.007));
#7228 = DIRECTION('',(0.,0.,1.));
#7229 = DIRECTION('',(-2.22044604925E-16,-1.,0.));
#7230 = ORIENTED_EDGE('',*,*,#7216,.F.);
#7231 = ORIENTED_EDGE('',*,*,#6389,.F.);
#7232 = CYLINDRICAL_SURFACE('',#7233,0.862);
#7233 = AXIS2_PLACEMENT_3D('',#7234,#7235,#7236);
#7234 = CARTESIAN_POINT('',(7.62,-9.992007221626E-16,1.3));
#7235 = DIRECTION('',(0.,0.,-1.));
#7236 = DIRECTION('',(-2.22044604925E-16,-1.,-0.));
#7237 = ADVANCED_FACE('',(#7238),#7257,.T.);
#7238 = FACE_BOUND('',#7239,.T.);
#7239 = EDGE_LOOP('',(#7240,#7248,#7255,#7256));
#7240 = ORIENTED_EDGE('',*,*,#7241,.T.);
#7241 = EDGE_CURVE('',#6401,#7242,#7244,.T.);
#7242 = VERTEX_POINT('',#7243);
#7243 = CARTESIAN_POINT('',(7.62,-8.482,4.007));
#7244 = LINE('',#7245,#7246);
#7245 = CARTESIAN_POINT('',(7.62,-8.482,1.3));
#7246 = VECTOR('',#7247,1.);
#7247 = DIRECTION('',(0.,0.,1.));
#7248 = ORIENTED_EDGE('',*,*,#7249,.F.);
#7249 = EDGE_CURVE('',#7242,#7242,#7250,.T.);
#7250 = CIRCLE('',#7251,0.862);
#7251 = AXIS2_PLACEMENT_3D('',#7252,#7253,#7254);
#7252 = CARTESIAN_POINT('',(7.62,-7.62,4.007));
#7253 = DIRECTION('',(0.,0.,1.));
#7254 = DIRECTION('',(-2.22044604925E-16,-1.,0.));
#7255 = ORIENTED_EDGE('',*,*,#7241,.F.);
#7256 = ORIENTED_EDGE('',*,*,#6400,.F.);
#7257 = CYLINDRICAL_SURFACE('',#7258,0.862);
#7258 = AXIS2_PLACEMENT_3D('',#7259,#7260,#7261);
#7259 = CARTESIAN_POINT('',(7.62,-7.62,1.3));
#7260 = DIRECTION('',(0.,0.,-1.));
#7261 = DIRECTION('',(-2.22044604925E-16,-1.,-0.));
#7262 = ADVANCED_FACE('',(#7263),#7269,.F.);
#7263 = FACE_BOUND('',#7264,.F.);
#7264 = EDGE_LOOP('',(#7265,#7266,#7267,#7268));
#7265 = ORIENTED_EDGE('',*,*,#6676,.T.);
#7266 = ORIENTED_EDGE('',*,*,#6976,.F.);
#7267 = ORIENTED_EDGE('',*,*,#6566,.T.);
#7268 = ORIENTED_EDGE('',*,*,#7105,.F.);
#7269 = PLANE('',#7270);
#7270 = AXIS2_PLACEMENT_3D('',#7271,#7272,#7273);
#7271 = CARTESIAN_POINT('',(2.23,1.27,2.6335));
#7272 = DIRECTION('',(0.,-0.,-1.));
#7273 = DIRECTION('',(2.22044604925E-16,1.,0.));
#7274 = ADVANCED_FACE('',(#7275),#7294,.T.);
#7275 = FACE_BOUND('',#7276,.T.);
#7276 = EDGE_LOOP('',(#7277,#7285,#7292,#7293));
#7277 = ORIENTED_EDGE('',*,*,#7278,.T.);
#7278 = EDGE_CURVE('',#6801,#7279,#7281,.T.);
#7279 = VERTEX_POINT('',#7280);
#7280 = CARTESIAN_POINT('',(7.62,-8.382,0.3));
#7281 = LINE('',#7282,#7283);
#7282 = CARTESIAN_POINT('',(7.62,-8.382,1.3));
#7283 = VECTOR('',#7284,1.);
#7284 = DIRECTION('',(0.,0.,-1.));
#7285 = ORIENTED_EDGE('',*,*,#7286,.T.);
#7286 = EDGE_CURVE('',#7279,#7279,#7287,.T.);
#7287 = CIRCLE('',#7288,0.762);
#7288 = AXIS2_PLACEMENT_3D('',#7289,#7290,#7291);
#7289 = CARTESIAN_POINT('',(7.62,-7.62,0.3));
#7290 = DIRECTION('',(0.,0.,1.));
#7291 = DIRECTION('',(-2.22044604925E-16,-1.,0.));
#7292 = ORIENTED_EDGE('',*,*,#7278,.F.);
#7293 = ORIENTED_EDGE('',*,*,#6800,.F.);
#7294 = CYLINDRICAL_SURFACE('',#7295,0.762);
#7295 = AXIS2_PLACEMENT_3D('',#7296,#7297,#7298);
#7296 = CARTESIAN_POINT('',(7.62,-7.62,1.3));
#7297 = DIRECTION('',(0.,0.,1.));
#7298 = DIRECTION('',(-2.22044604925E-16,-1.,0.));
#7299 = ADVANCED_FACE('',(#7300),#7319,.T.);
#7300 = FACE_BOUND('',#7301,.T.);
#7301 = EDGE_LOOP('',(#7302,#7310,#7317,#7318));
#7302 = ORIENTED_EDGE('',*,*,#7303,.T.);
#7303 = EDGE_CURVE('',#6821,#7304,#7306,.T.);
#7304 = VERTEX_POINT('',#7305);
#7305 = CARTESIAN_POINT('',(7.62,-3.302,0.3));
#7306 = LINE('',#7307,#7308);
#7307 = CARTESIAN_POINT('',(7.62,-3.302,1.3));
#7308 = VECTOR('',#7309,1.);
#7309 = DIRECTION('',(0.,0.,-1.));
#7310 = ORIENTED_EDGE('',*,*,#7311,.T.);
#7311 = EDGE_CURVE('',#7304,#7304,#7312,.T.);
#7312 = CIRCLE('',#7313,0.762);
#7313 = AXIS2_PLACEMENT_3D('',#7314,#7315,#7316);
#7314 = CARTESIAN_POINT('',(7.62,-2.54,0.3));
#7315 = DIRECTION('',(0.,0.,1.));
#7316 = DIRECTION('',(-2.22044604925E-16,-1.,0.));
#7317 = ORIENTED_EDGE('',*,*,#7303,.F.);
#7318 = ORIENTED_EDGE('',*,*,#6820,.F.);
#7319 = CYLINDRICAL_SURFACE('',#7320,0.762);
#7320 = AXIS2_PLACEMENT_3D('',#7321,#7322,#7323);
#7321 = CARTESIAN_POINT('',(7.62,-2.54,1.3));
#7322 = DIRECTION('',(0.,0.,1.));
#7323 = DIRECTION('',(-2.22044604925E-16,-1.,0.));
#7324 = ADVANCED_FACE('',(#7325),#7344,.T.);
#7325 = FACE_BOUND('',#7326,.T.);
#7326 = EDGE_LOOP('',(#7327,#7335,#7342,#7343));
#7327 = ORIENTED_EDGE('',*,*,#7328,.T.);
#7328 = EDGE_CURVE('',#6841,#7329,#7331,.T.);
#7329 = VERTEX_POINT('',#7330);
#7330 = CARTESIAN_POINT('',(7.62,-5.842,0.3));
#7331 = LINE('',#7332,#7333);
#7332 = CARTESIAN_POINT('',(7.62,-5.842,1.3));
#7333 = VECTOR('',#7334,1.);
#7334 = DIRECTION('',(0.,0.,-1.));
#7335 = ORIENTED_EDGE('',*,*,#7336,.T.);
#7336 = EDGE_CURVE('',#7329,#7329,#7337,.T.);
#7337 = CIRCLE('',#7338,0.762);
#7338 = AXIS2_PLACEMENT_3D('',#7339,#7340,#7341);
#7339 = CARTESIAN_POINT('',(7.62,-5.08,0.3));
#7340 = DIRECTION('',(0.,0.,1.));
#7341 = DIRECTION('',(-2.22044604925E-16,-1.,0.));
#7342 = ORIENTED_EDGE('',*,*,#7328,.F.);
#7343 = ORIENTED_EDGE('',*,*,#6840,.F.);
#7344 = CYLINDRICAL_SURFACE('',#7345,0.762);
#7345 = AXIS2_PLACEMENT_3D('',#7346,#7347,#7348);
#7346 = CARTESIAN_POINT('',(7.62,-5.08,1.3));
#7347 = DIRECTION('',(0.,0.,1.));
#7348 = DIRECTION('',(-2.22044604925E-16,-1.,0.));
#7349 = ADVANCED_FACE('',(#7350),#7369,.T.);
#7350 = FACE_BOUND('',#7351,.T.);
#7351 = EDGE_LOOP('',(#7352,#7360,#7367,#7368));
#7352 = ORIENTED_EDGE('',*,*,#7353,.T.);
#7353 = EDGE_CURVE('',#6861,#7354,#7356,.T.);
#7354 = VERTEX_POINT('',#7355);
#7355 = CARTESIAN_POINT('',(-8.881784197001E-16,-6.858,0.3));
#7356 = LINE('',#7357,#7358);
#7357 = CARTESIAN_POINT('',(-1.069751554502E-15,-6.858,1.3));
#7358 = VECTOR('',#7359,1.);
#7359 = DIRECTION('',(0.,-0.,-1.));
#7360 = ORIENTED_EDGE('',*,*,#7361,.T.);
#7361 = EDGE_CURVE('',#7354,#7354,#7362,.T.);
#7362 = CIRCLE('',#7363,0.762);
#7363 = AXIS2_PLACEMENT_3D('',#7364,#7365,#7366);
#7364 = CARTESIAN_POINT('',(-1.33226762955E-15,-7.62,0.3));
#7365 = DIRECTION('',(0.,-0.,1.));
#7366 = DIRECTION('',(3.445092848398E-16,1.,0.));
#7367 = ORIENTED_EDGE('',*,*,#7353,.F.);
#7368 = ORIENTED_EDGE('',*,*,#6860,.F.);
#7369 = CYLINDRICAL_SURFACE('',#7370,0.762);
#7370 = AXIS2_PLACEMENT_3D('',#7371,#7372,#7373);
#7371 = CARTESIAN_POINT('',(-1.33226762955E-15,-7.62,1.3));
#7372 = DIRECTION('',(0.,0.,1.));
#7373 = DIRECTION('',(3.445092848398E-16,1.,-0.));
#7374 = ADVANCED_FACE('',(#7375),#7394,.T.);
#7375 = FACE_BOUND('',#7376,.T.);
#7376 = EDGE_LOOP('',(#7377,#7385,#7392,#7393));
#7377 = ORIENTED_EDGE('',*,*,#7378,.T.);
#7378 = EDGE_CURVE('',#6881,#7379,#7381,.T.);
#7379 = VERTEX_POINT('',#7380);
#7380 = CARTESIAN_POINT('',(0.,-4.318,0.3));
#7381 = LINE('',#7382,#7383);
#7382 = CARTESIAN_POINT('',(-1.815731348022E-16,-4.318,1.3));
#7383 = VECTOR('',#7384,1.);
#7384 = DIRECTION('',(0.,-0.,-1.));
#7385 = ORIENTED_EDGE('',*,*,#7386,.T.);
#7386 = EDGE_CURVE('',#7379,#7379,#7387,.T.);
#7387 = CIRCLE('',#7388,0.762);
#7388 = AXIS2_PLACEMENT_3D('',#7389,#7390,#7391);
#7389 = CARTESIAN_POINT('',(-4.440892098501E-16,-5.08,0.3));
#7390 = DIRECTION('',(0.,-0.,1.));
#7391 = DIRECTION('',(3.445092848398E-16,1.,0.));
#7392 = ORIENTED_EDGE('',*,*,#7378,.F.);
#7393 = ORIENTED_EDGE('',*,*,#6880,.F.);
#7394 = CYLINDRICAL_SURFACE('',#7395,0.762);
#7395 = AXIS2_PLACEMENT_3D('',#7396,#7397,#7398);
#7396 = CARTESIAN_POINT('',(-4.440892098501E-16,-5.08,1.3));
#7397 = DIRECTION('',(0.,0.,1.));
#7398 = DIRECTION('',(3.445092848398E-16,1.,-0.));
#7399 = ADVANCED_FACE('',(#7400),#7419,.T.);
#7400 = FACE_BOUND('',#7401,.T.);
#7401 = EDGE_LOOP('',(#7402,#7410,#7417,#7418));
#7402 = ORIENTED_EDGE('',*,*,#7403,.T.);
#7403 = EDGE_CURVE('',#6901,#7404,#7406,.T.);
#7404 = VERTEX_POINT('',#7405);
#7405 = CARTESIAN_POINT('',(8.881784197001E-16,-1.778,0.3));
#7406 = LINE('',#7407,#7408);
#7407 = CARTESIAN_POINT('',(7.06605284898E-16,-1.778,1.3));
#7408 = VECTOR('',#7409,1.);
#7409 = DIRECTION('',(0.,-0.,-1.));
#7410 = ORIENTED_EDGE('',*,*,#7411,.T.);
#7411 = EDGE_CURVE('',#7404,#7404,#7412,.T.);
#7412 = CIRCLE('',#7413,0.762);
#7413 = AXIS2_PLACEMENT_3D('',#7414,#7415,#7416);
#7414 = CARTESIAN_POINT('',(4.440892098501E-16,-2.54,0.3));
#7415 = DIRECTION('',(0.,-0.,1.));
#7416 = DIRECTION('',(3.445092848398E-16,1.,0.));
#7417 = ORIENTED_EDGE('',*,*,#7403,.F.);
#7418 = ORIENTED_EDGE('',*,*,#6900,.F.);
#7419 = CYLINDRICAL_SURFACE('',#7420,0.762);
#7420 = AXIS2_PLACEMENT_3D('',#7421,#7422,#7423);
#7421 = CARTESIAN_POINT('',(4.440892098501E-16,-2.54,1.3));
#7422 = DIRECTION('',(0.,0.,1.));
#7423 = DIRECTION('',(3.445092848398E-16,1.,-0.));
#7424 = ADVANCED_FACE('',(#7425),#7444,.T.);
#7425 = FACE_BOUND('',#7426,.T.);
#7426 = EDGE_LOOP('',(#7427,#7435,#7442,#7443));
#7427 = ORIENTED_EDGE('',*,*,#7428,.T.);
#7428 = EDGE_CURVE('',#6921,#7429,#7431,.T.);
#7429 = VERTEX_POINT('',#7430);
#7430 = CARTESIAN_POINT('',(1.7763568394E-15,0.762,0.3));
#7431 = LINE('',#7432,#7433);
#7432 = CARTESIAN_POINT('',(1.594783704598E-15,0.762,1.3));
#7433 = VECTOR('',#7434,1.);
#7434 = DIRECTION('',(0.,-0.,-1.));
#7435 = ORIENTED_EDGE('',*,*,#7436,.T.);
#7436 = EDGE_CURVE('',#7429,#7429,#7437,.T.);
#7437 = CIRCLE('',#7438,0.762);
#7438 = AXIS2_PLACEMENT_3D('',#7439,#7440,#7441);
#7439 = CARTESIAN_POINT('',(1.33226762955E-15,1.33226762955E-15,0.3));
#7440 = DIRECTION('',(0.,-0.,1.));
#7441 = DIRECTION('',(3.445092848398E-16,1.,0.));
#7442 = ORIENTED_EDGE('',*,*,#7428,.F.);
#7443 = ORIENTED_EDGE('',*,*,#6920,.F.);
#7444 = CYLINDRICAL_SURFACE('',#7445,0.762);
#7445 = AXIS2_PLACEMENT_3D('',#7446,#7447,#7448);
#7446 = CARTESIAN_POINT('',(1.33226762955E-15,1.33226762955E-15,1.3));
#7447 = DIRECTION('',(0.,0.,1.));
#7448 = DIRECTION('',(3.445092848398E-16,1.,-0.));
#7449 = ADVANCED_FACE('',(#7450),#7469,.T.);
#7450 = FACE_BOUND('',#7451,.T.);
#7451 = EDGE_LOOP('',(#7452,#7460,#7467,#7468));
#7452 = ORIENTED_EDGE('',*,*,#7453,.T.);
#7453 = EDGE_CURVE('',#6941,#7454,#7456,.T.);
#7454 = VERTEX_POINT('',#7455);
#7455 = CARTESIAN_POINT('',(7.62,-0.762,0.3));
#7456 = LINE('',#7457,#7458);
#7457 = CARTESIAN_POINT('',(7.62,-0.762,1.3));
#7458 = VECTOR('',#7459,1.);
#7459 = DIRECTION('',(0.,0.,-1.));
#7460 = ORIENTED_EDGE('',*,*,#7461,.T.);
#7461 = EDGE_CURVE('',#7454,#7454,#7462,.T.);
#7462 = CIRCLE('',#7463,0.762);
#7463 = AXIS2_PLACEMENT_3D('',#7464,#7465,#7466);
#7464 = CARTESIAN_POINT('',(7.62,-8.881784197001E-16,0.3));
#7465 = DIRECTION('',(0.,0.,1.));
#7466 = DIRECTION('',(-2.22044604925E-16,-1.,0.));
#7467 = ORIENTED_EDGE('',*,*,#7453,.F.);
#7468 = ORIENTED_EDGE('',*,*,#6940,.F.);
#7469 = CYLINDRICAL_SURFACE('',#7470,0.762);
#7470 = AXIS2_PLACEMENT_3D('',#7471,#7472,#7473);
#7471 = CARTESIAN_POINT('',(7.62,-8.881784197001E-16,1.3));
#7472 = DIRECTION('',(0.,0.,1.));
#7473 = DIRECTION('',(-2.22044604925E-16,-1.,0.));
#7474 = ADVANCED_FACE('',(#7475,#7478),#7489,.F.);
#7475 = FACE_BOUND('',#7476,.F.);
#7476 = EDGE_LOOP('',(#7477));
#7477 = ORIENTED_EDGE('',*,*,#7011,.F.);
#7478 = FACE_BOUND('',#7479,.F.);
#7479 = EDGE_LOOP('',(#7480));
#7480 = ORIENTED_EDGE('',*,*,#7481,.F.);
#7481 = EDGE_CURVE('',#7482,#7482,#7484,.T.);
#7482 = VERTEX_POINT('',#7483);
#7483 = CARTESIAN_POINT('',(-4.440892098501E-16,-5.842,4.007));
#7484 = CIRCLE('',#7485,0.762);
#7485 = AXIS2_PLACEMENT_3D('',#7486,#7487,#7488);
#7486 = CARTESIAN_POINT('',(-2.763905940002E-16,-5.08,4.007));
#7487 = DIRECTION('',(-0.,0.,-1.));
#7488 = DIRECTION('',(-3.445092848398E-16,-1.,0.));
#7489 = PLANE('',#7490);
#7490 = AXIS2_PLACEMENT_3D('',#7491,#7492,#7493);
#7491 = CARTESIAN_POINT('',(-6.346981806075E-17,-4.218,4.007));
#7492 = DIRECTION('',(-0.,0.,-1.));
#7493 = DIRECTION('',(-3.445092848398E-16,-1.,0.));
#7494 = ADVANCED_FACE('',(#7495,#7498),#7509,.F.);
#7495 = FACE_BOUND('',#7496,.F.);
#7496 = EDGE_LOOP('',(#7497));
#7497 = ORIENTED_EDGE('',*,*,#7036,.F.);
#7498 = FACE_BOUND('',#7499,.F.);
#7499 = EDGE_LOOP('',(#7500));
#7500 = ORIENTED_EDGE('',*,*,#7501,.F.);
#7501 = EDGE_CURVE('',#7502,#7502,#7504,.T.);
#7502 = VERTEX_POINT('',#7503);
#7503 = CARTESIAN_POINT('',(4.440892098501E-16,-3.302,4.007));
#7504 = CIRCLE('',#7505,0.762);
#7505 = AXIS2_PLACEMENT_3D('',#7506,#7507,#7508);
#7506 = CARTESIAN_POINT('',(6.117878256999E-16,-2.54,4.007));
#7507 = DIRECTION('',(-0.,0.,-1.));
#7508 = DIRECTION('',(-3.445092848398E-16,-1.,0.));
#7509 = PLANE('',#7510);
#7510 = AXIS2_PLACEMENT_3D('',#7511,#7512,#7513);
#7511 = CARTESIAN_POINT('',(8.247086016394E-16,-1.678,4.007));
#7512 = DIRECTION('',(-0.,0.,-1.));
#7513 = DIRECTION('',(-3.445092848398E-16,-1.,0.));
#7514 = ADVANCED_FACE('',(#7515,#7518),#7529,.F.);
#7515 = FACE_BOUND('',#7516,.F.);
#7516 = EDGE_LOOP('',(#7517));
#7517 = ORIENTED_EDGE('',*,*,#7061,.F.);
#7518 = FACE_BOUND('',#7519,.F.);
#7519 = EDGE_LOOP('',(#7520));
#7520 = ORIENTED_EDGE('',*,*,#7521,.F.);
#7521 = EDGE_CURVE('',#7522,#7522,#7524,.T.);
#7522 = VERTEX_POINT('',#7523);
#7523 = CARTESIAN_POINT('',(1.33226762955E-15,-0.762,4.007));
#7524 = CIRCLE('',#7525,0.762);
#7525 = AXIS2_PLACEMENT_3D('',#7526,#7527,#7528);
#7526 = CARTESIAN_POINT('',(1.4999662454E-15,1.33226762955E-15,4.007));
#7527 = DIRECTION('',(-0.,0.,-1.));
#7528 = DIRECTION('',(-3.445092848398E-16,-1.,0.));
#7529 = PLANE('',#7530);
#7530 = AXIS2_PLACEMENT_3D('',#7531,#7532,#7533);
#7531 = CARTESIAN_POINT('',(1.71288702134E-15,0.862,4.007));
#7532 = DIRECTION('',(-0.,0.,-1.));
#7533 = DIRECTION('',(-3.445092848398E-16,-1.,0.));
#7534 = ADVANCED_FACE('',(#7535,#7538),#7549,.F.);
#7535 = FACE_BOUND('',#7536,.F.);
#7536 = EDGE_LOOP('',(#7537));
#7537 = ORIENTED_EDGE('',*,*,#7086,.F.);
#7538 = FACE_BOUND('',#7539,.F.);
#7539 = EDGE_LOOP('',(#7540));
#7540 = ORIENTED_EDGE('',*,*,#7541,.F.);
#7541 = EDGE_CURVE('',#7542,#7542,#7544,.T.);
#7542 = VERTEX_POINT('',#7543);
#7543 = CARTESIAN_POINT('',(-1.33226762955E-15,-8.382,4.007));
#7544 = CIRCLE('',#7545,0.762);
#7545 = AXIS2_PLACEMENT_3D('',#7546,#7547,#7548);
#7546 = CARTESIAN_POINT('',(-1.1645690137E-15,-7.62,4.007));
#7547 = DIRECTION('',(-0.,0.,-1.));
#7548 = DIRECTION('',(-3.445092848398E-16,-1.,0.));
#7549 = PLANE('',#7550);
#7550 = AXIS2_PLACEMENT_3D('',#7551,#7552,#7553);
#7551 = CARTESIAN_POINT('',(-9.516482377609E-16,-6.758,4.007));
#7552 = DIRECTION('',(-0.,0.,-1.));
#7553 = DIRECTION('',(-3.445092848398E-16,-1.,0.));
#7554 = ADVANCED_FACE('',(#7555,#7558),#7569,.F.);
#7555 = FACE_BOUND('',#7556,.F.);
#7556 = EDGE_LOOP('',(#7557));
#7557 = ORIENTED_EDGE('',*,*,#7174,.F.);
#7558 = FACE_BOUND('',#7559,.F.);
#7559 = EDGE_LOOP('',(#7560));
#7560 = ORIENTED_EDGE('',*,*,#7561,.F.);
#7561 = EDGE_CURVE('',#7562,#7562,#7564,.T.);
#7562 = VERTEX_POINT('',#7563);
#7563 = CARTESIAN_POINT('',(7.62,-4.318,4.007));
#7564 = CIRCLE('',#7565,0.762);
#7565 = AXIS2_PLACEMENT_3D('',#7566,#7567,#7568);
#7566 = CARTESIAN_POINT('',(7.62,-5.08,4.007));
#7567 = DIRECTION('',(0.,0.,-1.));
#7568 = DIRECTION('',(2.22044604925E-16,1.,0.));
#7569 = PLANE('',#7570);
#7570 = AXIS2_PLACEMENT_3D('',#7571,#7572,#7573);
#7571 = CARTESIAN_POINT('',(7.62,-5.942,4.007));
#7572 = DIRECTION('',(0.,0.,-1.));
#7573 = DIRECTION('',(2.22044604925E-16,1.,0.));
#7574 = ADVANCED_FACE('',(#7575,#7578),#7589,.F.);
#7575 = FACE_BOUND('',#7576,.F.);
#7576 = EDGE_LOOP('',(#7577));
#7577 = ORIENTED_EDGE('',*,*,#7199,.F.);
#7578 = FACE_BOUND('',#7579,.F.);
#7579 = EDGE_LOOP('',(#7580));
#7580 = ORIENTED_EDGE('',*,*,#7581,.F.);
#7581 = EDGE_CURVE('',#7582,#7582,#7584,.T.);
#7582 = VERTEX_POINT('',#7583);
#7583 = CARTESIAN_POINT('',(7.62,-1.778,4.007));
#7584 = CIRCLE('',#7585,0.762);
#7585 = AXIS2_PLACEMENT_3D('',#7586,#7587,#7588);
#7586 = CARTESIAN_POINT('',(7.62,-2.54,4.007));
#7587 = DIRECTION('',(0.,0.,-1.));
#7588 = DIRECTION('',(2.22044604925E-16,1.,0.));
#7589 = PLANE('',#7590);
#7590 = AXIS2_PLACEMENT_3D('',#7591,#7592,#7593);
#7591 = CARTESIAN_POINT('',(7.62,-3.402,4.007));
#7592 = DIRECTION('',(0.,0.,-1.));
#7593 = DIRECTION('',(2.22044604925E-16,1.,0.));
#7594 = ADVANCED_FACE('',(#7595,#7598),#7609,.F.);
#7595 = FACE_BOUND('',#7596,.F.);
#7596 = EDGE_LOOP('',(#7597));
#7597 = ORIENTED_EDGE('',*,*,#7224,.F.);
#7598 = FACE_BOUND('',#7599,.F.);
#7599 = EDGE_LOOP('',(#7600));
#7600 = ORIENTED_EDGE('',*,*,#7601,.F.);
#7601 = EDGE_CURVE('',#7602,#7602,#7604,.T.);
#7602 = VERTEX_POINT('',#7603);
#7603 = CARTESIAN_POINT('',(7.62,0.762,4.007));
#7604 = CIRCLE('',#7605,0.762);
#7605 = AXIS2_PLACEMENT_3D('',#7606,#7607,#7608);
#7606 = CARTESIAN_POINT('',(7.62,-8.881784197001E-16,4.007));
#7607 = DIRECTION('',(0.,0.,-1.));
#7608 = DIRECTION('',(2.22044604925E-16,1.,0.));
#7609 = PLANE('',#7610);
#7610 = AXIS2_PLACEMENT_3D('',#7611,#7612,#7613);
#7611 = CARTESIAN_POINT('',(7.62,-0.862,4.007));
#7612 = DIRECTION('',(0.,0.,-1.));
#7613 = DIRECTION('',(2.22044604925E-16,1.,0.));
#7614 = ADVANCED_FACE('',(#7615,#7618),#7629,.F.);
#7615 = FACE_BOUND('',#7616,.F.);
#7616 = EDGE_LOOP('',(#7617));
#7617 = ORIENTED_EDGE('',*,*,#7249,.F.);
#7618 = FACE_BOUND('',#7619,.F.);
#7619 = EDGE_LOOP('',(#7620));
#7620 = ORIENTED_EDGE('',*,*,#7621,.F.);
#7621 = EDGE_CURVE('',#7622,#7622,#7624,.T.);
#7622 = VERTEX_POINT('',#7623);
#7623 = CARTESIAN_POINT('',(7.62,-6.858,4.007));
#7624 = CIRCLE('',#7625,0.762);
#7625 = AXIS2_PLACEMENT_3D('',#7626,#7627,#7628);
#7626 = CARTESIAN_POINT('',(7.62,-7.62,4.007));
#7627 = DIRECTION('',(0.,0.,-1.));
#7628 = DIRECTION('',(2.22044604925E-16,1.,0.));
#7629 = PLANE('',#7630);
#7630 = AXIS2_PLACEMENT_3D('',#7631,#7632,#7633);
#7631 = CARTESIAN_POINT('',(7.62,-8.482,4.007));
#7632 = DIRECTION('',(0.,0.,-1.));
#7633 = DIRECTION('',(2.22044604925E-16,1.,0.));
#7634 = ADVANCED_FACE('',(#7635),#7654,.T.);
#7635 = FACE_BOUND('',#7636,.T.);
#7636 = EDGE_LOOP('',(#7637,#7646,#7652,#7653));
#7637 = ORIENTED_EDGE('',*,*,#7638,.T.);
#7638 = EDGE_CURVE('',#7639,#7639,#7641,.T.);
#7639 = VERTEX_POINT('',#7640);
#7640 = CARTESIAN_POINT('',(7.62,-8.082,0.));
#7641 = CIRCLE('',#7642,0.462);
#7642 = AXIS2_PLACEMENT_3D('',#7643,#7644,#7645);
#7643 = CARTESIAN_POINT('',(7.62,-7.62,0.));
#7644 = DIRECTION('',(0.,0.,1.));
#7645 = DIRECTION('',(-2.22044604925E-16,-1.,0.));
#7646 = ORIENTED_EDGE('',*,*,#7647,.F.);
#7647 = EDGE_CURVE('',#7279,#7639,#7648,.T.);
#7648 = LINE('',#7649,#7650);
#7649 = CARTESIAN_POINT('',(7.62,-8.382,0.3));
#7650 = VECTOR('',#7651,1.);
#7651 = DIRECTION('',(1.570092458683E-16,0.707106781187,-0.707106781187)
  );
#7652 = ORIENTED_EDGE('',*,*,#7286,.F.);
#7653 = ORIENTED_EDGE('',*,*,#7647,.T.);
#7654 = CONICAL_SURFACE('',#7655,0.762,0.785398163397);
#7655 = AXIS2_PLACEMENT_3D('',#7656,#7657,#7658);
#7656 = CARTESIAN_POINT('',(7.62,-7.62,0.3));
#7657 = DIRECTION('',(0.,0.,1.));
#7658 = DIRECTION('',(-2.22044604925E-16,-1.,0.));
#7659 = ADVANCED_FACE('',(#7660),#7679,.T.);
#7660 = FACE_BOUND('',#7661,.T.);
#7661 = EDGE_LOOP('',(#7662,#7671,#7677,#7678));
#7662 = ORIENTED_EDGE('',*,*,#7663,.T.);
#7663 = EDGE_CURVE('',#7664,#7664,#7666,.T.);
#7664 = VERTEX_POINT('',#7665);
#7665 = CARTESIAN_POINT('',(7.62,-3.002,0.));
#7666 = CIRCLE('',#7667,0.462);
#7667 = AXIS2_PLACEMENT_3D('',#7668,#7669,#7670);
#7668 = CARTESIAN_POINT('',(7.62,-2.54,0.));
#7669 = DIRECTION('',(0.,0.,1.));
#7670 = DIRECTION('',(-2.22044604925E-16,-1.,0.));
#7671 = ORIENTED_EDGE('',*,*,#7672,.F.);
#7672 = EDGE_CURVE('',#7304,#7664,#7673,.T.);
#7673 = LINE('',#7674,#7675);
#7674 = CARTESIAN_POINT('',(7.62,-3.302,0.3));
#7675 = VECTOR('',#7676,1.);
#7676 = DIRECTION('',(1.570092458683E-16,0.707106781187,-0.707106781187)
  );
#7677 = ORIENTED_EDGE('',*,*,#7311,.F.);
#7678 = ORIENTED_EDGE('',*,*,#7672,.T.);
#7679 = CONICAL_SURFACE('',#7680,0.762,0.785398163397);
#7680 = AXIS2_PLACEMENT_3D('',#7681,#7682,#7683);
#7681 = CARTESIAN_POINT('',(7.62,-2.54,0.3));
#7682 = DIRECTION('',(0.,0.,1.));
#7683 = DIRECTION('',(-2.22044604925E-16,-1.,0.));
#7684 = ADVANCED_FACE('',(#7685),#7704,.T.);
#7685 = FACE_BOUND('',#7686,.T.);
#7686 = EDGE_LOOP('',(#7687,#7696,#7702,#7703));
#7687 = ORIENTED_EDGE('',*,*,#7688,.T.);
#7688 = EDGE_CURVE('',#7689,#7689,#7691,.T.);
#7689 = VERTEX_POINT('',#7690);
#7690 = CARTESIAN_POINT('',(7.62,-5.542,0.));
#7691 = CIRCLE('',#7692,0.462);
#7692 = AXIS2_PLACEMENT_3D('',#7693,#7694,#7695);
#7693 = CARTESIAN_POINT('',(7.62,-5.08,0.));
#7694 = DIRECTION('',(0.,0.,1.));
#7695 = DIRECTION('',(-2.22044604925E-16,-1.,0.));
#7696 = ORIENTED_EDGE('',*,*,#7697,.F.);
#7697 = EDGE_CURVE('',#7329,#7689,#7698,.T.);
#7698 = LINE('',#7699,#7700);
#7699 = CARTESIAN_POINT('',(7.62,-5.842,0.3));
#7700 = VECTOR('',#7701,1.);
#7701 = DIRECTION('',(1.570092458683E-16,0.707106781187,-0.707106781187)
  );
#7702 = ORIENTED_EDGE('',*,*,#7336,.F.);
#7703 = ORIENTED_EDGE('',*,*,#7697,.T.);
#7704 = CONICAL_SURFACE('',#7705,0.762,0.785398163397);
#7705 = AXIS2_PLACEMENT_3D('',#7706,#7707,#7708);
#7706 = CARTESIAN_POINT('',(7.62,-5.08,0.3));
#7707 = DIRECTION('',(0.,0.,1.));
#7708 = DIRECTION('',(-2.22044604925E-16,-1.,0.));
#7709 = ADVANCED_FACE('',(#7710),#7729,.T.);
#7710 = FACE_BOUND('',#7711,.T.);
#7711 = EDGE_LOOP('',(#7712,#7721,#7727,#7728));
#7712 = ORIENTED_EDGE('',*,*,#7713,.T.);
#7713 = EDGE_CURVE('',#7714,#7714,#7716,.T.);
#7714 = VERTEX_POINT('',#7715);
#7715 = CARTESIAN_POINT('',(-1.33226762955E-15,-7.158,0.));
#7716 = CIRCLE('',#7717,0.462);
#7717 = AXIS2_PLACEMENT_3D('',#7718,#7719,#7720);
#7718 = CARTESIAN_POINT('',(-1.33226762955E-15,-7.62,0.));
#7719 = DIRECTION('',(0.,-0.,1.));
#7720 = DIRECTION('',(3.445092848398E-16,1.,0.));
#7721 = ORIENTED_EDGE('',*,*,#7722,.F.);
#7722 = EDGE_CURVE('',#7354,#7714,#7723,.T.);
#7723 = LINE('',#7724,#7725);
#7724 = CARTESIAN_POINT('',(-1.069751554502E-15,-6.858,0.3));
#7725 = VECTOR('',#7726,1.);
#7726 = DIRECTION('',(-2.436048514917E-16,-0.707106781187,
    -0.707106781187));
#7727 = ORIENTED_EDGE('',*,*,#7361,.F.);
#7728 = ORIENTED_EDGE('',*,*,#7722,.T.);
#7729 = CONICAL_SURFACE('',#7730,0.762,0.785398163397);
#7730 = AXIS2_PLACEMENT_3D('',#7731,#7732,#7733);
#7731 = CARTESIAN_POINT('',(-1.33226762955E-15,-7.62,0.3));
#7732 = DIRECTION('',(0.,0.,1.));
#7733 = DIRECTION('',(3.445092848398E-16,1.,-0.));
#7734 = ADVANCED_FACE('',(#7735),#7754,.T.);
#7735 = FACE_BOUND('',#7736,.T.);
#7736 = EDGE_LOOP('',(#7737,#7746,#7752,#7753));
#7737 = ORIENTED_EDGE('',*,*,#7738,.T.);
#7738 = EDGE_CURVE('',#7739,#7739,#7741,.T.);
#7739 = VERTEX_POINT('',#7740);
#7740 = CARTESIAN_POINT('',(-4.440892098501E-16,-4.618,0.));
#7741 = CIRCLE('',#7742,0.462);
#7742 = AXIS2_PLACEMENT_3D('',#7743,#7744,#7745);
#7743 = CARTESIAN_POINT('',(-4.440892098501E-16,-5.08,0.));
#7744 = DIRECTION('',(0.,-0.,1.));
#7745 = DIRECTION('',(3.445092848398E-16,1.,0.));
#7746 = ORIENTED_EDGE('',*,*,#7747,.F.);
#7747 = EDGE_CURVE('',#7379,#7739,#7748,.T.);
#7748 = LINE('',#7749,#7750);
#7749 = CARTESIAN_POINT('',(-1.815731348022E-16,-4.318,0.3));
#7750 = VECTOR('',#7751,1.);
#7751 = DIRECTION('',(-2.436048514917E-16,-0.707106781187,
    -0.707106781187));
#7752 = ORIENTED_EDGE('',*,*,#7386,.F.);
#7753 = ORIENTED_EDGE('',*,*,#7747,.T.);
#7754 = CONICAL_SURFACE('',#7755,0.762,0.785398163397);
#7755 = AXIS2_PLACEMENT_3D('',#7756,#7757,#7758);
#7756 = CARTESIAN_POINT('',(-4.440892098501E-16,-5.08,0.3));
#7757 = DIRECTION('',(0.,0.,1.));
#7758 = DIRECTION('',(3.445092848398E-16,1.,-0.));
#7759 = ADVANCED_FACE('',(#7760),#7779,.T.);
#7760 = FACE_BOUND('',#7761,.T.);
#7761 = EDGE_LOOP('',(#7762,#7771,#7777,#7778));
#7762 = ORIENTED_EDGE('',*,*,#7763,.T.);
#7763 = EDGE_CURVE('',#7764,#7764,#7766,.T.);
#7764 = VERTEX_POINT('',#7765);
#7765 = CARTESIAN_POINT('',(4.440892098501E-16,-2.078,0.));
#7766 = CIRCLE('',#7767,0.462);
#7767 = AXIS2_PLACEMENT_3D('',#7768,#7769,#7770);
#7768 = CARTESIAN_POINT('',(4.440892098501E-16,-2.54,0.));
#7769 = DIRECTION('',(0.,-0.,1.));
#7770 = DIRECTION('',(3.445092848398E-16,1.,0.));
#7771 = ORIENTED_EDGE('',*,*,#7772,.F.);
#7772 = EDGE_CURVE('',#7404,#7764,#7773,.T.);
#7773 = LINE('',#7774,#7775);
#7774 = CARTESIAN_POINT('',(7.06605284898E-16,-1.778,0.3));
#7775 = VECTOR('',#7776,1.);
#7776 = DIRECTION('',(-2.436048514917E-16,-0.707106781187,
    -0.707106781187));
#7777 = ORIENTED_EDGE('',*,*,#7411,.F.);
#7778 = ORIENTED_EDGE('',*,*,#7772,.T.);
#7779 = CONICAL_SURFACE('',#7780,0.762,0.785398163397);
#7780 = AXIS2_PLACEMENT_3D('',#7781,#7782,#7783);
#7781 = CARTESIAN_POINT('',(4.440892098501E-16,-2.54,0.3));
#7782 = DIRECTION('',(0.,0.,1.));
#7783 = DIRECTION('',(3.445092848398E-16,1.,-0.));
#7784 = ADVANCED_FACE('',(#7785),#7804,.T.);
#7785 = FACE_BOUND('',#7786,.T.);
#7786 = EDGE_LOOP('',(#7787,#7796,#7802,#7803));
#7787 = ORIENTED_EDGE('',*,*,#7788,.T.);
#7788 = EDGE_CURVE('',#7789,#7789,#7791,.T.);
#7789 = VERTEX_POINT('',#7790);
#7790 = CARTESIAN_POINT('',(1.33226762955E-15,0.462,0.));
#7791 = CIRCLE('',#7792,0.462);
#7792 = AXIS2_PLACEMENT_3D('',#7793,#7794,#7795);
#7793 = CARTESIAN_POINT('',(1.33226762955E-15,1.33226762955E-15,0.));
#7794 = DIRECTION('',(0.,-0.,1.));
#7795 = DIRECTION('',(3.445092848398E-16,1.,0.));
#7796 = ORIENTED_EDGE('',*,*,#7797,.F.);
#7797 = EDGE_CURVE('',#7429,#7789,#7798,.T.);
#7798 = LINE('',#7799,#7800);
#7799 = CARTESIAN_POINT('',(1.594783704598E-15,0.762,0.3));
#7800 = VECTOR('',#7801,1.);
#7801 = DIRECTION('',(-2.436048514917E-16,-0.707106781187,
    -0.707106781187));
#7802 = ORIENTED_EDGE('',*,*,#7436,.F.);
#7803 = ORIENTED_EDGE('',*,*,#7797,.T.);
#7804 = CONICAL_SURFACE('',#7805,0.762,0.785398163397);
#7805 = AXIS2_PLACEMENT_3D('',#7806,#7807,#7808);
#7806 = CARTESIAN_POINT('',(1.33226762955E-15,1.33226762955E-15,0.3));
#7807 = DIRECTION('',(0.,0.,1.));
#7808 = DIRECTION('',(3.445092848398E-16,1.,-0.));
#7809 = ADVANCED_FACE('',(#7810),#7829,.T.);
#7810 = FACE_BOUND('',#7811,.T.);
#7811 = EDGE_LOOP('',(#7812,#7821,#7827,#7828));
#7812 = ORIENTED_EDGE('',*,*,#7813,.T.);
#7813 = EDGE_CURVE('',#7814,#7814,#7816,.T.);
#7814 = VERTEX_POINT('',#7815);
#7815 = CARTESIAN_POINT('',(7.62,-0.462,0.));
#7816 = CIRCLE('',#7817,0.462);
#7817 = AXIS2_PLACEMENT_3D('',#7818,#7819,#7820);
#7818 = CARTESIAN_POINT('',(7.62,-8.881784197001E-16,0.));
#7819 = DIRECTION('',(0.,0.,1.));
#7820 = DIRECTION('',(-2.22044604925E-16,-1.,0.));
#7821 = ORIENTED_EDGE('',*,*,#7822,.F.);
#7822 = EDGE_CURVE('',#7454,#7814,#7823,.T.);
#7823 = LINE('',#7824,#7825);
#7824 = CARTESIAN_POINT('',(7.62,-0.762,0.3));
#7825 = VECTOR('',#7826,1.);
#7826 = DIRECTION('',(1.570092458683E-16,0.707106781187,-0.707106781187)
  );
#7827 = ORIENTED_EDGE('',*,*,#7461,.F.);
#7828 = ORIENTED_EDGE('',*,*,#7822,.T.);
#7829 = CONICAL_SURFACE('',#7830,0.762,0.785398163397);
#7830 = AXIS2_PLACEMENT_3D('',#7831,#7832,#7833);
#7831 = CARTESIAN_POINT('',(7.62,-8.881784197001E-16,0.3));
#7832 = DIRECTION('',(0.,0.,1.));
#7833 = DIRECTION('',(-2.22044604925E-16,-1.,0.));
#7834 = ADVANCED_FACE('',(#7835),#7854,.F.);
#7835 = FACE_BOUND('',#7836,.F.);
#7836 = EDGE_LOOP('',(#7837,#7845,#7852,#7853));
#7837 = ORIENTED_EDGE('',*,*,#7838,.T.);
#7838 = EDGE_CURVE('',#7482,#7839,#7841,.T.);
#7839 = VERTEX_POINT('',#7840);
#7840 = CARTESIAN_POINT('',(0.,-5.334,3.422612849132));
#7841 = LINE('',#7842,#7843);
#7842 = CARTESIAN_POINT('',(-3.522704968581E-16,-5.842,4.007));
#7843 = VECTOR('',#7844,1.);
#7844 = DIRECTION('',(6.533030890917E-17,0.656059028991,-0.754709580223)
  );
#7845 = ORIENTED_EDGE('',*,*,#7846,.F.);
#7846 = EDGE_CURVE('',#7839,#7839,#7847,.T.);
#7847 = CIRCLE('',#7848,0.254);
#7848 = AXIS2_PLACEMENT_3D('',#7849,#7850,#7851);
#7849 = CARTESIAN_POINT('',(-2.763905940002E-16,-5.08,3.422612849132));
#7850 = DIRECTION('',(0.,0.,-1.));
#7851 = DIRECTION('',(-1.,3.445092848398E-16,0.));
#7852 = ORIENTED_EDGE('',*,*,#7838,.F.);
#7853 = ORIENTED_EDGE('',*,*,#7481,.T.);
#7854 = CONICAL_SURFACE('',#7855,0.762,0.715584993318);
#7855 = AXIS2_PLACEMENT_3D('',#7856,#7857,#7858);
#7856 = CARTESIAN_POINT('',(-2.763905940002E-16,-5.08,4.007));
#7857 = DIRECTION('',(0.,0.,1.));
#7858 = DIRECTION('',(-3.445092848398E-16,-1.,0.));
#7859 = ADVANCED_FACE('',(#7860),#7879,.F.);
#7860 = FACE_BOUND('',#7861,.F.);
#7861 = EDGE_LOOP('',(#7862,#7870,#7877,#7878));
#7862 = ORIENTED_EDGE('',*,*,#7863,.T.);
#7863 = EDGE_CURVE('',#7502,#7864,#7866,.T.);
#7864 = VERTEX_POINT('',#7865);
#7865 = CARTESIAN_POINT('',(8.881784197001E-16,-2.794,3.422612849132));
#7866 = LINE('',#7867,#7868);
#7867 = CARTESIAN_POINT('',(5.35907922842E-16,-3.302,4.007));
#7868 = VECTOR('',#7869,1.);
#7869 = DIRECTION('',(6.533030890917E-17,0.656059028991,-0.754709580223)
  );
#7870 = ORIENTED_EDGE('',*,*,#7871,.F.);
#7871 = EDGE_CURVE('',#7864,#7864,#7872,.T.);
#7872 = CIRCLE('',#7873,0.254);
#7873 = AXIS2_PLACEMENT_3D('',#7874,#7875,#7876);
#7874 = CARTESIAN_POINT('',(6.117878256999E-16,-2.54,3.422612849132));
#7875 = DIRECTION('',(0.,0.,-1.));
#7876 = DIRECTION('',(-1.,3.445092848398E-16,0.));
#7877 = ORIENTED_EDGE('',*,*,#7863,.F.);
#7878 = ORIENTED_EDGE('',*,*,#7501,.T.);
#7879 = CONICAL_SURFACE('',#7880,0.762,0.715584993318);
#7880 = AXIS2_PLACEMENT_3D('',#7881,#7882,#7883);
#7881 = CARTESIAN_POINT('',(6.117878256999E-16,-2.54,4.007));
#7882 = DIRECTION('',(0.,0.,1.));
#7883 = DIRECTION('',(-3.445092848398E-16,-1.,0.));
#7884 = ADVANCED_FACE('',(#7885),#7904,.F.);
#7885 = FACE_BOUND('',#7886,.F.);
#7886 = EDGE_LOOP('',(#7887,#7895,#7902,#7903));
#7887 = ORIENTED_EDGE('',*,*,#7888,.T.);
#7888 = EDGE_CURVE('',#7522,#7889,#7891,.T.);
#7889 = VERTEX_POINT('',#7890);
#7890 = CARTESIAN_POINT('',(1.7763568394E-15,-0.254,3.422612849132));
#7891 = LINE('',#7892,#7893);
#7892 = CARTESIAN_POINT('',(1.424086342542E-15,-0.762,4.007));
#7893 = VECTOR('',#7894,1.);
#7894 = DIRECTION('',(6.533030890917E-17,0.656059028991,-0.754709580223)
  );
#7895 = ORIENTED_EDGE('',*,*,#7896,.F.);
#7896 = EDGE_CURVE('',#7889,#7889,#7897,.T.);
#7897 = CIRCLE('',#7898,0.254);
#7898 = AXIS2_PLACEMENT_3D('',#7899,#7900,#7901);
#7899 = CARTESIAN_POINT('',(1.4999662454E-15,1.33226762955E-15,
    3.422612849132));
#7900 = DIRECTION('',(0.,0.,-1.));
#7901 = DIRECTION('',(-1.,3.445092848398E-16,0.));
#7902 = ORIENTED_EDGE('',*,*,#7888,.F.);
#7903 = ORIENTED_EDGE('',*,*,#7521,.T.);
#7904 = CONICAL_SURFACE('',#7905,0.762,0.715584993318);
#7905 = AXIS2_PLACEMENT_3D('',#7906,#7907,#7908);
#7906 = CARTESIAN_POINT('',(1.4999662454E-15,1.33226762955E-15,4.007));
#7907 = DIRECTION('',(0.,0.,1.));
#7908 = DIRECTION('',(-3.445092848398E-16,-1.,0.));
#7909 = ADVANCED_FACE('',(#7910),#7929,.F.);
#7910 = FACE_BOUND('',#7911,.F.);
#7911 = EDGE_LOOP('',(#7912,#7920,#7927,#7928));
#7912 = ORIENTED_EDGE('',*,*,#7913,.T.);
#7913 = EDGE_CURVE('',#7542,#7914,#7916,.T.);
#7914 = VERTEX_POINT('',#7915);
#7915 = CARTESIAN_POINT('',(-8.881784197001E-16,-7.874,3.422612849132));
#7916 = LINE('',#7917,#7918);
#7917 = CARTESIAN_POINT('',(-1.240448916558E-15,-8.382,4.007));
#7918 = VECTOR('',#7919,1.);
#7919 = DIRECTION('',(6.533030890917E-17,0.656059028991,-0.754709580223)
  );
#7920 = ORIENTED_EDGE('',*,*,#7921,.F.);
#7921 = EDGE_CURVE('',#7914,#7914,#7922,.T.);
#7922 = CIRCLE('',#7923,0.254);
#7923 = AXIS2_PLACEMENT_3D('',#7924,#7925,#7926);
#7924 = CARTESIAN_POINT('',(-1.1645690137E-15,-7.62,3.422612849132));
#7925 = DIRECTION('',(0.,0.,-1.));
#7926 = DIRECTION('',(-1.,3.445092848398E-16,0.));
#7927 = ORIENTED_EDGE('',*,*,#7913,.F.);
#7928 = ORIENTED_EDGE('',*,*,#7541,.T.);
#7929 = CONICAL_SURFACE('',#7930,0.762,0.715584993318);
#7930 = AXIS2_PLACEMENT_3D('',#7931,#7932,#7933);
#7931 = CARTESIAN_POINT('',(-1.1645690137E-15,-7.62,4.007));
#7932 = DIRECTION('',(0.,0.,1.));
#7933 = DIRECTION('',(-3.445092848398E-16,-1.,0.));
#7934 = ADVANCED_FACE('',(#7935),#7954,.F.);
#7935 = FACE_BOUND('',#7936,.F.);
#7936 = EDGE_LOOP('',(#7937,#7945,#7952,#7953));
#7937 = ORIENTED_EDGE('',*,*,#7938,.T.);
#7938 = EDGE_CURVE('',#7562,#7939,#7941,.T.);
#7939 = VERTEX_POINT('',#7940);
#7940 = CARTESIAN_POINT('',(7.62,-4.826,3.422612849132));
#7941 = LINE('',#7942,#7943);
#7942 = CARTESIAN_POINT('',(7.62,-4.318,4.007));
#7943 = VECTOR('',#7944,1.);
#7944 = DIRECTION('',(1.501375008128E-17,-0.656059028991,-0.754709580223
    ));
#7945 = ORIENTED_EDGE('',*,*,#7946,.F.);
#7946 = EDGE_CURVE('',#7939,#7939,#7947,.T.);
#7947 = CIRCLE('',#7948,0.254);
#7948 = AXIS2_PLACEMENT_3D('',#7949,#7950,#7951);
#7949 = CARTESIAN_POINT('',(7.62,-5.08,3.422612849132));
#7950 = DIRECTION('',(0.,-0.,-1.));
#7951 = DIRECTION('',(1.,-2.22044604925E-16,0.));
#7952 = ORIENTED_EDGE('',*,*,#7938,.F.);
#7953 = ORIENTED_EDGE('',*,*,#7561,.T.);
#7954 = CONICAL_SURFACE('',#7955,0.762,0.715584993318);
#7955 = AXIS2_PLACEMENT_3D('',#7956,#7957,#7958);
#7956 = CARTESIAN_POINT('',(7.62,-5.08,4.007));
#7957 = DIRECTION('',(0.,0.,1.));
#7958 = DIRECTION('',(2.22044604925E-16,1.,-0.));
#7959 = ADVANCED_FACE('',(#7960),#7979,.F.);
#7960 = FACE_BOUND('',#7961,.F.);
#7961 = EDGE_LOOP('',(#7962,#7970,#7977,#7978));
#7962 = ORIENTED_EDGE('',*,*,#7963,.T.);
#7963 = EDGE_CURVE('',#7582,#7964,#7966,.T.);
#7964 = VERTEX_POINT('',#7965);
#7965 = CARTESIAN_POINT('',(7.62,-2.286,3.422612849132));
#7966 = LINE('',#7967,#7968);
#7967 = CARTESIAN_POINT('',(7.62,-1.778,4.007));
#7968 = VECTOR('',#7969,1.);
#7969 = DIRECTION('',(1.501375008128E-17,-0.656059028991,-0.754709580223
    ));
#7970 = ORIENTED_EDGE('',*,*,#7971,.F.);
#7971 = EDGE_CURVE('',#7964,#7964,#7972,.T.);
#7972 = CIRCLE('',#7973,0.254);
#7973 = AXIS2_PLACEMENT_3D('',#7974,#7975,#7976);
#7974 = CARTESIAN_POINT('',(7.62,-2.54,3.422612849132));
#7975 = DIRECTION('',(0.,-0.,-1.));
#7976 = DIRECTION('',(1.,-2.22044604925E-16,0.));
#7977 = ORIENTED_EDGE('',*,*,#7963,.F.);
#7978 = ORIENTED_EDGE('',*,*,#7581,.T.);
#7979 = CONICAL_SURFACE('',#7980,0.762,0.715584993318);
#7980 = AXIS2_PLACEMENT_3D('',#7981,#7982,#7983);
#7981 = CARTESIAN_POINT('',(7.62,-2.54,4.007));
#7982 = DIRECTION('',(0.,0.,1.));
#7983 = DIRECTION('',(2.22044604925E-16,1.,-0.));
#7984 = ADVANCED_FACE('',(#7985),#8004,.F.);
#7985 = FACE_BOUND('',#7986,.F.);
#7986 = EDGE_LOOP('',(#7987,#7995,#8002,#8003));
#7987 = ORIENTED_EDGE('',*,*,#7988,.T.);
#7988 = EDGE_CURVE('',#7602,#7989,#7991,.T.);
#7989 = VERTEX_POINT('',#7990);
#7990 = CARTESIAN_POINT('',(7.62,0.254,3.422612849132));
#7991 = LINE('',#7992,#7993);
#7992 = CARTESIAN_POINT('',(7.62,0.762,4.007));
#7993 = VECTOR('',#7994,1.);
#7994 = DIRECTION('',(1.501375008128E-17,-0.656059028991,-0.754709580223
    ));
#7995 = ORIENTED_EDGE('',*,*,#7996,.F.);
#7996 = EDGE_CURVE('',#7989,#7989,#7997,.T.);
#7997 = CIRCLE('',#7998,0.254);
#7998 = AXIS2_PLACEMENT_3D('',#7999,#8000,#8001);
#7999 = CARTESIAN_POINT('',(7.62,-8.881784197001E-16,3.422612849132));
#8000 = DIRECTION('',(0.,-0.,-1.));
#8001 = DIRECTION('',(1.,-2.22044604925E-16,0.));
#8002 = ORIENTED_EDGE('',*,*,#7988,.F.);
#8003 = ORIENTED_EDGE('',*,*,#7601,.T.);
#8004 = CONICAL_SURFACE('',#8005,0.762,0.715584993318);
#8005 = AXIS2_PLACEMENT_3D('',#8006,#8007,#8008);
#8006 = CARTESIAN_POINT('',(7.62,-8.881784197001E-16,4.007));
#8007 = DIRECTION('',(0.,0.,1.));
#8008 = DIRECTION('',(2.22044604925E-16,1.,-0.));
#8009 = ADVANCED_FACE('',(#8010),#8029,.F.);
#8010 = FACE_BOUND('',#8011,.F.);
#8011 = EDGE_LOOP('',(#8012,#8020,#8027,#8028));
#8012 = ORIENTED_EDGE('',*,*,#8013,.T.);
#8013 = EDGE_CURVE('',#7622,#8014,#8016,.T.);
#8014 = VERTEX_POINT('',#8015);
#8015 = CARTESIAN_POINT('',(7.62,-7.366,3.422612849132));
#8016 = LINE('',#8017,#8018);
#8017 = CARTESIAN_POINT('',(7.62,-6.858,4.007));
#8018 = VECTOR('',#8019,1.);
#8019 = DIRECTION('',(1.501375008128E-17,-0.656059028991,-0.754709580223
    ));
#8020 = ORIENTED_EDGE('',*,*,#8021,.F.);
#8021 = EDGE_CURVE('',#8014,#8014,#8022,.T.);
#8022 = CIRCLE('',#8023,0.254);
#8023 = AXIS2_PLACEMENT_3D('',#8024,#8025,#8026);
#8024 = CARTESIAN_POINT('',(7.62,-7.62,3.422612849132));
#8025 = DIRECTION('',(0.,-0.,-1.));
#8026 = DIRECTION('',(1.,-2.22044604925E-16,0.));
#8027 = ORIENTED_EDGE('',*,*,#8013,.F.);
#8028 = ORIENTED_EDGE('',*,*,#7621,.T.);
#8029 = CONICAL_SURFACE('',#8030,0.762,0.715584993318);
#8030 = AXIS2_PLACEMENT_3D('',#8031,#8032,#8033);
#8031 = CARTESIAN_POINT('',(7.62,-7.62,4.007));
#8032 = DIRECTION('',(0.,0.,1.));
#8033 = DIRECTION('',(2.22044604925E-16,1.,-0.));
#8034 = ADVANCED_FACE('',(#8035,#8038),#8049,.T.);
#8035 = FACE_BOUND('',#8036,.T.);
#8036 = EDGE_LOOP('',(#8037));
#8037 = ORIENTED_EDGE('',*,*,#7638,.F.);
#8038 = FACE_BOUND('',#8039,.T.);
#8039 = EDGE_LOOP('',(#8040));
#8040 = ORIENTED_EDGE('',*,*,#8041,.T.);
#8041 = EDGE_CURVE('',#8042,#8042,#8044,.T.);
#8042 = VERTEX_POINT('',#8043);
#8043 = CARTESIAN_POINT('',(7.62,-7.874,0.));
#8044 = CIRCLE('',#8045,0.254);
#8045 = AXIS2_PLACEMENT_3D('',#8046,#8047,#8048);
#8046 = CARTESIAN_POINT('',(7.62,-7.62,0.));
#8047 = DIRECTION('',(0.,0.,1.));
#8048 = DIRECTION('',(-2.22044604925E-16,-1.,0.));
#8049 = PLANE('',#8050);
#8050 = AXIS2_PLACEMENT_3D('',#8051,#8052,#8053);
#8051 = CARTESIAN_POINT('',(7.62,-8.382,0.));
#8052 = DIRECTION('',(0.,0.,-1.));
#8053 = DIRECTION('',(2.22044604925E-16,1.,0.));
#8054 = ADVANCED_FACE('',(#8055,#8058),#8069,.T.);
#8055 = FACE_BOUND('',#8056,.T.);
#8056 = EDGE_LOOP('',(#8057));
#8057 = ORIENTED_EDGE('',*,*,#7663,.F.);
#8058 = FACE_BOUND('',#8059,.T.);
#8059 = EDGE_LOOP('',(#8060));
#8060 = ORIENTED_EDGE('',*,*,#8061,.T.);
#8061 = EDGE_CURVE('',#8062,#8062,#8064,.T.);
#8062 = VERTEX_POINT('',#8063);
#8063 = CARTESIAN_POINT('',(7.62,-2.794,0.));
#8064 = CIRCLE('',#8065,0.254);
#8065 = AXIS2_PLACEMENT_3D('',#8066,#8067,#8068);
#8066 = CARTESIAN_POINT('',(7.62,-2.54,0.));
#8067 = DIRECTION('',(0.,0.,1.));
#8068 = DIRECTION('',(-2.22044604925E-16,-1.,0.));
#8069 = PLANE('',#8070);
#8070 = AXIS2_PLACEMENT_3D('',#8071,#8072,#8073);
#8071 = CARTESIAN_POINT('',(7.62,-3.302,0.));
#8072 = DIRECTION('',(0.,0.,-1.));
#8073 = DIRECTION('',(2.22044604925E-16,1.,0.));
#8074 = ADVANCED_FACE('',(#8075,#8078),#8089,.T.);
#8075 = FACE_BOUND('',#8076,.T.);
#8076 = EDGE_LOOP('',(#8077));
#8077 = ORIENTED_EDGE('',*,*,#7688,.F.);
#8078 = FACE_BOUND('',#8079,.T.);
#8079 = EDGE_LOOP('',(#8080));
#8080 = ORIENTED_EDGE('',*,*,#8081,.T.);
#8081 = EDGE_CURVE('',#8082,#8082,#8084,.T.);
#8082 = VERTEX_POINT('',#8083);
#8083 = CARTESIAN_POINT('',(7.62,-5.334,0.));
#8084 = CIRCLE('',#8085,0.254);
#8085 = AXIS2_PLACEMENT_3D('',#8086,#8087,#8088);
#8086 = CARTESIAN_POINT('',(7.62,-5.08,0.));
#8087 = DIRECTION('',(0.,0.,1.));
#8088 = DIRECTION('',(-2.22044604925E-16,-1.,0.));
#8089 = PLANE('',#8090);
#8090 = AXIS2_PLACEMENT_3D('',#8091,#8092,#8093);
#8091 = CARTESIAN_POINT('',(7.62,-5.842,0.));
#8092 = DIRECTION('',(0.,0.,-1.));
#8093 = DIRECTION('',(2.22044604925E-16,1.,0.));
#8094 = ADVANCED_FACE('',(#8095,#8098),#8109,.T.);
#8095 = FACE_BOUND('',#8096,.T.);
#8096 = EDGE_LOOP('',(#8097));
#8097 = ORIENTED_EDGE('',*,*,#7713,.F.);
#8098 = FACE_BOUND('',#8099,.T.);
#8099 = EDGE_LOOP('',(#8100));
#8100 = ORIENTED_EDGE('',*,*,#8101,.T.);
#8101 = EDGE_CURVE('',#8102,#8102,#8104,.T.);
#8102 = VERTEX_POINT('',#8103);
#8103 = CARTESIAN_POINT('',(-1.33226762955E-15,-7.366,0.));
#8104 = CIRCLE('',#8105,0.254);
#8105 = AXIS2_PLACEMENT_3D('',#8106,#8107,#8108);
#8106 = CARTESIAN_POINT('',(-1.299758428524E-15,-7.62,0.));
#8107 = DIRECTION('',(0.,-0.,1.));
#8108 = DIRECTION('',(3.445092848398E-16,1.,0.));
#8109 = PLANE('',#8110);
#8110 = AXIS2_PLACEMENT_3D('',#8111,#8112,#8113);
#8111 = CARTESIAN_POINT('',(-1.069751554502E-15,-6.858,0.));
#8112 = DIRECTION('',(-0.,0.,-1.));
#8113 = DIRECTION('',(-3.445092848398E-16,-1.,0.));
#8114 = ADVANCED_FACE('',(#8115,#8118),#8129,.T.);
#8115 = FACE_BOUND('',#8116,.T.);
#8116 = EDGE_LOOP('',(#8117));
#8117 = ORIENTED_EDGE('',*,*,#7738,.F.);
#8118 = FACE_BOUND('',#8119,.T.);
#8119 = EDGE_LOOP('',(#8120));
#8120 = ORIENTED_EDGE('',*,*,#8121,.T.);
#8121 = EDGE_CURVE('',#8122,#8122,#8124,.T.);
#8122 = VERTEX_POINT('',#8123);
#8123 = CARTESIAN_POINT('',(-4.440892098501E-16,-4.826,0.));
#8124 = CIRCLE('',#8125,0.254);
#8125 = AXIS2_PLACEMENT_3D('',#8126,#8127,#8128);
#8126 = CARTESIAN_POINT('',(-4.115800088235E-16,-5.08,0.));
#8127 = DIRECTION('',(0.,-0.,1.));
#8128 = DIRECTION('',(3.445092848398E-16,1.,0.));
#8129 = PLANE('',#8130);
#8130 = AXIS2_PLACEMENT_3D('',#8131,#8132,#8133);
#8131 = CARTESIAN_POINT('',(-1.815731348022E-16,-4.318,0.));
#8132 = DIRECTION('',(-0.,0.,-1.));
#8133 = DIRECTION('',(-3.445092848398E-16,-1.,0.));
#8134 = ADVANCED_FACE('',(#8135,#8138),#8149,.T.);
#8135 = FACE_BOUND('',#8136,.T.);
#8136 = EDGE_LOOP('',(#8137));
#8137 = ORIENTED_EDGE('',*,*,#7763,.F.);
#8138 = FACE_BOUND('',#8139,.T.);
#8139 = EDGE_LOOP('',(#8140));
#8140 = ORIENTED_EDGE('',*,*,#8141,.T.);
#8141 = EDGE_CURVE('',#8142,#8142,#8144,.T.);
#8142 = VERTEX_POINT('',#8143);
#8143 = CARTESIAN_POINT('',(4.440892098501E-16,-2.286,0.));
#8144 = CIRCLE('',#8145,0.254);
#8145 = AXIS2_PLACEMENT_3D('',#8146,#8147,#8148);
#8146 = CARTESIAN_POINT('',(4.765984108766E-16,-2.54,0.));
#8147 = DIRECTION('',(0.,-0.,1.));
#8148 = DIRECTION('',(3.445092848398E-16,1.,0.));
#8149 = PLANE('',#8150);
#8150 = AXIS2_PLACEMENT_3D('',#8151,#8152,#8153);
#8151 = CARTESIAN_POINT('',(7.06605284898E-16,-1.778,0.));
#8152 = DIRECTION('',(-0.,0.,-1.));
#8153 = DIRECTION('',(-3.445092848398E-16,-1.,0.));
#8154 = ADVANCED_FACE('',(#8155,#8158),#8169,.T.);
#8155 = FACE_BOUND('',#8156,.T.);
#8156 = EDGE_LOOP('',(#8157));
#8157 = ORIENTED_EDGE('',*,*,#7788,.F.);
#8158 = FACE_BOUND('',#8159,.T.);
#8159 = EDGE_LOOP('',(#8160));
#8160 = ORIENTED_EDGE('',*,*,#8161,.T.);
#8161 = EDGE_CURVE('',#8162,#8162,#8164,.T.);
#8162 = VERTEX_POINT('',#8163);
#8163 = CARTESIAN_POINT('',(1.33226762955E-15,0.254,0.));
#8164 = CIRCLE('',#8165,0.254);
#8165 = AXIS2_PLACEMENT_3D('',#8166,#8167,#8168);
#8166 = CARTESIAN_POINT('',(1.364776830577E-15,1.276756478319E-15,0.));
#8167 = DIRECTION('',(0.,-0.,1.));
#8168 = DIRECTION('',(3.445092848398E-16,1.,0.));
#8169 = PLANE('',#8170);
#8170 = AXIS2_PLACEMENT_3D('',#8171,#8172,#8173);
#8171 = CARTESIAN_POINT('',(1.594783704598E-15,0.762,0.));
#8172 = DIRECTION('',(-0.,0.,-1.));
#8173 = DIRECTION('',(-3.445092848398E-16,-1.,0.));
#8174 = ADVANCED_FACE('',(#8175,#8178),#8189,.T.);
#8175 = FACE_BOUND('',#8176,.T.);
#8176 = EDGE_LOOP('',(#8177));
#8177 = ORIENTED_EDGE('',*,*,#7813,.F.);
#8178 = FACE_BOUND('',#8179,.T.);
#8179 = EDGE_LOOP('',(#8180));
#8180 = ORIENTED_EDGE('',*,*,#8181,.T.);
#8181 = EDGE_CURVE('',#8182,#8182,#8184,.T.);
#8182 = VERTEX_POINT('',#8183);
#8183 = CARTESIAN_POINT('',(7.62,-0.254,0.));
#8184 = CIRCLE('',#8185,0.254);
#8185 = AXIS2_PLACEMENT_3D('',#8186,#8187,#8188);
#8186 = CARTESIAN_POINT('',(7.62,-8.326672684689E-16,0.));
#8187 = DIRECTION('',(0.,0.,1.));
#8188 = DIRECTION('',(-2.22044604925E-16,-1.,0.));
#8189 = PLANE('',#8190);
#8190 = AXIS2_PLACEMENT_3D('',#8191,#8192,#8193);
#8191 = CARTESIAN_POINT('',(7.62,-0.762,0.));
#8192 = DIRECTION('',(0.,0.,-1.));
#8193 = DIRECTION('',(2.22044604925E-16,1.,0.));
#8194 = ADVANCED_FACE('',(#8195),#8214,.F.);
#8195 = FACE_BOUND('',#8196,.F.);
#8196 = EDGE_LOOP('',(#8197,#8205,#8212,#8213));
#8197 = ORIENTED_EDGE('',*,*,#8198,.T.);
#8198 = EDGE_CURVE('',#7839,#8199,#8201,.T.);
#8199 = VERTEX_POINT('',#8200);
#8200 = CARTESIAN_POINT('',(0.,-5.334,1.34));
#8201 = LINE('',#8202,#8203);
#8202 = CARTESIAN_POINT('',(-3.016838949528E-16,-5.334,4.007));
#8203 = VECTOR('',#8204,1.);
#8204 = DIRECTION('',(0.,0.,-1.));
#8205 = ORIENTED_EDGE('',*,*,#8206,.F.);
#8206 = EDGE_CURVE('',#8199,#8199,#8207,.T.);
#8207 = CIRCLE('',#8208,0.254);
#8208 = AXIS2_PLACEMENT_3D('',#8209,#8210,#8211);
#8209 = CARTESIAN_POINT('',(-2.763905940002E-16,-5.08,1.34));
#8210 = DIRECTION('',(-0.,0.,-1.));
#8211 = DIRECTION('',(-3.445092848398E-16,-1.,0.));
#8212 = ORIENTED_EDGE('',*,*,#8198,.F.);
#8213 = ORIENTED_EDGE('',*,*,#7846,.T.);
#8214 = CYLINDRICAL_SURFACE('',#8215,0.254);
#8215 = AXIS2_PLACEMENT_3D('',#8216,#8217,#8218);
#8216 = CARTESIAN_POINT('',(-2.763905940002E-16,-5.08,4.007));
#8217 = DIRECTION('',(0.,0.,-1.));
#8218 = DIRECTION('',(-3.445092848398E-16,-1.,-0.));
#8219 = ADVANCED_FACE('',(#8220),#8239,.F.);
#8220 = FACE_BOUND('',#8221,.F.);
#8221 = EDGE_LOOP('',(#8222,#8230,#8237,#8238));
#8222 = ORIENTED_EDGE('',*,*,#8223,.T.);
#8223 = EDGE_CURVE('',#7864,#8224,#8226,.T.);
#8224 = VERTEX_POINT('',#8225);
#8225 = CARTESIAN_POINT('',(8.881784197001E-16,-2.794,1.34));
#8226 = LINE('',#8227,#8228);
#8227 = CARTESIAN_POINT('',(5.864945247473E-16,-2.794,4.007));
#8228 = VECTOR('',#8229,1.);
#8229 = DIRECTION('',(0.,0.,-1.));
#8230 = ORIENTED_EDGE('',*,*,#8231,.F.);
#8231 = EDGE_CURVE('',#8224,#8224,#8232,.T.);
#8232 = CIRCLE('',#8233,0.254);
#8233 = AXIS2_PLACEMENT_3D('',#8234,#8235,#8236);
#8234 = CARTESIAN_POINT('',(6.117878256999E-16,-2.54,1.34));
#8235 = DIRECTION('',(-0.,0.,-1.));
#8236 = DIRECTION('',(-3.445092848398E-16,-1.,0.));
#8237 = ORIENTED_EDGE('',*,*,#8223,.F.);
#8238 = ORIENTED_EDGE('',*,*,#7871,.T.);
#8239 = CYLINDRICAL_SURFACE('',#8240,0.254);
#8240 = AXIS2_PLACEMENT_3D('',#8241,#8242,#8243);
#8241 = CARTESIAN_POINT('',(6.117878256999E-16,-2.54,4.007));
#8242 = DIRECTION('',(0.,0.,-1.));
#8243 = DIRECTION('',(-3.445092848398E-16,-1.,-0.));
#8244 = ADVANCED_FACE('',(#8245),#8264,.F.);
#8245 = FACE_BOUND('',#8246,.F.);
#8246 = EDGE_LOOP('',(#8247,#8255,#8262,#8263));
#8247 = ORIENTED_EDGE('',*,*,#8248,.T.);
#8248 = EDGE_CURVE('',#7889,#8249,#8251,.T.);
#8249 = VERTEX_POINT('',#8250);
#8250 = CARTESIAN_POINT('',(1.7763568394E-15,-0.254,1.34));
#8251 = LINE('',#8252,#8253);
#8252 = CARTESIAN_POINT('',(1.474672944447E-15,-0.254,4.007));
#8253 = VECTOR('',#8254,1.);
#8254 = DIRECTION('',(0.,0.,-1.));
#8255 = ORIENTED_EDGE('',*,*,#8256,.F.);
#8256 = EDGE_CURVE('',#8249,#8249,#8257,.T.);
#8257 = CIRCLE('',#8258,0.254);
#8258 = AXIS2_PLACEMENT_3D('',#8259,#8260,#8261);
#8259 = CARTESIAN_POINT('',(1.4999662454E-15,1.33226762955E-15,1.34));
#8260 = DIRECTION('',(-0.,0.,-1.));
#8261 = DIRECTION('',(-3.445092848398E-16,-1.,0.));
#8262 = ORIENTED_EDGE('',*,*,#8248,.F.);
#8263 = ORIENTED_EDGE('',*,*,#7896,.T.);
#8264 = CYLINDRICAL_SURFACE('',#8265,0.254);
#8265 = AXIS2_PLACEMENT_3D('',#8266,#8267,#8268);
#8266 = CARTESIAN_POINT('',(1.4999662454E-15,1.33226762955E-15,4.007));
#8267 = DIRECTION('',(0.,0.,-1.));
#8268 = DIRECTION('',(-3.445092848398E-16,-1.,-0.));
#8269 = ADVANCED_FACE('',(#8270),#8289,.F.);
#8270 = FACE_BOUND('',#8271,.F.);
#8271 = EDGE_LOOP('',(#8272,#8280,#8287,#8288));
#8272 = ORIENTED_EDGE('',*,*,#8273,.T.);
#8273 = EDGE_CURVE('',#7914,#8274,#8276,.T.);
#8274 = VERTEX_POINT('',#8275);
#8275 = CARTESIAN_POINT('',(-8.881784197001E-16,-7.874,1.34));
#8276 = LINE('',#8277,#8278);
#8277 = CARTESIAN_POINT('',(-1.189862314653E-15,-7.874,4.007));
#8278 = VECTOR('',#8279,1.);
#8279 = DIRECTION('',(0.,0.,-1.));
#8280 = ORIENTED_EDGE('',*,*,#8281,.F.);
#8281 = EDGE_CURVE('',#8274,#8274,#8282,.T.);
#8282 = CIRCLE('',#8283,0.254);
#8283 = AXIS2_PLACEMENT_3D('',#8284,#8285,#8286);
#8284 = CARTESIAN_POINT('',(-1.1645690137E-15,-7.62,1.34));
#8285 = DIRECTION('',(-0.,0.,-1.));
#8286 = DIRECTION('',(-3.445092848398E-16,-1.,0.));
#8287 = ORIENTED_EDGE('',*,*,#8273,.F.);
#8288 = ORIENTED_EDGE('',*,*,#7921,.T.);
#8289 = CYLINDRICAL_SURFACE('',#8290,0.254);
#8290 = AXIS2_PLACEMENT_3D('',#8291,#8292,#8293);
#8291 = CARTESIAN_POINT('',(-1.1645690137E-15,-7.62,4.007));
#8292 = DIRECTION('',(0.,0.,-1.));
#8293 = DIRECTION('',(-3.445092848398E-16,-1.,-0.));
#8294 = ADVANCED_FACE('',(#8295),#8314,.F.);
#8295 = FACE_BOUND('',#8296,.F.);
#8296 = EDGE_LOOP('',(#8297,#8305,#8312,#8313));
#8297 = ORIENTED_EDGE('',*,*,#8298,.T.);
#8298 = EDGE_CURVE('',#7939,#8299,#8301,.T.);
#8299 = VERTEX_POINT('',#8300);
#8300 = CARTESIAN_POINT('',(7.62,-4.826,1.34));
#8301 = LINE('',#8302,#8303);
#8302 = CARTESIAN_POINT('',(7.62,-4.826,4.007));
#8303 = VECTOR('',#8304,1.);
#8304 = DIRECTION('',(0.,-0.,-1.));
#8305 = ORIENTED_EDGE('',*,*,#8306,.F.);
#8306 = EDGE_CURVE('',#8299,#8299,#8307,.T.);
#8307 = CIRCLE('',#8308,0.254);
#8308 = AXIS2_PLACEMENT_3D('',#8309,#8310,#8311);
#8309 = CARTESIAN_POINT('',(7.62,-5.08,1.34));
#8310 = DIRECTION('',(0.,0.,-1.));
#8311 = DIRECTION('',(2.22044604925E-16,1.,0.));
#8312 = ORIENTED_EDGE('',*,*,#8298,.F.);
#8313 = ORIENTED_EDGE('',*,*,#7946,.T.);
#8314 = CYLINDRICAL_SURFACE('',#8315,0.254);
#8315 = AXIS2_PLACEMENT_3D('',#8316,#8317,#8318);
#8316 = CARTESIAN_POINT('',(7.62,-5.08,4.007));
#8317 = DIRECTION('',(0.,-0.,-1.));
#8318 = DIRECTION('',(2.22044604925E-16,1.,0.));
#8319 = ADVANCED_FACE('',(#8320),#8339,.F.);
#8320 = FACE_BOUND('',#8321,.F.);
#8321 = EDGE_LOOP('',(#8322,#8330,#8337,#8338));
#8322 = ORIENTED_EDGE('',*,*,#8323,.T.);
#8323 = EDGE_CURVE('',#7964,#8324,#8326,.T.);
#8324 = VERTEX_POINT('',#8325);
#8325 = CARTESIAN_POINT('',(7.62,-2.286,1.34));
#8326 = LINE('',#8327,#8328);
#8327 = CARTESIAN_POINT('',(7.62,-2.286,4.007));
#8328 = VECTOR('',#8329,1.);
#8329 = DIRECTION('',(0.,-0.,-1.));
#8330 = ORIENTED_EDGE('',*,*,#8331,.F.);
#8331 = EDGE_CURVE('',#8324,#8324,#8332,.T.);
#8332 = CIRCLE('',#8333,0.254);
#8333 = AXIS2_PLACEMENT_3D('',#8334,#8335,#8336);
#8334 = CARTESIAN_POINT('',(7.62,-2.54,1.34));
#8335 = DIRECTION('',(0.,0.,-1.));
#8336 = DIRECTION('',(2.22044604925E-16,1.,0.));
#8337 = ORIENTED_EDGE('',*,*,#8323,.F.);
#8338 = ORIENTED_EDGE('',*,*,#7971,.T.);
#8339 = CYLINDRICAL_SURFACE('',#8340,0.254);
#8340 = AXIS2_PLACEMENT_3D('',#8341,#8342,#8343);
#8341 = CARTESIAN_POINT('',(7.62,-2.54,4.007));
#8342 = DIRECTION('',(0.,-0.,-1.));
#8343 = DIRECTION('',(2.22044604925E-16,1.,0.));
#8344 = ADVANCED_FACE('',(#8345),#8364,.F.);
#8345 = FACE_BOUND('',#8346,.F.);
#8346 = EDGE_LOOP('',(#8347,#8355,#8362,#8363));
#8347 = ORIENTED_EDGE('',*,*,#8348,.T.);
#8348 = EDGE_CURVE('',#7989,#8349,#8351,.T.);
#8349 = VERTEX_POINT('',#8350);
#8350 = CARTESIAN_POINT('',(7.62,0.254,1.34));
#8351 = LINE('',#8352,#8353);
#8352 = CARTESIAN_POINT('',(7.62,0.254,4.007));
#8353 = VECTOR('',#8354,1.);
#8354 = DIRECTION('',(0.,-0.,-1.));
#8355 = ORIENTED_EDGE('',*,*,#8356,.F.);
#8356 = EDGE_CURVE('',#8349,#8349,#8357,.T.);
#8357 = CIRCLE('',#8358,0.254);
#8358 = AXIS2_PLACEMENT_3D('',#8359,#8360,#8361);
#8359 = CARTESIAN_POINT('',(7.62,-8.881784197001E-16,1.34));
#8360 = DIRECTION('',(0.,0.,-1.));
#8361 = DIRECTION('',(2.22044604925E-16,1.,0.));
#8362 = ORIENTED_EDGE('',*,*,#8348,.F.);
#8363 = ORIENTED_EDGE('',*,*,#7996,.T.);
#8364 = CYLINDRICAL_SURFACE('',#8365,0.254);
#8365 = AXIS2_PLACEMENT_3D('',#8366,#8367,#8368);
#8366 = CARTESIAN_POINT('',(7.62,-8.881784197001E-16,4.007));
#8367 = DIRECTION('',(0.,-0.,-1.));
#8368 = DIRECTION('',(2.22044604925E-16,1.,0.));
#8369 = ADVANCED_FACE('',(#8370),#8389,.F.);
#8370 = FACE_BOUND('',#8371,.F.);
#8371 = EDGE_LOOP('',(#8372,#8380,#8387,#8388));
#8372 = ORIENTED_EDGE('',*,*,#8373,.T.);
#8373 = EDGE_CURVE('',#8014,#8374,#8376,.T.);
#8374 = VERTEX_POINT('',#8375);
#8375 = CARTESIAN_POINT('',(7.62,-7.366,1.34));
#8376 = LINE('',#8377,#8378);
#8377 = CARTESIAN_POINT('',(7.62,-7.366,4.007));
#8378 = VECTOR('',#8379,1.);
#8379 = DIRECTION('',(0.,-0.,-1.));
#8380 = ORIENTED_EDGE('',*,*,#8381,.F.);
#8381 = EDGE_CURVE('',#8374,#8374,#8382,.T.);
#8382 = CIRCLE('',#8383,0.254);
#8383 = AXIS2_PLACEMENT_3D('',#8384,#8385,#8386);
#8384 = CARTESIAN_POINT('',(7.62,-7.62,1.34));
#8385 = DIRECTION('',(0.,0.,-1.));
#8386 = DIRECTION('',(2.22044604925E-16,1.,0.));
#8387 = ORIENTED_EDGE('',*,*,#8373,.F.);
#8388 = ORIENTED_EDGE('',*,*,#8021,.T.);
#8389 = CYLINDRICAL_SURFACE('',#8390,0.254);
#8390 = AXIS2_PLACEMENT_3D('',#8391,#8392,#8393);
#8391 = CARTESIAN_POINT('',(7.62,-7.62,4.007));
#8392 = DIRECTION('',(0.,-0.,-1.));
#8393 = DIRECTION('',(2.22044604925E-16,1.,0.));
#8394 = ADVANCED_FACE('',(#8395),#8414,.T.);
#8395 = FACE_BOUND('',#8396,.T.);
#8396 = EDGE_LOOP('',(#8397,#8405,#8406,#8407));
#8397 = ORIENTED_EDGE('',*,*,#8398,.F.);
#8398 = EDGE_CURVE('',#8042,#8399,#8401,.T.);
#8399 = VERTEX_POINT('',#8400);
#8400 = CARTESIAN_POINT('',(7.62,-7.874,-3.68));
#8401 = LINE('',#8402,#8403);
#8402 = CARTESIAN_POINT('',(7.62,-7.874,0.));
#8403 = VECTOR('',#8404,1.);
#8404 = DIRECTION('',(0.,-0.,-1.));
#8405 = ORIENTED_EDGE('',*,*,#8041,.F.);
#8406 = ORIENTED_EDGE('',*,*,#8398,.T.);
#8407 = ORIENTED_EDGE('',*,*,#8408,.T.);
#8408 = EDGE_CURVE('',#8399,#8399,#8409,.T.);
#8409 = CIRCLE('',#8410,0.254);
#8410 = AXIS2_PLACEMENT_3D('',#8411,#8412,#8413);
#8411 = CARTESIAN_POINT('',(7.62,-7.62,-3.68));
#8412 = DIRECTION('',(0.,0.,1.));
#8413 = DIRECTION('',(-2.22044604925E-16,-1.,0.));
#8414 = CYLINDRICAL_SURFACE('',#8415,0.254);
#8415 = AXIS2_PLACEMENT_3D('',#8416,#8417,#8418);
#8416 = CARTESIAN_POINT('',(7.62,-7.62,0.));
#8417 = DIRECTION('',(0.,0.,1.));
#8418 = DIRECTION('',(-2.22044604925E-16,-1.,0.));
#8419 = ADVANCED_FACE('',(#8420),#8439,.T.);
#8420 = FACE_BOUND('',#8421,.T.);
#8421 = EDGE_LOOP('',(#8422,#8430,#8431,#8432));
#8422 = ORIENTED_EDGE('',*,*,#8423,.F.);
#8423 = EDGE_CURVE('',#8062,#8424,#8426,.T.);
#8424 = VERTEX_POINT('',#8425);
#8425 = CARTESIAN_POINT('',(7.62,-2.794,-3.68));
#8426 = LINE('',#8427,#8428);
#8427 = CARTESIAN_POINT('',(7.62,-2.794,0.));
#8428 = VECTOR('',#8429,1.);
#8429 = DIRECTION('',(0.,-0.,-1.));
#8430 = ORIENTED_EDGE('',*,*,#8061,.F.);
#8431 = ORIENTED_EDGE('',*,*,#8423,.T.);
#8432 = ORIENTED_EDGE('',*,*,#8433,.T.);
#8433 = EDGE_CURVE('',#8424,#8424,#8434,.T.);
#8434 = CIRCLE('',#8435,0.254);
#8435 = AXIS2_PLACEMENT_3D('',#8436,#8437,#8438);
#8436 = CARTESIAN_POINT('',(7.62,-2.54,-3.68));
#8437 = DIRECTION('',(0.,0.,1.));
#8438 = DIRECTION('',(-2.22044604925E-16,-1.,0.));
#8439 = CYLINDRICAL_SURFACE('',#8440,0.254);
#8440 = AXIS2_PLACEMENT_3D('',#8441,#8442,#8443);
#8441 = CARTESIAN_POINT('',(7.62,-2.54,0.));
#8442 = DIRECTION('',(0.,0.,1.));
#8443 = DIRECTION('',(-2.22044604925E-16,-1.,0.));
#8444 = ADVANCED_FACE('',(#8445),#8464,.T.);
#8445 = FACE_BOUND('',#8446,.T.);
#8446 = EDGE_LOOP('',(#8447,#8455,#8456,#8457));
#8447 = ORIENTED_EDGE('',*,*,#8448,.F.);
#8448 = EDGE_CURVE('',#8082,#8449,#8451,.T.);
#8449 = VERTEX_POINT('',#8450);
#8450 = CARTESIAN_POINT('',(7.62,-5.334,-3.68));
#8451 = LINE('',#8452,#8453);
#8452 = CARTESIAN_POINT('',(7.62,-5.334,0.));
#8453 = VECTOR('',#8454,1.);
#8454 = DIRECTION('',(0.,-0.,-1.));
#8455 = ORIENTED_EDGE('',*,*,#8081,.F.);
#8456 = ORIENTED_EDGE('',*,*,#8448,.T.);
#8457 = ORIENTED_EDGE('',*,*,#8458,.T.);
#8458 = EDGE_CURVE('',#8449,#8449,#8459,.T.);
#8459 = CIRCLE('',#8460,0.254);
#8460 = AXIS2_PLACEMENT_3D('',#8461,#8462,#8463);
#8461 = CARTESIAN_POINT('',(7.62,-5.08,-3.68));
#8462 = DIRECTION('',(0.,0.,1.));
#8463 = DIRECTION('',(-2.22044604925E-16,-1.,0.));
#8464 = CYLINDRICAL_SURFACE('',#8465,0.254);
#8465 = AXIS2_PLACEMENT_3D('',#8466,#8467,#8468);
#8466 = CARTESIAN_POINT('',(7.62,-5.08,0.));
#8467 = DIRECTION('',(0.,0.,1.));
#8468 = DIRECTION('',(-2.22044604925E-16,-1.,0.));
#8469 = ADVANCED_FACE('',(#8470),#8489,.T.);
#8470 = FACE_BOUND('',#8471,.T.);
#8471 = EDGE_LOOP('',(#8472,#8480,#8481,#8482));
#8472 = ORIENTED_EDGE('',*,*,#8473,.F.);
#8473 = EDGE_CURVE('',#8102,#8474,#8476,.T.);
#8474 = VERTEX_POINT('',#8475);
#8475 = CARTESIAN_POINT('',(-1.33226762955E-15,-7.366,-3.68));
#8476 = LINE('',#8477,#8478);
#8477 = CARTESIAN_POINT('',(-1.212253070174E-15,-7.366,0.));
#8478 = VECTOR('',#8479,1.);
#8479 = DIRECTION('',(0.,0.,-1.));
#8480 = ORIENTED_EDGE('',*,*,#8101,.F.);
#8481 = ORIENTED_EDGE('',*,*,#8473,.T.);
#8482 = ORIENTED_EDGE('',*,*,#8483,.T.);
#8483 = EDGE_CURVE('',#8474,#8474,#8484,.T.);
#8484 = CIRCLE('',#8485,0.254);
#8485 = AXIS2_PLACEMENT_3D('',#8486,#8487,#8488);
#8486 = CARTESIAN_POINT('',(-1.299758428524E-15,-7.62,-3.68));
#8487 = DIRECTION('',(0.,-0.,1.));
#8488 = DIRECTION('',(3.445092848398E-16,1.,0.));
#8489 = CYLINDRICAL_SURFACE('',#8490,0.254);
#8490 = AXIS2_PLACEMENT_3D('',#8491,#8492,#8493);
#8491 = CARTESIAN_POINT('',(-1.299758428524E-15,-7.62,0.));
#8492 = DIRECTION('',(0.,0.,1.));
#8493 = DIRECTION('',(3.445092848398E-16,1.,-0.));
#8494 = ADVANCED_FACE('',(#8495),#8514,.T.);
#8495 = FACE_BOUND('',#8496,.T.);
#8496 = EDGE_LOOP('',(#8497,#8505,#8506,#8507));
#8497 = ORIENTED_EDGE('',*,*,#8498,.F.);
#8498 = EDGE_CURVE('',#8122,#8499,#8501,.T.);
#8499 = VERTEX_POINT('',#8500);
#8500 = CARTESIAN_POINT('',(-4.440892098501E-16,-4.826,-3.68));
#8501 = LINE('',#8502,#8503);
#8502 = CARTESIAN_POINT('',(-3.240746504742E-16,-4.826,0.));
#8503 = VECTOR('',#8504,1.);
#8504 = DIRECTION('',(0.,0.,-1.));
#8505 = ORIENTED_EDGE('',*,*,#8121,.F.);
#8506 = ORIENTED_EDGE('',*,*,#8498,.T.);
#8507 = ORIENTED_EDGE('',*,*,#8508,.T.);
#8508 = EDGE_CURVE('',#8499,#8499,#8509,.T.);
#8509 = CIRCLE('',#8510,0.254);
#8510 = AXIS2_PLACEMENT_3D('',#8511,#8512,#8513);
#8511 = CARTESIAN_POINT('',(-4.115800088235E-16,-5.08,-3.68));
#8512 = DIRECTION('',(0.,-0.,1.));
#8513 = DIRECTION('',(3.445092848398E-16,1.,0.));
#8514 = CYLINDRICAL_SURFACE('',#8515,0.254);
#8515 = AXIS2_PLACEMENT_3D('',#8516,#8517,#8518);
#8516 = CARTESIAN_POINT('',(-4.115800088235E-16,-5.08,0.));
#8517 = DIRECTION('',(0.,0.,1.));
#8518 = DIRECTION('',(3.445092848398E-16,1.,-0.));
#8519 = ADVANCED_FACE('',(#8520),#8539,.T.);
#8520 = FACE_BOUND('',#8521,.T.);
#8521 = EDGE_LOOP('',(#8522,#8530,#8531,#8532));
#8522 = ORIENTED_EDGE('',*,*,#8523,.F.);
#8523 = EDGE_CURVE('',#8142,#8524,#8526,.T.);
#8524 = VERTEX_POINT('',#8525);
#8525 = CARTESIAN_POINT('',(4.440892098501E-16,-2.286,-3.68));
#8526 = LINE('',#8527,#8528);
#8527 = CARTESIAN_POINT('',(5.641037692259E-16,-2.286,0.));
#8528 = VECTOR('',#8529,1.);
#8529 = DIRECTION('',(0.,0.,-1.));
#8530 = ORIENTED_EDGE('',*,*,#8141,.F.);
#8531 = ORIENTED_EDGE('',*,*,#8523,.T.);
#8532 = ORIENTED_EDGE('',*,*,#8533,.T.);
#8533 = EDGE_CURVE('',#8524,#8524,#8534,.T.);
#8534 = CIRCLE('',#8535,0.254);
#8535 = AXIS2_PLACEMENT_3D('',#8536,#8537,#8538);
#8536 = CARTESIAN_POINT('',(4.765984108766E-16,-2.54,-3.68));
#8537 = DIRECTION('',(0.,-0.,1.));
#8538 = DIRECTION('',(3.445092848398E-16,1.,0.));
#8539 = CYLINDRICAL_SURFACE('',#8540,0.254);
#8540 = AXIS2_PLACEMENT_3D('',#8541,#8542,#8543);
#8541 = CARTESIAN_POINT('',(4.765984108766E-16,-2.54,0.));
#8542 = DIRECTION('',(0.,0.,1.));
#8543 = DIRECTION('',(3.445092848398E-16,1.,-0.));
#8544 = ADVANCED_FACE('',(#8545),#8564,.T.);
#8545 = FACE_BOUND('',#8546,.T.);
#8546 = EDGE_LOOP('',(#8547,#8555,#8556,#8557));
#8547 = ORIENTED_EDGE('',*,*,#8548,.F.);
#8548 = EDGE_CURVE('',#8162,#8549,#8551,.T.);
#8549 = VERTEX_POINT('',#8550);
#8550 = CARTESIAN_POINT('',(1.33226762955E-15,0.254,-3.68));
#8551 = LINE('',#8552,#8553);
#8552 = CARTESIAN_POINT('',(1.452282188926E-15,0.254,0.));
#8553 = VECTOR('',#8554,1.);
#8554 = DIRECTION('',(0.,0.,-1.));
#8555 = ORIENTED_EDGE('',*,*,#8161,.F.);
#8556 = ORIENTED_EDGE('',*,*,#8548,.T.);
#8557 = ORIENTED_EDGE('',*,*,#8558,.T.);
#8558 = EDGE_CURVE('',#8549,#8549,#8559,.T.);
#8559 = CIRCLE('',#8560,0.254);
#8560 = AXIS2_PLACEMENT_3D('',#8561,#8562,#8563);
#8561 = CARTESIAN_POINT('',(1.364776830577E-15,1.276756478319E-15,-3.68)
  );
#8562 = DIRECTION('',(0.,-0.,1.));
#8563 = DIRECTION('',(3.445092848398E-16,1.,0.));
#8564 = CYLINDRICAL_SURFACE('',#8565,0.254);
#8565 = AXIS2_PLACEMENT_3D('',#8566,#8567,#8568);
#8566 = CARTESIAN_POINT('',(1.364776830577E-15,1.276756478319E-15,0.));
#8567 = DIRECTION('',(0.,0.,1.));
#8568 = DIRECTION('',(3.445092848398E-16,1.,-0.));
#8569 = ADVANCED_FACE('',(#8570),#8589,.T.);
#8570 = FACE_BOUND('',#8571,.T.);
#8571 = EDGE_LOOP('',(#8572,#8580,#8581,#8582));
#8572 = ORIENTED_EDGE('',*,*,#8573,.F.);
#8573 = EDGE_CURVE('',#8182,#8574,#8576,.T.);
#8574 = VERTEX_POINT('',#8575);
#8575 = CARTESIAN_POINT('',(7.62,-0.254,-3.68));
#8576 = LINE('',#8577,#8578);
#8577 = CARTESIAN_POINT('',(7.62,-0.254,0.));
#8578 = VECTOR('',#8579,1.);
#8579 = DIRECTION('',(0.,-0.,-1.));
#8580 = ORIENTED_EDGE('',*,*,#8181,.F.);
#8581 = ORIENTED_EDGE('',*,*,#8573,.T.);
#8582 = ORIENTED_EDGE('',*,*,#8583,.T.);
#8583 = EDGE_CURVE('',#8574,#8574,#8584,.T.);
#8584 = CIRCLE('',#8585,0.254);
#8585 = AXIS2_PLACEMENT_3D('',#8586,#8587,#8588);
#8586 = CARTESIAN_POINT('',(7.62,-8.326672684689E-16,-3.68));
#8587 = DIRECTION('',(0.,0.,1.));
#8588 = DIRECTION('',(-2.22044604925E-16,-1.,0.));
#8589 = CYLINDRICAL_SURFACE('',#8590,0.254);
#8590 = AXIS2_PLACEMENT_3D('',#8591,#8592,#8593);
#8591 = CARTESIAN_POINT('',(7.62,-8.326672684689E-16,0.));
#8592 = DIRECTION('',(0.,0.,1.));
#8593 = DIRECTION('',(-2.22044604925E-16,-1.,0.));
#8594 = ADVANCED_FACE('',(#8595),#8598,.F.);
#8595 = FACE_BOUND('',#8596,.F.);
#8596 = EDGE_LOOP('',(#8597));
#8597 = ORIENTED_EDGE('',*,*,#8206,.T.);
#8598 = PLANE('',#8599);
#8599 = AXIS2_PLACEMENT_3D('',#8600,#8601,#8602);
#8600 = CARTESIAN_POINT('',(-2.763905940002E-16,-5.08,1.34));
#8601 = DIRECTION('',(0.,0.,-1.));
#8602 = DIRECTION('',(-3.445092848398E-16,-1.,-0.));
#8603 = ADVANCED_FACE('',(#8604),#8607,.F.);
#8604 = FACE_BOUND('',#8605,.F.);
#8605 = EDGE_LOOP('',(#8606));
#8606 = ORIENTED_EDGE('',*,*,#8231,.T.);
#8607 = PLANE('',#8608);
#8608 = AXIS2_PLACEMENT_3D('',#8609,#8610,#8611);
#8609 = CARTESIAN_POINT('',(6.117878256999E-16,-2.54,1.34));
#8610 = DIRECTION('',(0.,0.,-1.));
#8611 = DIRECTION('',(-3.445092848398E-16,-1.,-0.));
#8612 = ADVANCED_FACE('',(#8613),#8616,.F.);
#8613 = FACE_BOUND('',#8614,.F.);
#8614 = EDGE_LOOP('',(#8615));
#8615 = ORIENTED_EDGE('',*,*,#8256,.T.);
#8616 = PLANE('',#8617);
#8617 = AXIS2_PLACEMENT_3D('',#8618,#8619,#8620);
#8618 = CARTESIAN_POINT('',(1.4999662454E-15,1.33226762955E-15,1.34));
#8619 = DIRECTION('',(0.,0.,-1.));
#8620 = DIRECTION('',(-3.445092848398E-16,-1.,-0.));
#8621 = ADVANCED_FACE('',(#8622),#8625,.F.);
#8622 = FACE_BOUND('',#8623,.F.);
#8623 = EDGE_LOOP('',(#8624));
#8624 = ORIENTED_EDGE('',*,*,#8281,.T.);
#8625 = PLANE('',#8626);
#8626 = AXIS2_PLACEMENT_3D('',#8627,#8628,#8629);
#8627 = CARTESIAN_POINT('',(-1.1645690137E-15,-7.62,1.34));
#8628 = DIRECTION('',(0.,0.,-1.));
#8629 = DIRECTION('',(-3.445092848398E-16,-1.,-0.));
#8630 = ADVANCED_FACE('',(#8631),#8634,.F.);
#8631 = FACE_BOUND('',#8632,.F.);
#8632 = EDGE_LOOP('',(#8633));
#8633 = ORIENTED_EDGE('',*,*,#8306,.T.);
#8634 = PLANE('',#8635);
#8635 = AXIS2_PLACEMENT_3D('',#8636,#8637,#8638);
#8636 = CARTESIAN_POINT('',(7.62,-5.08,1.34));
#8637 = DIRECTION('',(0.,-0.,-1.));
#8638 = DIRECTION('',(2.22044604925E-16,1.,0.));
#8639 = ADVANCED_FACE('',(#8640),#8643,.F.);
#8640 = FACE_BOUND('',#8641,.F.);
#8641 = EDGE_LOOP('',(#8642));
#8642 = ORIENTED_EDGE('',*,*,#8331,.T.);
#8643 = PLANE('',#8644);
#8644 = AXIS2_PLACEMENT_3D('',#8645,#8646,#8647);
#8645 = CARTESIAN_POINT('',(7.62,-2.54,1.34));
#8646 = DIRECTION('',(0.,-0.,-1.));
#8647 = DIRECTION('',(2.22044604925E-16,1.,0.));
#8648 = ADVANCED_FACE('',(#8649),#8652,.F.);
#8649 = FACE_BOUND('',#8650,.F.);
#8650 = EDGE_LOOP('',(#8651));
#8651 = ORIENTED_EDGE('',*,*,#8356,.T.);
#8652 = PLANE('',#8653);
#8653 = AXIS2_PLACEMENT_3D('',#8654,#8655,#8656);
#8654 = CARTESIAN_POINT('',(7.62,-8.881784197001E-16,1.34));
#8655 = DIRECTION('',(0.,-0.,-1.));
#8656 = DIRECTION('',(2.22044604925E-16,1.,0.));
#8657 = ADVANCED_FACE('',(#8658),#8661,.F.);
#8658 = FACE_BOUND('',#8659,.F.);
#8659 = EDGE_LOOP('',(#8660));
#8660 = ORIENTED_EDGE('',*,*,#8381,.T.);
#8661 = PLANE('',#8662);
#8662 = AXIS2_PLACEMENT_3D('',#8663,#8664,#8665);
#8663 = CARTESIAN_POINT('',(7.62,-7.62,1.34));
#8664 = DIRECTION('',(0.,-0.,-1.));
#8665 = DIRECTION('',(2.22044604925E-16,1.,0.));
#8666 = ADVANCED_FACE('',(#8667),#8686,.T.);
#8667 = FACE_BOUND('',#8668,.T.);
#8668 = EDGE_LOOP('',(#8669,#8678,#8684,#8685));
#8669 = ORIENTED_EDGE('',*,*,#8670,.T.);
#8670 = EDGE_CURVE('',#8671,#8671,#8673,.T.);
#8671 = VERTEX_POINT('',#8672);
#8672 = CARTESIAN_POINT('',(7.62,-7.774,-3.78));
#8673 = CIRCLE('',#8674,0.154);
#8674 = AXIS2_PLACEMENT_3D('',#8675,#8676,#8677);
#8675 = CARTESIAN_POINT('',(7.62,-7.62,-3.78));
#8676 = DIRECTION('',(0.,0.,1.));
#8677 = DIRECTION('',(-2.22044604925E-16,-1.,0.));
#8678 = ORIENTED_EDGE('',*,*,#8679,.F.);
#8679 = EDGE_CURVE('',#8399,#8671,#8680,.T.);
#8680 = LINE('',#8681,#8682);
#8681 = CARTESIAN_POINT('',(7.62,-7.874,-3.68));
#8682 = VECTOR('',#8683,1.);
#8683 = DIRECTION('',(1.570092458683E-16,0.707106781187,-0.707106781187)
  );
#8684 = ORIENTED_EDGE('',*,*,#8408,.F.);
#8685 = ORIENTED_EDGE('',*,*,#8679,.T.);
#8686 = CONICAL_SURFACE('',#8687,0.254,0.785398163397);
#8687 = AXIS2_PLACEMENT_3D('',#8688,#8689,#8690);
#8688 = CARTESIAN_POINT('',(7.62,-7.62,-3.68));
#8689 = DIRECTION('',(0.,0.,1.));
#8690 = DIRECTION('',(-2.22044604925E-16,-1.,0.));
#8691 = ADVANCED_FACE('',(#8692),#8711,.T.);
#8692 = FACE_BOUND('',#8693,.T.);
#8693 = EDGE_LOOP('',(#8694,#8703,#8709,#8710));
#8694 = ORIENTED_EDGE('',*,*,#8695,.T.);
#8695 = EDGE_CURVE('',#8696,#8696,#8698,.T.);
#8696 = VERTEX_POINT('',#8697);
#8697 = CARTESIAN_POINT('',(7.62,-2.694,-3.78));
#8698 = CIRCLE('',#8699,0.154);
#8699 = AXIS2_PLACEMENT_3D('',#8700,#8701,#8702);
#8700 = CARTESIAN_POINT('',(7.62,-2.54,-3.78));
#8701 = DIRECTION('',(0.,0.,1.));
#8702 = DIRECTION('',(-2.22044604925E-16,-1.,0.));
#8703 = ORIENTED_EDGE('',*,*,#8704,.F.);
#8704 = EDGE_CURVE('',#8424,#8696,#8705,.T.);
#8705 = LINE('',#8706,#8707);
#8706 = CARTESIAN_POINT('',(7.62,-2.794,-3.68));
#8707 = VECTOR('',#8708,1.);
#8708 = DIRECTION('',(1.570092458683E-16,0.707106781187,-0.707106781187)
  );
#8709 = ORIENTED_EDGE('',*,*,#8433,.F.);
#8710 = ORIENTED_EDGE('',*,*,#8704,.T.);
#8711 = CONICAL_SURFACE('',#8712,0.254,0.785398163397);
#8712 = AXIS2_PLACEMENT_3D('',#8713,#8714,#8715);
#8713 = CARTESIAN_POINT('',(7.62,-2.54,-3.68));
#8714 = DIRECTION('',(0.,0.,1.));
#8715 = DIRECTION('',(-2.22044604925E-16,-1.,0.));
#8716 = ADVANCED_FACE('',(#8717),#8736,.T.);
#8717 = FACE_BOUND('',#8718,.T.);
#8718 = EDGE_LOOP('',(#8719,#8728,#8734,#8735));
#8719 = ORIENTED_EDGE('',*,*,#8720,.T.);
#8720 = EDGE_CURVE('',#8721,#8721,#8723,.T.);
#8721 = VERTEX_POINT('',#8722);
#8722 = CARTESIAN_POINT('',(7.62,-5.234,-3.78));
#8723 = CIRCLE('',#8724,0.154);
#8724 = AXIS2_PLACEMENT_3D('',#8725,#8726,#8727);
#8725 = CARTESIAN_POINT('',(7.62,-5.08,-3.78));
#8726 = DIRECTION('',(0.,0.,1.));
#8727 = DIRECTION('',(-2.22044604925E-16,-1.,0.));
#8728 = ORIENTED_EDGE('',*,*,#8729,.F.);
#8729 = EDGE_CURVE('',#8449,#8721,#8730,.T.);
#8730 = LINE('',#8731,#8732);
#8731 = CARTESIAN_POINT('',(7.62,-5.334,-3.68));
#8732 = VECTOR('',#8733,1.);
#8733 = DIRECTION('',(1.570092458683E-16,0.707106781187,-0.707106781187)
  );
#8734 = ORIENTED_EDGE('',*,*,#8458,.F.);
#8735 = ORIENTED_EDGE('',*,*,#8729,.T.);
#8736 = CONICAL_SURFACE('',#8737,0.254,0.785398163397);
#8737 = AXIS2_PLACEMENT_3D('',#8738,#8739,#8740);
#8738 = CARTESIAN_POINT('',(7.62,-5.08,-3.68));
#8739 = DIRECTION('',(0.,0.,1.));
#8740 = DIRECTION('',(-2.22044604925E-16,-1.,0.));
#8741 = ADVANCED_FACE('',(#8742),#8761,.T.);
#8742 = FACE_BOUND('',#8743,.T.);
#8743 = EDGE_LOOP('',(#8744,#8753,#8759,#8760));
#8744 = ORIENTED_EDGE('',*,*,#8745,.T.);
#8745 = EDGE_CURVE('',#8746,#8746,#8748,.T.);
#8746 = VERTEX_POINT('',#8747);
#8747 = CARTESIAN_POINT('',(-1.33226762955E-15,-7.466,-3.78));
#8748 = CIRCLE('',#8749,0.154);
#8749 = AXIS2_PLACEMENT_3D('',#8750,#8751,#8752);
#8750 = CARTESIAN_POINT('',(-1.299758428524E-15,-7.62,-3.78));
#8751 = DIRECTION('',(0.,-0.,1.));
#8752 = DIRECTION('',(3.445092848398E-16,1.,0.));
#8753 = ORIENTED_EDGE('',*,*,#8754,.F.);
#8754 = EDGE_CURVE('',#8474,#8746,#8755,.T.);
#8755 = LINE('',#8756,#8757);
#8756 = CARTESIAN_POINT('',(-1.212253070174E-15,-7.366,-3.68));
#8757 = VECTOR('',#8758,1.);
#8758 = DIRECTION('',(-2.436048514917E-16,-0.707106781187,
    -0.707106781187));
#8759 = ORIENTED_EDGE('',*,*,#8483,.F.);
#8760 = ORIENTED_EDGE('',*,*,#8754,.T.);
#8761 = CONICAL_SURFACE('',#8762,0.254,0.785398163397);
#8762 = AXIS2_PLACEMENT_3D('',#8763,#8764,#8765);
#8763 = CARTESIAN_POINT('',(-1.299758428524E-15,-7.62,-3.68));
#8764 = DIRECTION('',(0.,0.,1.));
#8765 = DIRECTION('',(3.445092848398E-16,1.,-0.));
#8766 = ADVANCED_FACE('',(#8767),#8786,.T.);
#8767 = FACE_BOUND('',#8768,.T.);
#8768 = EDGE_LOOP('',(#8769,#8778,#8784,#8785));
#8769 = ORIENTED_EDGE('',*,*,#8770,.T.);
#8770 = EDGE_CURVE('',#8771,#8771,#8773,.T.);
#8771 = VERTEX_POINT('',#8772);
#8772 = CARTESIAN_POINT('',(-4.440892098501E-16,-4.926,-3.78));
#8773 = CIRCLE('',#8774,0.154);
#8774 = AXIS2_PLACEMENT_3D('',#8775,#8776,#8777);
#8775 = CARTESIAN_POINT('',(-4.115800088235E-16,-5.08,-3.78));
#8776 = DIRECTION('',(0.,-0.,1.));
#8777 = DIRECTION('',(3.445092848398E-16,1.,0.));
#8778 = ORIENTED_EDGE('',*,*,#8779,.F.);
#8779 = EDGE_CURVE('',#8499,#8771,#8780,.T.);
#8780 = LINE('',#8781,#8782);
#8781 = CARTESIAN_POINT('',(-3.240746504742E-16,-4.826,-3.68));
#8782 = VECTOR('',#8783,1.);
#8783 = DIRECTION('',(-2.436048514917E-16,-0.707106781187,
    -0.707106781187));
#8784 = ORIENTED_EDGE('',*,*,#8508,.F.);
#8785 = ORIENTED_EDGE('',*,*,#8779,.T.);
#8786 = CONICAL_SURFACE('',#8787,0.254,0.785398163397);
#8787 = AXIS2_PLACEMENT_3D('',#8788,#8789,#8790);
#8788 = CARTESIAN_POINT('',(-4.115800088235E-16,-5.08,-3.68));
#8789 = DIRECTION('',(0.,0.,1.));
#8790 = DIRECTION('',(3.445092848398E-16,1.,-0.));
#8791 = ADVANCED_FACE('',(#8792),#8811,.T.);
#8792 = FACE_BOUND('',#8793,.T.);
#8793 = EDGE_LOOP('',(#8794,#8803,#8809,#8810));
#8794 = ORIENTED_EDGE('',*,*,#8795,.T.);
#8795 = EDGE_CURVE('',#8796,#8796,#8798,.T.);
#8796 = VERTEX_POINT('',#8797);
#8797 = CARTESIAN_POINT('',(4.440892098501E-16,-2.386,-3.78));
#8798 = CIRCLE('',#8799,0.154);
#8799 = AXIS2_PLACEMENT_3D('',#8800,#8801,#8802);
#8800 = CARTESIAN_POINT('',(4.765984108766E-16,-2.54,-3.78));
#8801 = DIRECTION('',(0.,-0.,1.));
#8802 = DIRECTION('',(3.445092848398E-16,1.,0.));
#8803 = ORIENTED_EDGE('',*,*,#8804,.F.);
#8804 = EDGE_CURVE('',#8524,#8796,#8805,.T.);
#8805 = LINE('',#8806,#8807);
#8806 = CARTESIAN_POINT('',(5.641037692259E-16,-2.286,-3.68));
#8807 = VECTOR('',#8808,1.);
#8808 = DIRECTION('',(-2.436048514917E-16,-0.707106781187,
    -0.707106781187));
#8809 = ORIENTED_EDGE('',*,*,#8533,.F.);
#8810 = ORIENTED_EDGE('',*,*,#8804,.T.);
#8811 = CONICAL_SURFACE('',#8812,0.254,0.785398163397);
#8812 = AXIS2_PLACEMENT_3D('',#8813,#8814,#8815);
#8813 = CARTESIAN_POINT('',(4.765984108766E-16,-2.54,-3.68));
#8814 = DIRECTION('',(0.,0.,1.));
#8815 = DIRECTION('',(3.445092848398E-16,1.,-0.));
#8816 = ADVANCED_FACE('',(#8817),#8836,.T.);
#8817 = FACE_BOUND('',#8818,.T.);
#8818 = EDGE_LOOP('',(#8819,#8828,#8834,#8835));
#8819 = ORIENTED_EDGE('',*,*,#8820,.T.);
#8820 = EDGE_CURVE('',#8821,#8821,#8823,.T.);
#8821 = VERTEX_POINT('',#8822);
#8822 = CARTESIAN_POINT('',(1.33226762955E-15,0.154,-3.78));
#8823 = CIRCLE('',#8824,0.154);
#8824 = AXIS2_PLACEMENT_3D('',#8825,#8826,#8827);
#8825 = CARTESIAN_POINT('',(1.364776830577E-15,1.276756478319E-15,-3.78)
  );
#8826 = DIRECTION('',(0.,-0.,1.));
#8827 = DIRECTION('',(3.445092848398E-16,1.,0.));
#8828 = ORIENTED_EDGE('',*,*,#8829,.F.);
#8829 = EDGE_CURVE('',#8549,#8821,#8830,.T.);
#8830 = LINE('',#8831,#8832);
#8831 = CARTESIAN_POINT('',(1.452282188926E-15,0.254,-3.68));
#8832 = VECTOR('',#8833,1.);
#8833 = DIRECTION('',(-2.436048514917E-16,-0.707106781187,
    -0.707106781187));
#8834 = ORIENTED_EDGE('',*,*,#8558,.F.);
#8835 = ORIENTED_EDGE('',*,*,#8829,.T.);
#8836 = CONICAL_SURFACE('',#8837,0.254,0.785398163397);
#8837 = AXIS2_PLACEMENT_3D('',#8838,#8839,#8840);
#8838 = CARTESIAN_POINT('',(1.364776830577E-15,1.276756478319E-15,-3.68)
  );
#8839 = DIRECTION('',(0.,0.,1.));
#8840 = DIRECTION('',(3.445092848398E-16,1.,-0.));
#8841 = ADVANCED_FACE('',(#8842),#8861,.T.);
#8842 = FACE_BOUND('',#8843,.T.);
#8843 = EDGE_LOOP('',(#8844,#8853,#8859,#8860));
#8844 = ORIENTED_EDGE('',*,*,#8845,.T.);
#8845 = EDGE_CURVE('',#8846,#8846,#8848,.T.);
#8846 = VERTEX_POINT('',#8847);
#8847 = CARTESIAN_POINT('',(7.62,-0.154,-3.78));
#8848 = CIRCLE('',#8849,0.154);
#8849 = AXIS2_PLACEMENT_3D('',#8850,#8851,#8852);
#8850 = CARTESIAN_POINT('',(7.62,-8.326672684689E-16,-3.78));
#8851 = DIRECTION('',(0.,0.,1.));
#8852 = DIRECTION('',(-2.22044604925E-16,-1.,0.));
#8853 = ORIENTED_EDGE('',*,*,#8854,.F.);
#8854 = EDGE_CURVE('',#8574,#8846,#8855,.T.);
#8855 = LINE('',#8856,#8857);
#8856 = CARTESIAN_POINT('',(7.62,-0.254,-3.68));
#8857 = VECTOR('',#8858,1.);
#8858 = DIRECTION('',(1.570092458683E-16,0.707106781187,-0.707106781187)
  );
#8859 = ORIENTED_EDGE('',*,*,#8583,.F.);
#8860 = ORIENTED_EDGE('',*,*,#8854,.T.);
#8861 = CONICAL_SURFACE('',#8862,0.254,0.785398163397);
#8862 = AXIS2_PLACEMENT_3D('',#8863,#8864,#8865);
#8863 = CARTESIAN_POINT('',(7.62,-8.326672684689E-16,-3.68));
#8864 = DIRECTION('',(0.,0.,1.));
#8865 = DIRECTION('',(-2.22044604925E-16,-1.,0.));
#8866 = ADVANCED_FACE('',(#8867),#8870,.T.);
#8867 = FACE_BOUND('',#8868,.T.);
#8868 = EDGE_LOOP('',(#8869));
#8869 = ORIENTED_EDGE('',*,*,#8670,.F.);
#8870 = PLANE('',#8871);
#8871 = AXIS2_PLACEMENT_3D('',#8872,#8873,#8874);
#8872 = CARTESIAN_POINT('',(7.62,-7.874,-3.78));
#8873 = DIRECTION('',(0.,0.,-1.));
#8874 = DIRECTION('',(2.22044604925E-16,1.,0.));
#8875 = ADVANCED_FACE('',(#8876),#8879,.T.);
#8876 = FACE_BOUND('',#8877,.T.);
#8877 = EDGE_LOOP('',(#8878));
#8878 = ORIENTED_EDGE('',*,*,#8695,.F.);
#8879 = PLANE('',#8880);
#8880 = AXIS2_PLACEMENT_3D('',#8881,#8882,#8883);
#8881 = CARTESIAN_POINT('',(7.62,-2.794,-3.78));
#8882 = DIRECTION('',(0.,0.,-1.));
#8883 = DIRECTION('',(2.22044604925E-16,1.,0.));
#8884 = ADVANCED_FACE('',(#8885),#8888,.T.);
#8885 = FACE_BOUND('',#8886,.T.);
#8886 = EDGE_LOOP('',(#8887));
#8887 = ORIENTED_EDGE('',*,*,#8720,.F.);
#8888 = PLANE('',#8889);
#8889 = AXIS2_PLACEMENT_3D('',#8890,#8891,#8892);
#8890 = CARTESIAN_POINT('',(7.62,-5.334,-3.78));
#8891 = DIRECTION('',(0.,0.,-1.));
#8892 = DIRECTION('',(2.22044604925E-16,1.,0.));
#8893 = ADVANCED_FACE('',(#8894),#8897,.T.);
#8894 = FACE_BOUND('',#8895,.T.);
#8895 = EDGE_LOOP('',(#8896));
#8896 = ORIENTED_EDGE('',*,*,#8745,.F.);
#8897 = PLANE('',#8898);
#8898 = AXIS2_PLACEMENT_3D('',#8899,#8900,#8901);
#8899 = CARTESIAN_POINT('',(-1.212253070174E-15,-7.366,-3.78));
#8900 = DIRECTION('',(-0.,0.,-1.));
#8901 = DIRECTION('',(-3.445092848398E-16,-1.,0.));
#8902 = ADVANCED_FACE('',(#8903),#8906,.T.);
#8903 = FACE_BOUND('',#8904,.T.);
#8904 = EDGE_LOOP('',(#8905));
#8905 = ORIENTED_EDGE('',*,*,#8770,.F.);
#8906 = PLANE('',#8907);
#8907 = AXIS2_PLACEMENT_3D('',#8908,#8909,#8910);
#8908 = CARTESIAN_POINT('',(-3.240746504742E-16,-4.826,-3.78));
#8909 = DIRECTION('',(-0.,0.,-1.));
#8910 = DIRECTION('',(-3.445092848398E-16,-1.,0.));
#8911 = ADVANCED_FACE('',(#8912),#8915,.T.);
#8912 = FACE_BOUND('',#8913,.T.);
#8913 = EDGE_LOOP('',(#8914));
#8914 = ORIENTED_EDGE('',*,*,#8795,.F.);
#8915 = PLANE('',#8916);
#8916 = AXIS2_PLACEMENT_3D('',#8917,#8918,#8919);
#8917 = CARTESIAN_POINT('',(5.641037692259E-16,-2.286,-3.78));
#8918 = DIRECTION('',(-0.,0.,-1.));
#8919 = DIRECTION('',(-3.445092848398E-16,-1.,0.));
#8920 = ADVANCED_FACE('',(#8921),#8924,.T.);
#8921 = FACE_BOUND('',#8922,.T.);
#8922 = EDGE_LOOP('',(#8923));
#8923 = ORIENTED_EDGE('',*,*,#8820,.F.);
#8924 = PLANE('',#8925);
#8925 = AXIS2_PLACEMENT_3D('',#8926,#8927,#8928);
#8926 = CARTESIAN_POINT('',(1.452282188926E-15,0.254,-3.78));
#8927 = DIRECTION('',(-0.,0.,-1.));
#8928 = DIRECTION('',(-3.445092848398E-16,-1.,0.));
#8929 = ADVANCED_FACE('',(#8930),#8933,.T.);
#8930 = FACE_BOUND('',#8931,.T.);
#8931 = EDGE_LOOP('',(#8932));
#8932 = ORIENTED_EDGE('',*,*,#8845,.F.);
#8933 = PLANE('',#8934);
#8934 = AXIS2_PLACEMENT_3D('',#8935,#8936,#8937);
#8935 = CARTESIAN_POINT('',(7.62,-0.254,-3.78));
#8936 = DIRECTION('',(0.,0.,-1.));
#8937 = DIRECTION('',(2.22044604925E-16,1.,0.));
#8938 = ( GEOMETRIC_REPRESENTATION_CONTEXT(3) 
GLOBAL_UNCERTAINTY_ASSIGNED_CONTEXT((#8942)) 
GLOBAL_UNIT_ASSIGNED_CONTEXT((#8939,#8940,#8941)) REPRESENTATION_CONTEXT
('Context #1','3D Context with UNIT and UNCERTAINTY') );
#8939 = ( LENGTH_UNIT() NAMED_UNIT(*) SI_UNIT(.MILLI.,.METRE.) );
#8940 = ( NAMED_UNIT(*) PLANE_ANGLE_UNIT() SI_UNIT($,.RADIAN.) );
#8941 = ( NAMED_UNIT(*) SI_UNIT($,.STERADIAN.) SOLID_ANGLE_UNIT() );
#8942 = UNCERTAINTY_MEASURE_WITH_UNIT(LENGTH_MEASURE(1.E-07),#8939,
  'distance_accuracy_value','confusion accuracy');
#8943 = CONTEXT_DEPENDENT_SHAPE_REPRESENTATION(#8944,#8946);
#8944 = ( REPRESENTATION_RELATIONSHIP('','',#5713,#10) 
REPRESENTATION_RELATIONSHIP_WITH_TRANSFORMATION(#8945) 
SHAPE_REPRESENTATION_RELATIONSHIP() );
#8945 = ITEM_DEFINED_TRANSFORMATION('','',#11,#67);
#8946 = PRODUCT_DEFINITION_SHAPE('Placement','Placement of an item',
  #8947);
#8947 = NEXT_ASSEMBLY_USAGE_OCCURRENCE('14','U2','',#5,#5708,$);
#8948 = PRODUCT_RELATED_PRODUCT_CATEGORY('part',$,(#5710));
#8949 = CONTEXT_DEPENDENT_SHAPE_REPRESENTATION(#8950,#8952);
#8950 = ( REPRESENTATION_RELATIONSHIP('','',#200,#10) 
REPRESENTATION_RELATIONSHIP_WITH_TRANSFORMATION(#8951) 
SHAPE_REPRESENTATION_RELATIONSHIP() );
#8951 = ITEM_DEFINED_TRANSFORMATION('','',#11,#71);
#8952 = PRODUCT_DEFINITION_SHAPE('Placement','Placement of an item',
  #8953);
#8953 = NEXT_ASSEMBLY_USAGE_OCCURRENCE('15','R3','',#5,#195,$);
#8954 = CONTEXT_DEPENDENT_SHAPE_REPRESENTATION(#8955,#8957);
#8955 = ( REPRESENTATION_RELATIONSHIP('','',#3349,#10) 
REPRESENTATION_RELATIONSHIP_WITH_TRANSFORMATION(#8956) 
SHAPE_REPRESENTATION_RELATIONSHIP() );
#8956 = ITEM_DEFINED_TRANSFORMATION('','',#11,#75);
#8957 = PRODUCT_DEFINITION_SHAPE('Placement','Placement of an item',
  #8958);
#8958 = NEXT_ASSEMBLY_USAGE_OCCURRENCE('16','C6','',#5,#3344,$);
#8959 = SHAPE_DEFINITION_REPRESENTATION(#8960,#8966);
#8960 = PRODUCT_DEFINITION_SHAPE('','',#8961);
#8961 = PRODUCT_DEFINITION('design','',#8962,#8965);
#8962 = PRODUCT_DEFINITION_FORMATION('','',#8963);
#8963 = PRODUCT('LED_D3.0mm_Horizontal_O3.81mm_Z2.0mm',
  'LED_D3.0mm_Horizontal_O3.81mm_Z2.0mm','',(#8964));
#8964 = PRODUCT_CONTEXT('',#2,'mechanical');
#8965 = PRODUCT_DEFINITION_CONTEXT('part definition',#2,'design');
#8966 = ADVANCED_BREP_SHAPE_REPRESENTATION('',(#11,#8967),#9889);
#8967 = MANIFOLD_SOLID_BREP('',#8968);
#8968 = CLOSED_SHELL('',(#8969,#9011,#9085,#9110,#9164,#9181,#9193,#9273
    ,#9300,#9331,#9371,#9395,#9412,#9459,#9483,#9507,#9524,#9543,#9567,
    #9591,#9608,#9639,#9670,#9687,#9704,#9735,#9759,#9783,#9800,#9812,
    #9843,#9860,#9877));
#8969 = ADVANCED_FACE('',(#8970),#9006,.T.);
#8970 = FACE_BOUND('',#8971,.T.);
#8971 = EDGE_LOOP('',(#8972,#8982,#8991,#8999));
#8972 = ORIENTED_EDGE('',*,*,#8973,.F.);
#8973 = EDGE_CURVE('',#8974,#8976,#8978,.T.);
#8974 = VERTEX_POINT('',#8975);
#8975 = CARTESIAN_POINT('',(-0.23,-4.81,3.166190378969));
#8976 = VERTEX_POINT('',#8977);
#8977 = CARTESIAN_POINT('',(-0.23,-3.81,3.166190378969));
#8978 = LINE('',#8979,#8980);
#8979 = CARTESIAN_POINT('',(-0.23,-3.81,3.166190378969));
#8980 = VECTOR('',#8981,1.);
#8981 = DIRECTION('',(0.,1.,-1.110223024625E-15));
#8982 = ORIENTED_EDGE('',*,*,#8983,.F.);
#8983 = EDGE_CURVE('',#8984,#8974,#8986,.T.);
#8984 = VERTEX_POINT('',#8985);
#8985 = CARTESIAN_POINT('',(3.17,-4.81,2.));
#8986 = CIRCLE('',#8987,1.9);
#8987 = AXIS2_PLACEMENT_3D('',#8988,#8989,#8990);
#8988 = CARTESIAN_POINT('',(1.27,-4.81,2.));
#8989 = DIRECTION('',(0.,-1.,1.110223024625E-15));
#8990 = DIRECTION('',(1.,0.,0.));
#8991 = ORIENTED_EDGE('',*,*,#8992,.F.);
#8992 = EDGE_CURVE('',#8993,#8984,#8995,.T.);
#8993 = VERTEX_POINT('',#8994);
#8994 = CARTESIAN_POINT('',(3.17,-3.81,2.));
#8995 = LINE('',#8996,#8997);
#8996 = CARTESIAN_POINT('',(3.17,-3.81,2.));
#8997 = VECTOR('',#8998,1.);
#8998 = DIRECTION('',(0.,-1.,8.881784197001E-16));
#8999 = ORIENTED_EDGE('',*,*,#9000,.T.);
#9000 = EDGE_CURVE('',#8993,#8976,#9001,.T.);
#9001 = CIRCLE('',#9002,1.9);
#9002 = AXIS2_PLACEMENT_3D('',#9003,#9004,#9005);
#9003 = CARTESIAN_POINT('',(1.27,-3.81,2.));
#9004 = DIRECTION('',(0.,-1.,1.110223024625E-15));
#9005 = DIRECTION('',(1.,0.,0.));
#9006 = CYLINDRICAL_SURFACE('',#9007,1.9);
#9007 = AXIS2_PLACEMENT_3D('',#9008,#9009,#9010);
#9008 = CARTESIAN_POINT('',(1.27,-3.81,2.));
#9009 = DIRECTION('',(0.,1.,-1.110223024625E-15));
#9010 = DIRECTION('',(1.,0.,0.));
#9011 = ADVANCED_FACE('',(#9012,#9044),#9080,.T.);
#9012 = FACE_BOUND('',#9013,.T.);
#9013 = EDGE_LOOP('',(#9014,#9015,#9024,#9032,#9038));
#9014 = ORIENTED_EDGE('',*,*,#9000,.F.);
#9015 = ORIENTED_EDGE('',*,*,#9016,.F.);
#9016 = EDGE_CURVE('',#9017,#8993,#9019,.T.);
#9017 = VERTEX_POINT('',#9018);
#9018 = CARTESIAN_POINT('',(-0.23,-3.81,0.833809621031));
#9019 = CIRCLE('',#9020,1.9);
#9020 = AXIS2_PLACEMENT_3D('',#9021,#9022,#9023);
#9021 = CARTESIAN_POINT('',(1.27,-3.81,2.));
#9022 = DIRECTION('',(0.,-1.,1.110223024625E-15));
#9023 = DIRECTION('',(1.,0.,0.));
#9024 = ORIENTED_EDGE('',*,*,#9025,.T.);
#9025 = EDGE_CURVE('',#9017,#9026,#9028,.T.);
#9026 = VERTEX_POINT('',#9027);
#9027 = CARTESIAN_POINT('',(-0.23,-3.81,1.999999978232));
#9028 = LINE('',#9029,#9030);
#9029 = CARTESIAN_POINT('',(-0.23,-3.81,2.95));
#9030 = VECTOR('',#9031,1.);
#9031 = DIRECTION('',(1.408496419367E-48,1.158067919543E-15,1.));
#9032 = ORIENTED_EDGE('',*,*,#9033,.T.);
#9033 = EDGE_CURVE('',#9026,#9026,#9034,.T.);
#9034 = LINE('',#9035,#9036);
#9035 = CARTESIAN_POINT('',(-0.23,-3.81,2.95));
#9036 = VECTOR('',#9037,1.);
#9037 = DIRECTION('',(1.408496419367E-48,1.158067919543E-15,1.));
#9038 = ORIENTED_EDGE('',*,*,#9039,.T.);
#9039 = EDGE_CURVE('',#9026,#8976,#9040,.T.);
#9040 = LINE('',#9041,#9042);
#9041 = CARTESIAN_POINT('',(-0.23,-3.81,2.95));
#9042 = VECTOR('',#9043,1.);
#9043 = DIRECTION('',(1.408496419367E-48,1.158067919543E-15,1.));
#9044 = FACE_BOUND('',#9045,.T.);
#9045 = EDGE_LOOP('',(#9046,#9057,#9064,#9073));
#9046 = ORIENTED_EDGE('',*,*,#9047,.T.);
#9047 = EDGE_CURVE('',#9048,#9050,#9052,.T.);
#9048 = VERTEX_POINT('',#9049);
#9049 = CARTESIAN_POINT('',(1.27,-3.81,3.5));
#9050 = VERTEX_POINT('',#9051);
#9051 = CARTESIAN_POINT('',(-0.23,-3.81,1.999999978232));
#9052 = CIRCLE('',#9053,1.5);
#9053 = AXIS2_PLACEMENT_3D('',#9054,#9055,#9056);
#9054 = CARTESIAN_POINT('',(1.27,-3.81,2.));
#9055 = DIRECTION('',(0.,-1.,1.110223024625E-15));
#9056 = DIRECTION('',(1.,0.,0.));
#9057 = ORIENTED_EDGE('',*,*,#9058,.T.);
#9058 = EDGE_CURVE('',#9050,#9026,#9059,.T.);
#9059 = CIRCLE('',#9060,1.5);
#9060 = AXIS2_PLACEMENT_3D('',#9061,#9062,#9063);
#9061 = CARTESIAN_POINT('',(1.27,-3.81,2.));
#9062 = DIRECTION('',(0.,-1.,1.110223024625E-15));
#9063 = DIRECTION('',(1.,0.,0.));
#9064 = ORIENTED_EDGE('',*,*,#9065,.T.);
#9065 = EDGE_CURVE('',#9050,#9066,#9068,.T.);
#9066 = VERTEX_POINT('',#9067);
#9067 = CARTESIAN_POINT('',(2.77,-3.81,2.));
#9068 = CIRCLE('',#9069,1.5);
#9069 = AXIS2_PLACEMENT_3D('',#9070,#9071,#9072);
#9070 = CARTESIAN_POINT('',(1.27,-3.81,2.));
#9071 = DIRECTION('',(0.,-1.,1.110223024625E-15));
#9072 = DIRECTION('',(1.,0.,0.));
#9073 = ORIENTED_EDGE('',*,*,#9074,.T.);
#9074 = EDGE_CURVE('',#9066,#9048,#9075,.T.);
#9075 = CIRCLE('',#9076,1.5);
#9076 = AXIS2_PLACEMENT_3D('',#9077,#9078,#9079);
#9077 = CARTESIAN_POINT('',(1.27,-3.81,2.));
#9078 = DIRECTION('',(0.,-1.,1.110223024625E-15));
#9079 = DIRECTION('',(1.,0.,0.));
#9080 = PLANE('',#9081);
#9081 = AXIS2_PLACEMENT_3D('',#9082,#9083,#9084);
#9082 = CARTESIAN_POINT('',(3.17,-3.81,2.));
#9083 = DIRECTION('',(-2.102719556706E-32,1.,-1.158067919543E-15));
#9084 = DIRECTION('',(0.,1.158067919543E-15,1.));
#9085 = ADVANCED_FACE('',(#9086),#9105,.T.);
#9086 = FACE_BOUND('',#9087,.T.);
#9087 = EDGE_LOOP('',(#9088,#9096,#9097,#9098,#9099));
#9088 = ORIENTED_EDGE('',*,*,#9089,.F.);
#9089 = EDGE_CURVE('',#8974,#9090,#9092,.T.);
#9090 = VERTEX_POINT('',#9091);
#9091 = CARTESIAN_POINT('',(-0.23,-4.81,2.));
#9092 = LINE('',#9093,#9094);
#9093 = CARTESIAN_POINT('',(-0.23,-4.81,3.9));
#9094 = VECTOR('',#9095,1.);
#9095 = DIRECTION('',(-8.005271551411E-50,-1.221245327088E-15,-1.));
#9096 = ORIENTED_EDGE('',*,*,#8973,.T.);
#9097 = ORIENTED_EDGE('',*,*,#9039,.F.);
#9098 = ORIENTED_EDGE('',*,*,#9033,.F.);
#9099 = ORIENTED_EDGE('',*,*,#9100,.F.);
#9100 = EDGE_CURVE('',#9090,#9026,#9101,.T.);
#9101 = LINE('',#9102,#9103);
#9102 = CARTESIAN_POINT('',(-0.23,-3.81,2.));
#9103 = VECTOR('',#9104,1.);
#9104 = DIRECTION('',(0.,1.,-1.110223024625E-15));
#9105 = PLANE('',#9106);
#9106 = AXIS2_PLACEMENT_3D('',#9107,#9108,#9109);
#9107 = CARTESIAN_POINT('',(-0.23,-4.81,3.9));
#9108 = DIRECTION('',(-1.,-2.102719556706E-32,2.575941704354E-47));
#9109 = DIRECTION('',(-8.005271550247E-50,-1.221245327088E-15,-1.));
#9110 = ADVANCED_FACE('',(#9111,#9130),#9159,.F.);
#9111 = FACE_BOUND('',#9112,.F.);
#9112 = EDGE_LOOP('',(#9113,#9114,#9123,#9129));
#9113 = ORIENTED_EDGE('',*,*,#8983,.F.);
#9114 = ORIENTED_EDGE('',*,*,#9115,.F.);
#9115 = EDGE_CURVE('',#9116,#8984,#9118,.T.);
#9116 = VERTEX_POINT('',#9117);
#9117 = CARTESIAN_POINT('',(-0.23,-4.81,0.833809621031));
#9118 = CIRCLE('',#9119,1.9);
#9119 = AXIS2_PLACEMENT_3D('',#9120,#9121,#9122);
#9120 = CARTESIAN_POINT('',(1.27,-4.81,2.));
#9121 = DIRECTION('',(0.,-1.,1.110223024625E-15));
#9122 = DIRECTION('',(1.,0.,0.));
#9123 = ORIENTED_EDGE('',*,*,#9124,.F.);
#9124 = EDGE_CURVE('',#9090,#9116,#9125,.T.);
#9125 = LINE('',#9126,#9127);
#9126 = CARTESIAN_POINT('',(-0.23,-4.81,3.9));
#9127 = VECTOR('',#9128,1.);
#9128 = DIRECTION('',(-8.005271551411E-50,-1.221245327088E-15,-1.));
#9129 = ORIENTED_EDGE('',*,*,#9089,.F.);
#9130 = FACE_BOUND('',#9131,.F.);
#9131 = EDGE_LOOP('',(#9132,#9143,#9152));
#9132 = ORIENTED_EDGE('',*,*,#9133,.T.);
#9133 = EDGE_CURVE('',#9134,#9136,#9138,.T.);
#9134 = VERTEX_POINT('',#9135);
#9135 = CARTESIAN_POINT('',(1.27,-4.81,3.5));
#9136 = VERTEX_POINT('',#9137);
#9137 = CARTESIAN_POINT('',(-0.23,-4.81,2.));
#9138 = CIRCLE('',#9139,1.5);
#9139 = AXIS2_PLACEMENT_3D('',#9140,#9141,#9142);
#9140 = CARTESIAN_POINT('',(1.27,-4.81,2.));
#9141 = DIRECTION('',(0.,-1.,1.110223024625E-15));
#9142 = DIRECTION('',(1.,0.,0.));
#9143 = ORIENTED_EDGE('',*,*,#9144,.T.);
#9144 = EDGE_CURVE('',#9136,#9145,#9147,.T.);
#9145 = VERTEX_POINT('',#9146);
#9146 = CARTESIAN_POINT('',(2.77,-4.81,2.));
#9147 = CIRCLE('',#9148,1.5);
#9148 = AXIS2_PLACEMENT_3D('',#9149,#9150,#9151);
#9149 = CARTESIAN_POINT('',(1.27,-4.81,2.));
#9150 = DIRECTION('',(0.,-1.,1.110223024625E-15));
#9151 = DIRECTION('',(1.,0.,0.));
#9152 = ORIENTED_EDGE('',*,*,#9153,.T.);
#9153 = EDGE_CURVE('',#9145,#9134,#9154,.T.);
#9154 = CIRCLE('',#9155,1.5);
#9155 = AXIS2_PLACEMENT_3D('',#9156,#9157,#9158);
#9156 = CARTESIAN_POINT('',(1.27,-4.81,2.));
#9157 = DIRECTION('',(0.,-1.,1.110223024625E-15));
#9158 = DIRECTION('',(1.,0.,0.));
#9159 = PLANE('',#9160);
#9160 = AXIS2_PLACEMENT_3D('',#9161,#9162,#9163);
#9161 = CARTESIAN_POINT('',(3.17,-4.81,2.));
#9162 = DIRECTION('',(-2.102719556706E-32,1.,-1.158067919543E-15));
#9163 = DIRECTION('',(0.,1.158067919543E-15,1.));
#9164 = ADVANCED_FACE('',(#9165),#9176,.T.);
#9165 = FACE_BOUND('',#9166,.T.);
#9166 = EDGE_LOOP('',(#9167,#9168,#9174,#9175));
#9167 = ORIENTED_EDGE('',*,*,#9115,.F.);
#9168 = ORIENTED_EDGE('',*,*,#9169,.T.);
#9169 = EDGE_CURVE('',#9116,#9017,#9170,.T.);
#9170 = LINE('',#9171,#9172);
#9171 = CARTESIAN_POINT('',(-0.23,-3.81,0.833809621031));
#9172 = VECTOR('',#9173,1.);
#9173 = DIRECTION('',(0.,1.,-1.110223024625E-15));
#9174 = ORIENTED_EDGE('',*,*,#9016,.T.);
#9175 = ORIENTED_EDGE('',*,*,#8992,.T.);
#9176 = CYLINDRICAL_SURFACE('',#9177,1.9);
#9177 = AXIS2_PLACEMENT_3D('',#9178,#9179,#9180);
#9178 = CARTESIAN_POINT('',(1.27,-3.81,2.));
#9179 = DIRECTION('',(0.,1.,-1.110223024625E-15));
#9180 = DIRECTION('',(1.,0.,0.));
#9181 = ADVANCED_FACE('',(#9182),#9188,.T.);
#9182 = FACE_BOUND('',#9183,.T.);
#9183 = EDGE_LOOP('',(#9184,#9185,#9186,#9187));
#9184 = ORIENTED_EDGE('',*,*,#9124,.F.);
#9185 = ORIENTED_EDGE('',*,*,#9100,.T.);
#9186 = ORIENTED_EDGE('',*,*,#9025,.F.);
#9187 = ORIENTED_EDGE('',*,*,#9169,.F.);
#9188 = PLANE('',#9189);
#9189 = AXIS2_PLACEMENT_3D('',#9190,#9191,#9192);
#9190 = CARTESIAN_POINT('',(-0.23,-4.81,3.9));
#9191 = DIRECTION('',(-1.,-2.102719556706E-32,2.575941704354E-47));
#9192 = DIRECTION('',(-8.005271550247E-50,-1.221245327088E-15,-1.));
#9193 = ADVANCED_FACE('',(#9194,#9200,#9234),#9268,.T.);
#9194 = FACE_BOUND('',#9195,.F.);
#9195 = EDGE_LOOP('',(#9196,#9197,#9198,#9199));
#9196 = ORIENTED_EDGE('',*,*,#9074,.T.);
#9197 = ORIENTED_EDGE('',*,*,#9047,.T.);
#9198 = ORIENTED_EDGE('',*,*,#9058,.T.);
#9199 = ORIENTED_EDGE('',*,*,#9065,.T.);
#9200 = FACE_BOUND('',#9201,.F.);
#9201 = EDGE_LOOP('',(#9202,#9212,#9220,#9228));
#9202 = ORIENTED_EDGE('',*,*,#9203,.F.);
#9203 = EDGE_CURVE('',#9204,#9206,#9208,.T.);
#9204 = VERTEX_POINT('',#9205);
#9205 = CARTESIAN_POINT('',(-3.740648379052E-02,-3.81,2.3));
#9206 = VERTEX_POINT('',#9207);
#9207 = CARTESIAN_POINT('',(-3.740648379052E-02,-3.81,1.7));
#9208 = LINE('',#9209,#9210);
#9209 = CARTESIAN_POINT('',(-3.740648379052E-02,-3.81,1.85));
#9210 = VECTOR('',#9211,1.);
#9211 = DIRECTION('',(0.,0.,-1.));
#9212 = ORIENTED_EDGE('',*,*,#9213,.T.);
#9213 = EDGE_CURVE('',#9204,#9214,#9216,.T.);
#9214 = VERTEX_POINT('',#9215);
#9215 = CARTESIAN_POINT('',(0.562593516209,-3.81,2.3));
#9216 = LINE('',#9217,#9218);
#9217 = CARTESIAN_POINT('',(0.785,-3.81,2.3));
#9218 = VECTOR('',#9219,1.);
#9219 = DIRECTION('',(1.,-5.551115123126E-17,0.));
#9220 = ORIENTED_EDGE('',*,*,#9221,.T.);
#9221 = EDGE_CURVE('',#9214,#9222,#9224,.T.);
#9222 = VERTEX_POINT('',#9223);
#9223 = CARTESIAN_POINT('',(0.562593516209,-3.81,1.7));
#9224 = LINE('',#9225,#9226);
#9225 = CARTESIAN_POINT('',(0.562593516209,-3.81,1.85));
#9226 = VECTOR('',#9227,1.);
#9227 = DIRECTION('',(0.,0.,-1.));
#9228 = ORIENTED_EDGE('',*,*,#9229,.F.);
#9229 = EDGE_CURVE('',#9206,#9222,#9230,.T.);
#9230 = LINE('',#9231,#9232);
#9231 = CARTESIAN_POINT('',(0.785,-3.81,1.7));
#9232 = VECTOR('',#9233,1.);
#9233 = DIRECTION('',(1.,-5.551115123126E-17,0.));
#9234 = FACE_BOUND('',#9235,.F.);
#9235 = EDGE_LOOP('',(#9236,#9246,#9254,#9262));
#9236 = ORIENTED_EDGE('',*,*,#9237,.F.);
#9237 = EDGE_CURVE('',#9238,#9240,#9242,.T.);
#9238 = VERTEX_POINT('',#9239);
#9239 = CARTESIAN_POINT('',(2.577406483791,-3.81,2.3));
#9240 = VERTEX_POINT('',#9241);
#9241 = CARTESIAN_POINT('',(1.977406483791,-3.81,2.3));
#9242 = LINE('',#9243,#9244);
#9243 = CARTESIAN_POINT('',(2.055,-3.81,2.3));
#9244 = VECTOR('',#9245,1.);
#9245 = DIRECTION('',(-1.,5.551115123126E-17,0.));
#9246 = ORIENTED_EDGE('',*,*,#9247,.T.);
#9247 = EDGE_CURVE('',#9238,#9248,#9250,.T.);
#9248 = VERTEX_POINT('',#9249);
#9249 = CARTESIAN_POINT('',(2.577406483791,-3.81,1.7));
#9250 = LINE('',#9251,#9252);
#9251 = CARTESIAN_POINT('',(2.577406483791,-3.81,1.85));
#9252 = VECTOR('',#9253,1.);
#9253 = DIRECTION('',(0.,0.,-1.));
#9254 = ORIENTED_EDGE('',*,*,#9255,.T.);
#9255 = EDGE_CURVE('',#9248,#9256,#9258,.T.);
#9256 = VERTEX_POINT('',#9257);
#9257 = CARTESIAN_POINT('',(1.977406483791,-3.81,1.7));
#9258 = LINE('',#9259,#9260);
#9259 = CARTESIAN_POINT('',(2.055,-3.81,1.7));
#9260 = VECTOR('',#9261,1.);
#9261 = DIRECTION('',(-1.,5.551115123126E-17,0.));
#9262 = ORIENTED_EDGE('',*,*,#9263,.F.);
#9263 = EDGE_CURVE('',#9240,#9256,#9264,.T.);
#9264 = LINE('',#9265,#9266);
#9265 = CARTESIAN_POINT('',(1.977406483791,-3.81,1.85));
#9266 = VECTOR('',#9267,1.);
#9267 = DIRECTION('',(0.,0.,-1.));
#9268 = PLANE('',#9269);
#9269 = AXIS2_PLACEMENT_3D('',#9270,#9271,#9272);
#9270 = CARTESIAN_POINT('',(1.27,-3.81,2.));
#9271 = DIRECTION('',(5.551115123126E-17,1.,0.));
#9272 = DIRECTION('',(-6.699814777041E-17,3.719144313098E-33,1.));
#9273 = ADVANCED_FACE('',(#9274),#9295,.T.);
#9274 = FACE_BOUND('',#9275,.T.);
#9275 = EDGE_LOOP('',(#9276,#9284,#9291,#9292,#9293,#9294));
#9276 = ORIENTED_EDGE('',*,*,#9277,.T.);
#9277 = EDGE_CURVE('',#9134,#9278,#9280,.T.);
#9278 = VERTEX_POINT('',#9279);
#9279 = CARTESIAN_POINT('',(1.27,-7.61,3.5));
#9280 = LINE('',#9281,#9282);
#9281 = CARTESIAN_POINT('',(1.27,-3.81,3.5));
#9282 = VECTOR('',#9283,1.);
#9283 = DIRECTION('',(-3.08148791102E-33,-1.,5.551115123126E-17));
#9284 = ORIENTED_EDGE('',*,*,#9285,.T.);
#9285 = EDGE_CURVE('',#9278,#9278,#9286,.T.);
#9286 = CIRCLE('',#9287,1.5);
#9287 = AXIS2_PLACEMENT_3D('',#9288,#9289,#9290);
#9288 = CARTESIAN_POINT('',(1.27,-7.61,2.));
#9289 = DIRECTION('',(5.551115123126E-17,1.,0.));
#9290 = DIRECTION('',(-8.143104709055E-17,4.520331169963E-33,1.));
#9291 = ORIENTED_EDGE('',*,*,#9277,.F.);
#9292 = ORIENTED_EDGE('',*,*,#9133,.T.);
#9293 = ORIENTED_EDGE('',*,*,#9144,.T.);
#9294 = ORIENTED_EDGE('',*,*,#9153,.T.);
#9295 = CYLINDRICAL_SURFACE('',#9296,1.5);
#9296 = AXIS2_PLACEMENT_3D('',#9297,#9298,#9299);
#9297 = CARTESIAN_POINT('',(1.27,-3.81,2.));
#9298 = DIRECTION('',(-5.551115123126E-17,-1.,0.));
#9299 = DIRECTION('',(-6.699814777041E-17,3.719144313098E-33,1.));
#9300 = ADVANCED_FACE('',(#9301),#9326,.F.);
#9301 = FACE_BOUND('',#9302,.F.);
#9302 = EDGE_LOOP('',(#9303,#9311,#9319,#9325));
#9303 = ORIENTED_EDGE('',*,*,#9304,.F.);
#9304 = EDGE_CURVE('',#9305,#9206,#9307,.T.);
#9305 = VERTEX_POINT('',#9306);
#9306 = CARTESIAN_POINT('',(-0.3,-0.3,1.7));
#9307 = LINE('',#9308,#9309);
#9308 = CARTESIAN_POINT('',(-0.3,-0.3,1.7));
#9309 = VECTOR('',#9310,1.);
#9310 = DIRECTION('',(7.460447900776E-02,-0.997213202736,0.));
#9311 = ORIENTED_EDGE('',*,*,#9312,.T.);
#9312 = EDGE_CURVE('',#9305,#9313,#9315,.T.);
#9313 = VERTEX_POINT('',#9314);
#9314 = CARTESIAN_POINT('',(-0.3,-0.3,2.3));
#9315 = LINE('',#9316,#9317);
#9316 = CARTESIAN_POINT('',(-0.3,-0.3,1.7));
#9317 = VECTOR('',#9318,1.);
#9318 = DIRECTION('',(0.,0.,1.));
#9319 = ORIENTED_EDGE('',*,*,#9320,.T.);
#9320 = EDGE_CURVE('',#9313,#9204,#9321,.T.);
#9321 = LINE('',#9322,#9323);
#9322 = CARTESIAN_POINT('',(-0.3,-0.3,2.3));
#9323 = VECTOR('',#9324,1.);
#9324 = DIRECTION('',(7.460447900776E-02,-0.997213202736,0.));
#9325 = ORIENTED_EDGE('',*,*,#9203,.T.);
#9326 = PLANE('',#9327);
#9327 = AXIS2_PLACEMENT_3D('',#9328,#9329,#9330);
#9328 = CARTESIAN_POINT('',(-0.3,-0.3,1.7));
#9329 = DIRECTION('',(0.997213202736,7.460447900776E-02,0.));
#9330 = DIRECTION('',(7.460447900776E-02,-0.997213202736,0.));
#9331 = ADVANCED_FACE('',(#9332),#9366,.T.);
#9332 = FACE_BOUND('',#9333,.T.);
#9333 = EDGE_LOOP('',(#9334,#9344,#9352,#9358,#9359,#9360));
#9334 = ORIENTED_EDGE('',*,*,#9335,.F.);
#9335 = EDGE_CURVE('',#9336,#9338,#9340,.T.);
#9336 = VERTEX_POINT('',#9337);
#9337 = CARTESIAN_POINT('',(0.3,0.3,2.3));
#9338 = VERTEX_POINT('',#9339);
#9339 = CARTESIAN_POINT('',(0.3,-0.3,2.3));
#9340 = LINE('',#9341,#9342);
#9341 = CARTESIAN_POINT('',(0.3,0.3,2.3));
#9342 = VECTOR('',#9343,1.);
#9343 = DIRECTION('',(0.,-1.,0.));
#9344 = ORIENTED_EDGE('',*,*,#9345,.T.);
#9345 = EDGE_CURVE('',#9336,#9346,#9348,.T.);
#9346 = VERTEX_POINT('',#9347);
#9347 = CARTESIAN_POINT('',(-0.3,0.3,2.3));
#9348 = LINE('',#9349,#9350);
#9349 = CARTESIAN_POINT('',(0.3,0.3,2.3));
#9350 = VECTOR('',#9351,1.);
#9351 = DIRECTION('',(-1.,0.,0.));
#9352 = ORIENTED_EDGE('',*,*,#9353,.T.);
#9353 = EDGE_CURVE('',#9346,#9313,#9354,.T.);
#9354 = LINE('',#9355,#9356);
#9355 = CARTESIAN_POINT('',(-0.3,0.3,2.3));
#9356 = VECTOR('',#9357,1.);
#9357 = DIRECTION('',(0.,-1.,0.));
#9358 = ORIENTED_EDGE('',*,*,#9320,.T.);
#9359 = ORIENTED_EDGE('',*,*,#9213,.T.);
#9360 = ORIENTED_EDGE('',*,*,#9361,.F.);
#9361 = EDGE_CURVE('',#9338,#9214,#9362,.T.);
#9362 = LINE('',#9363,#9364);
#9363 = CARTESIAN_POINT('',(0.3,-0.3,2.3));
#9364 = VECTOR('',#9365,1.);
#9365 = DIRECTION('',(7.460447900776E-02,-0.997213202736,0.));
#9366 = PLANE('',#9367);
#9367 = AXIS2_PLACEMENT_3D('',#9368,#9369,#9370);
#9368 = CARTESIAN_POINT('',(0.3,0.3,2.3));
#9369 = DIRECTION('',(0.,0.,1.));
#9370 = DIRECTION('',(1.,0.,-0.));
#9371 = ADVANCED_FACE('',(#9372),#9390,.F.);
#9372 = FACE_BOUND('',#9373,.F.);
#9373 = EDGE_LOOP('',(#9374,#9382,#9388,#9389));
#9374 = ORIENTED_EDGE('',*,*,#9375,.F.);
#9375 = EDGE_CURVE('',#9376,#9222,#9378,.T.);
#9376 = VERTEX_POINT('',#9377);
#9377 = CARTESIAN_POINT('',(0.3,-0.3,1.7));
#9378 = LINE('',#9379,#9380);
#9379 = CARTESIAN_POINT('',(0.3,-0.3,1.7));
#9380 = VECTOR('',#9381,1.);
#9381 = DIRECTION('',(7.460447900776E-02,-0.997213202736,0.));
#9382 = ORIENTED_EDGE('',*,*,#9383,.F.);
#9383 = EDGE_CURVE('',#9305,#9376,#9384,.T.);
#9384 = LINE('',#9385,#9386);
#9385 = CARTESIAN_POINT('',(-0.3,-0.3,1.7));
#9386 = VECTOR('',#9387,1.);
#9387 = DIRECTION('',(1.,0.,0.));
#9388 = ORIENTED_EDGE('',*,*,#9304,.T.);
#9389 = ORIENTED_EDGE('',*,*,#9229,.T.);
#9390 = PLANE('',#9391);
#9391 = AXIS2_PLACEMENT_3D('',#9392,#9393,#9394);
#9392 = CARTESIAN_POINT('',(0.3,0.3,1.7));
#9393 = DIRECTION('',(0.,0.,1.));
#9394 = DIRECTION('',(1.,0.,-0.));
#9395 = ADVANCED_FACE('',(#9396),#9407,.T.);
#9396 = FACE_BOUND('',#9397,.T.);
#9397 = EDGE_LOOP('',(#9398,#9399,#9405,#9406));
#9398 = ORIENTED_EDGE('',*,*,#9375,.F.);
#9399 = ORIENTED_EDGE('',*,*,#9400,.T.);
#9400 = EDGE_CURVE('',#9376,#9338,#9401,.T.);
#9401 = LINE('',#9402,#9403);
#9402 = CARTESIAN_POINT('',(0.3,-0.3,1.7));
#9403 = VECTOR('',#9404,1.);
#9404 = DIRECTION('',(0.,0.,1.));
#9405 = ORIENTED_EDGE('',*,*,#9361,.T.);
#9406 = ORIENTED_EDGE('',*,*,#9221,.T.);
#9407 = PLANE('',#9408);
#9408 = AXIS2_PLACEMENT_3D('',#9409,#9410,#9411);
#9409 = CARTESIAN_POINT('',(0.3,-0.3,1.7));
#9410 = DIRECTION('',(0.997213202736,7.460447900776E-02,0.));
#9411 = DIRECTION('',(7.460447900776E-02,-0.997213202736,0.));
#9412 = ADVANCED_FACE('',(#9413),#9454,.F.);
#9413 = FACE_BOUND('',#9414,.F.);
#9414 = EDGE_LOOP('',(#9415,#9425,#9433,#9439,#9440,#9448));
#9415 = ORIENTED_EDGE('',*,*,#9416,.F.);
#9416 = EDGE_CURVE('',#9417,#9419,#9421,.T.);
#9417 = VERTEX_POINT('',#9418);
#9418 = CARTESIAN_POINT('',(2.84,0.3,2.3));
#9419 = VERTEX_POINT('',#9420);
#9420 = CARTESIAN_POINT('',(2.24,0.3,2.3));
#9421 = LINE('',#9422,#9423);
#9422 = CARTESIAN_POINT('',(2.84,0.3,2.3));
#9423 = VECTOR('',#9424,1.);
#9424 = DIRECTION('',(-1.,0.,0.));
#9425 = ORIENTED_EDGE('',*,*,#9426,.T.);
#9426 = EDGE_CURVE('',#9417,#9427,#9429,.T.);
#9427 = VERTEX_POINT('',#9428);
#9428 = CARTESIAN_POINT('',(2.84,-0.3,2.3));
#9429 = LINE('',#9430,#9431);
#9430 = CARTESIAN_POINT('',(2.84,0.3,2.3));
#9431 = VECTOR('',#9432,1.);
#9432 = DIRECTION('',(0.,-1.,0.));
#9433 = ORIENTED_EDGE('',*,*,#9434,.T.);
#9434 = EDGE_CURVE('',#9427,#9238,#9435,.T.);
#9435 = LINE('',#9436,#9437);
#9436 = CARTESIAN_POINT('',(2.84,-0.3,2.3));
#9437 = VECTOR('',#9438,1.);
#9438 = DIRECTION('',(-7.460447900776E-02,-0.997213202736,0.));
#9439 = ORIENTED_EDGE('',*,*,#9237,.T.);
#9440 = ORIENTED_EDGE('',*,*,#9441,.F.);
#9441 = EDGE_CURVE('',#9442,#9240,#9444,.T.);
#9442 = VERTEX_POINT('',#9443);
#9443 = CARTESIAN_POINT('',(2.24,-0.3,2.3));
#9444 = LINE('',#9445,#9446);
#9445 = CARTESIAN_POINT('',(2.24,-0.3,2.3));
#9446 = VECTOR('',#9447,1.);
#9447 = DIRECTION('',(-7.460447900776E-02,-0.997213202736,0.));
#9448 = ORIENTED_EDGE('',*,*,#9449,.F.);
#9449 = EDGE_CURVE('',#9419,#9442,#9450,.T.);
#9450 = LINE('',#9451,#9452);
#9451 = CARTESIAN_POINT('',(2.24,0.3,2.3));
#9452 = VECTOR('',#9453,1.);
#9453 = DIRECTION('',(0.,-1.,0.));
#9454 = PLANE('',#9455);
#9455 = AXIS2_PLACEMENT_3D('',#9456,#9457,#9458);
#9456 = CARTESIAN_POINT('',(2.84,0.3,2.3));
#9457 = DIRECTION('',(0.,0.,-1.));
#9458 = DIRECTION('',(-1.,0.,0.));
#9459 = ADVANCED_FACE('',(#9460),#9478,.T.);
#9460 = FACE_BOUND('',#9461,.T.);
#9461 = EDGE_LOOP('',(#9462,#9470,#9476,#9477));
#9462 = ORIENTED_EDGE('',*,*,#9463,.F.);
#9463 = EDGE_CURVE('',#9464,#9248,#9466,.T.);
#9464 = VERTEX_POINT('',#9465);
#9465 = CARTESIAN_POINT('',(2.84,-0.3,1.7));
#9466 = LINE('',#9467,#9468);
#9467 = CARTESIAN_POINT('',(2.84,-0.3,1.7));
#9468 = VECTOR('',#9469,1.);
#9469 = DIRECTION('',(-7.460447900776E-02,-0.997213202736,0.));
#9470 = ORIENTED_EDGE('',*,*,#9471,.T.);
#9471 = EDGE_CURVE('',#9464,#9427,#9472,.T.);
#9472 = LINE('',#9473,#9474);
#9473 = CARTESIAN_POINT('',(2.84,-0.3,1.7));
#9474 = VECTOR('',#9475,1.);
#9475 = DIRECTION('',(0.,0.,1.));
#9476 = ORIENTED_EDGE('',*,*,#9434,.T.);
#9477 = ORIENTED_EDGE('',*,*,#9247,.T.);
#9478 = PLANE('',#9479);
#9479 = AXIS2_PLACEMENT_3D('',#9480,#9481,#9482);
#9480 = CARTESIAN_POINT('',(2.84,-0.3,1.7));
#9481 = DIRECTION('',(0.997213202736,-7.460447900776E-02,0.));
#9482 = DIRECTION('',(-7.460447900776E-02,-0.997213202736,0.));
#9483 = ADVANCED_FACE('',(#9484),#9502,.F.);
#9484 = FACE_BOUND('',#9485,.F.);
#9485 = EDGE_LOOP('',(#9486,#9494,#9500,#9501));
#9486 = ORIENTED_EDGE('',*,*,#9487,.F.);
#9487 = EDGE_CURVE('',#9488,#9256,#9490,.T.);
#9488 = VERTEX_POINT('',#9489);
#9489 = CARTESIAN_POINT('',(2.24,-0.3,1.7));
#9490 = LINE('',#9491,#9492);
#9491 = CARTESIAN_POINT('',(2.24,-0.3,1.7));
#9492 = VECTOR('',#9493,1.);
#9493 = DIRECTION('',(-7.460447900776E-02,-0.997213202736,0.));
#9494 = ORIENTED_EDGE('',*,*,#9495,.T.);
#9495 = EDGE_CURVE('',#9488,#9442,#9496,.T.);
#9496 = LINE('',#9497,#9498);
#9497 = CARTESIAN_POINT('',(2.24,-0.3,1.7));
#9498 = VECTOR('',#9499,1.);
#9499 = DIRECTION('',(0.,0.,1.));
#9500 = ORIENTED_EDGE('',*,*,#9441,.T.);
#9501 = ORIENTED_EDGE('',*,*,#9263,.T.);
#9502 = PLANE('',#9503);
#9503 = AXIS2_PLACEMENT_3D('',#9504,#9505,#9506);
#9504 = CARTESIAN_POINT('',(2.24,-0.3,1.7));
#9505 = DIRECTION('',(0.997213202736,-7.460447900776E-02,0.));
#9506 = DIRECTION('',(-7.460447900776E-02,-0.997213202736,0.));
#9507 = ADVANCED_FACE('',(#9508),#9519,.T.);
#9508 = FACE_BOUND('',#9509,.T.);
#9509 = EDGE_LOOP('',(#9510,#9511,#9517,#9518));
#9510 = ORIENTED_EDGE('',*,*,#9487,.F.);
#9511 = ORIENTED_EDGE('',*,*,#9512,.T.);
#9512 = EDGE_CURVE('',#9488,#9464,#9513,.T.);
#9513 = LINE('',#9514,#9515);
#9514 = CARTESIAN_POINT('',(2.24,-0.3,1.7));
#9515 = VECTOR('',#9516,1.);
#9516 = DIRECTION('',(1.,0.,0.));
#9517 = ORIENTED_EDGE('',*,*,#9463,.T.);
#9518 = ORIENTED_EDGE('',*,*,#9255,.T.);
#9519 = PLANE('',#9520);
#9520 = AXIS2_PLACEMENT_3D('',#9521,#9522,#9523);
#9521 = CARTESIAN_POINT('',(2.84,0.3,1.7));
#9522 = DIRECTION('',(0.,0.,-1.));
#9523 = DIRECTION('',(-1.,0.,0.));
#9524 = ADVANCED_FACE('',(#9525),#9538,.T.);
#9525 = FACE_BOUND('',#9526,.T.);
#9526 = EDGE_LOOP('',(#9527,#9536,#9537));
#9527 = ORIENTED_EDGE('',*,*,#9528,.T.);
#9528 = EDGE_CURVE('',#9278,#9529,#9531,.T.);
#9529 = VERTEX_POINT('',#9530);
#9530 = CARTESIAN_POINT('',(1.27,-9.11,2.));
#9531 = CIRCLE('',#9532,1.5);
#9532 = AXIS2_PLACEMENT_3D('',#9533,#9534,#9535);
#9533 = CARTESIAN_POINT('',(1.27,-7.61,2.));
#9534 = DIRECTION('',(1.,0.,5.551115123126E-17));
#9535 = DIRECTION('',(3.08148791102E-33,1.,-5.551115123126E-17));
#9536 = ORIENTED_EDGE('',*,*,#9528,.F.);
#9537 = ORIENTED_EDGE('',*,*,#9285,.F.);
#9538 = SPHERICAL_SURFACE('',#9539,1.5);
#9539 = AXIS2_PLACEMENT_3D('',#9540,#9541,#9542);
#9540 = CARTESIAN_POINT('',(1.27,-7.61,2.));
#9541 = DIRECTION('',(-5.551115123126E-17,-1.,0.));
#9542 = DIRECTION('',(-9.47496892308E-17,5.259664328006E-33,1.));
#9543 = ADVANCED_FACE('',(#9544),#9562,.F.);
#9544 = FACE_BOUND('',#9545,.F.);
#9545 = EDGE_LOOP('',(#9546,#9554,#9555,#9556));
#9546 = ORIENTED_EDGE('',*,*,#9547,.T.);
#9547 = EDGE_CURVE('',#9548,#9346,#9550,.T.);
#9548 = VERTEX_POINT('',#9549);
#9549 = CARTESIAN_POINT('',(-0.3,0.3,1.7));
#9550 = LINE('',#9551,#9552);
#9551 = CARTESIAN_POINT('',(-0.3,0.3,1.7));
#9552 = VECTOR('',#9553,1.);
#9553 = DIRECTION('',(0.,0.,1.));
#9554 = ORIENTED_EDGE('',*,*,#9353,.T.);
#9555 = ORIENTED_EDGE('',*,*,#9312,.F.);
#9556 = ORIENTED_EDGE('',*,*,#9557,.F.);
#9557 = EDGE_CURVE('',#9548,#9305,#9558,.T.);
#9558 = LINE('',#9559,#9560);
#9559 = CARTESIAN_POINT('',(-0.3,0.3,1.7));
#9560 = VECTOR('',#9561,1.);
#9561 = DIRECTION('',(0.,-1.,0.));
#9562 = PLANE('',#9563);
#9563 = AXIS2_PLACEMENT_3D('',#9564,#9565,#9566);
#9564 = CARTESIAN_POINT('',(-0.3,0.3,1.7));
#9565 = DIRECTION('',(1.,0.,0.));
#9566 = DIRECTION('',(0.,-1.,0.));
#9567 = ADVANCED_FACE('',(#9568),#9586,.T.);
#9568 = FACE_BOUND('',#9569,.T.);
#9569 = EDGE_LOOP('',(#9570,#9578,#9579,#9580));
#9570 = ORIENTED_EDGE('',*,*,#9571,.T.);
#9571 = EDGE_CURVE('',#9572,#9336,#9574,.T.);
#9572 = VERTEX_POINT('',#9573);
#9573 = CARTESIAN_POINT('',(0.3,0.3,1.7));
#9574 = LINE('',#9575,#9576);
#9575 = CARTESIAN_POINT('',(0.3,0.3,1.7));
#9576 = VECTOR('',#9577,1.);
#9577 = DIRECTION('',(0.,0.,1.));
#9578 = ORIENTED_EDGE('',*,*,#9335,.T.);
#9579 = ORIENTED_EDGE('',*,*,#9400,.F.);
#9580 = ORIENTED_EDGE('',*,*,#9581,.F.);
#9581 = EDGE_CURVE('',#9572,#9376,#9582,.T.);
#9582 = LINE('',#9583,#9584);
#9583 = CARTESIAN_POINT('',(0.3,0.3,1.7));
#9584 = VECTOR('',#9585,1.);
#9585 = DIRECTION('',(0.,-1.,0.));
#9586 = PLANE('',#9587);
#9587 = AXIS2_PLACEMENT_3D('',#9588,#9589,#9590);
#9588 = CARTESIAN_POINT('',(0.3,0.3,1.7));
#9589 = DIRECTION('',(1.,0.,0.));
#9590 = DIRECTION('',(0.,-1.,0.));
#9591 = ADVANCED_FACE('',(#9592),#9603,.F.);
#9592 = FACE_BOUND('',#9593,.F.);
#9593 = EDGE_LOOP('',(#9594,#9595,#9596,#9597));
#9594 = ORIENTED_EDGE('',*,*,#9571,.T.);
#9595 = ORIENTED_EDGE('',*,*,#9345,.T.);
#9596 = ORIENTED_EDGE('',*,*,#9547,.F.);
#9597 = ORIENTED_EDGE('',*,*,#9598,.F.);
#9598 = EDGE_CURVE('',#9572,#9548,#9599,.T.);
#9599 = LINE('',#9600,#9601);
#9600 = CARTESIAN_POINT('',(0.3,0.3,1.7));
#9601 = VECTOR('',#9602,1.);
#9602 = DIRECTION('',(-1.,0.,0.));
#9603 = PLANE('',#9604);
#9604 = AXIS2_PLACEMENT_3D('',#9605,#9606,#9607);
#9605 = CARTESIAN_POINT('',(0.3,0.3,1.7));
#9606 = DIRECTION('',(0.,-1.,0.));
#9607 = DIRECTION('',(-1.,0.,0.));
#9608 = ADVANCED_FACE('',(#9609),#9634,.F.);
#9609 = FACE_BOUND('',#9610,.F.);
#9610 = EDGE_LOOP('',(#9611,#9619,#9620,#9628));
#9611 = ORIENTED_EDGE('',*,*,#9612,.T.);
#9612 = EDGE_CURVE('',#9613,#9305,#9615,.T.);
#9613 = VERTEX_POINT('',#9614);
#9614 = CARTESIAN_POINT('',(-0.3,-0.3,-2.));
#9615 = LINE('',#9616,#9617);
#9616 = CARTESIAN_POINT('',(-0.3,-0.3,-2.));
#9617 = VECTOR('',#9618,1.);
#9618 = DIRECTION('',(0.,0.,1.));
#9619 = ORIENTED_EDGE('',*,*,#9383,.T.);
#9620 = ORIENTED_EDGE('',*,*,#9621,.F.);
#9621 = EDGE_CURVE('',#9622,#9376,#9624,.T.);
#9622 = VERTEX_POINT('',#9623);
#9623 = CARTESIAN_POINT('',(0.3,-0.3,-2.));
#9624 = LINE('',#9625,#9626);
#9625 = CARTESIAN_POINT('',(0.3,-0.3,-2.));
#9626 = VECTOR('',#9627,1.);
#9627 = DIRECTION('',(0.,0.,1.));
#9628 = ORIENTED_EDGE('',*,*,#9629,.F.);
#9629 = EDGE_CURVE('',#9613,#9622,#9630,.T.);
#9630 = LINE('',#9631,#9632);
#9631 = CARTESIAN_POINT('',(-0.3,-0.3,-2.));
#9632 = VECTOR('',#9633,1.);
#9633 = DIRECTION('',(1.,0.,0.));
#9634 = PLANE('',#9635);
#9635 = AXIS2_PLACEMENT_3D('',#9636,#9637,#9638);
#9636 = CARTESIAN_POINT('',(-0.3,-0.3,-2.));
#9637 = DIRECTION('',(0.,1.,0.));
#9638 = DIRECTION('',(1.,0.,0.));
#9639 = ADVANCED_FACE('',(#9640),#9665,.F.);
#9640 = FACE_BOUND('',#9641,.F.);
#9641 = EDGE_LOOP('',(#9642,#9650,#9651,#9659));
#9642 = ORIENTED_EDGE('',*,*,#9643,.T.);
#9643 = EDGE_CURVE('',#9644,#9417,#9646,.T.);
#9644 = VERTEX_POINT('',#9645);
#9645 = CARTESIAN_POINT('',(2.84,0.3,1.7));
#9646 = LINE('',#9647,#9648);
#9647 = CARTESIAN_POINT('',(2.84,0.3,1.7));
#9648 = VECTOR('',#9649,1.);
#9649 = DIRECTION('',(0.,0.,1.));
#9650 = ORIENTED_EDGE('',*,*,#9416,.T.);
#9651 = ORIENTED_EDGE('',*,*,#9652,.F.);
#9652 = EDGE_CURVE('',#9653,#9419,#9655,.T.);
#9653 = VERTEX_POINT('',#9654);
#9654 = CARTESIAN_POINT('',(2.24,0.3,1.7));
#9655 = LINE('',#9656,#9657);
#9656 = CARTESIAN_POINT('',(2.24,0.3,1.7));
#9657 = VECTOR('',#9658,1.);
#9658 = DIRECTION('',(0.,0.,1.));
#9659 = ORIENTED_EDGE('',*,*,#9660,.F.);
#9660 = EDGE_CURVE('',#9644,#9653,#9661,.T.);
#9661 = LINE('',#9662,#9663);
#9662 = CARTESIAN_POINT('',(2.84,0.3,1.7));
#9663 = VECTOR('',#9664,1.);
#9664 = DIRECTION('',(-1.,0.,0.));
#9665 = PLANE('',#9666);
#9666 = AXIS2_PLACEMENT_3D('',#9667,#9668,#9669);
#9667 = CARTESIAN_POINT('',(2.84,0.3,1.7));
#9668 = DIRECTION('',(0.,-1.,0.));
#9669 = DIRECTION('',(-1.,0.,0.));
#9670 = ADVANCED_FACE('',(#9671),#9682,.F.);
#9671 = FACE_BOUND('',#9672,.F.);
#9672 = EDGE_LOOP('',(#9673,#9674,#9675,#9676));
#9673 = ORIENTED_EDGE('',*,*,#9652,.T.);
#9674 = ORIENTED_EDGE('',*,*,#9449,.T.);
#9675 = ORIENTED_EDGE('',*,*,#9495,.F.);
#9676 = ORIENTED_EDGE('',*,*,#9677,.F.);
#9677 = EDGE_CURVE('',#9653,#9488,#9678,.T.);
#9678 = LINE('',#9679,#9680);
#9679 = CARTESIAN_POINT('',(2.24,0.3,1.7));
#9680 = VECTOR('',#9681,1.);
#9681 = DIRECTION('',(0.,-1.,0.));
#9682 = PLANE('',#9683);
#9683 = AXIS2_PLACEMENT_3D('',#9684,#9685,#9686);
#9684 = CARTESIAN_POINT('',(2.24,0.3,1.7));
#9685 = DIRECTION('',(1.,0.,0.));
#9686 = DIRECTION('',(0.,-1.,0.));
#9687 = ADVANCED_FACE('',(#9688),#9699,.T.);
#9688 = FACE_BOUND('',#9689,.T.);
#9689 = EDGE_LOOP('',(#9690,#9691,#9692,#9693));
#9690 = ORIENTED_EDGE('',*,*,#9643,.T.);
#9691 = ORIENTED_EDGE('',*,*,#9426,.T.);
#9692 = ORIENTED_EDGE('',*,*,#9471,.F.);
#9693 = ORIENTED_EDGE('',*,*,#9694,.F.);
#9694 = EDGE_CURVE('',#9644,#9464,#9695,.T.);
#9695 = LINE('',#9696,#9697);
#9696 = CARTESIAN_POINT('',(2.84,0.3,1.7));
#9697 = VECTOR('',#9698,1.);
#9698 = DIRECTION('',(0.,-1.,0.));
#9699 = PLANE('',#9700);
#9700 = AXIS2_PLACEMENT_3D('',#9701,#9702,#9703);
#9701 = CARTESIAN_POINT('',(2.84,0.3,1.7));
#9702 = DIRECTION('',(1.,0.,0.));
#9703 = DIRECTION('',(0.,-1.,0.));
#9704 = ADVANCED_FACE('',(#9705),#9730,.F.);
#9705 = FACE_BOUND('',#9706,.F.);
#9706 = EDGE_LOOP('',(#9707,#9715,#9716,#9724));
#9707 = ORIENTED_EDGE('',*,*,#9708,.T.);
#9708 = EDGE_CURVE('',#9709,#9488,#9711,.T.);
#9709 = VERTEX_POINT('',#9710);
#9710 = CARTESIAN_POINT('',(2.24,-0.3,-2.));
#9711 = LINE('',#9712,#9713);
#9712 = CARTESIAN_POINT('',(2.24,-0.3,-2.));
#9713 = VECTOR('',#9714,1.);
#9714 = DIRECTION('',(0.,0.,1.));
#9715 = ORIENTED_EDGE('',*,*,#9512,.T.);
#9716 = ORIENTED_EDGE('',*,*,#9717,.F.);
#9717 = EDGE_CURVE('',#9718,#9464,#9720,.T.);
#9718 = VERTEX_POINT('',#9719);
#9719 = CARTESIAN_POINT('',(2.84,-0.3,-2.));
#9720 = LINE('',#9721,#9722);
#9721 = CARTESIAN_POINT('',(2.84,-0.3,-2.));
#9722 = VECTOR('',#9723,1.);
#9723 = DIRECTION('',(0.,0.,1.));
#9724 = ORIENTED_EDGE('',*,*,#9725,.F.);
#9725 = EDGE_CURVE('',#9709,#9718,#9726,.T.);
#9726 = LINE('',#9727,#9728);
#9727 = CARTESIAN_POINT('',(2.24,-0.3,-2.));
#9728 = VECTOR('',#9729,1.);
#9729 = DIRECTION('',(1.,0.,0.));
#9730 = PLANE('',#9731);
#9731 = AXIS2_PLACEMENT_3D('',#9732,#9733,#9734);
#9732 = CARTESIAN_POINT('',(2.24,-0.3,-2.));
#9733 = DIRECTION('',(0.,1.,0.));
#9734 = DIRECTION('',(1.,0.,0.));
#9735 = ADVANCED_FACE('',(#9736),#9754,.F.);
#9736 = FACE_BOUND('',#9737,.F.);
#9737 = EDGE_LOOP('',(#9738,#9746,#9747,#9748));
#9738 = ORIENTED_EDGE('',*,*,#9739,.T.);
#9739 = EDGE_CURVE('',#9740,#9548,#9742,.T.);
#9740 = VERTEX_POINT('',#9741);
#9741 = CARTESIAN_POINT('',(-0.3,0.3,-2.));
#9742 = LINE('',#9743,#9744);
#9743 = CARTESIAN_POINT('',(-0.3,0.3,-2.));
#9744 = VECTOR('',#9745,1.);
#9745 = DIRECTION('',(0.,0.,1.));
#9746 = ORIENTED_EDGE('',*,*,#9557,.T.);
#9747 = ORIENTED_EDGE('',*,*,#9612,.F.);
#9748 = ORIENTED_EDGE('',*,*,#9749,.F.);
#9749 = EDGE_CURVE('',#9740,#9613,#9750,.T.);
#9750 = LINE('',#9751,#9752);
#9751 = CARTESIAN_POINT('',(-0.3,0.3,-2.));
#9752 = VECTOR('',#9753,1.);
#9753 = DIRECTION('',(0.,-1.,0.));
#9754 = PLANE('',#9755);
#9755 = AXIS2_PLACEMENT_3D('',#9756,#9757,#9758);
#9756 = CARTESIAN_POINT('',(-0.3,0.3,-2.));
#9757 = DIRECTION('',(1.,0.,0.));
#9758 = DIRECTION('',(0.,-1.,0.));
#9759 = ADVANCED_FACE('',(#9760),#9778,.F.);
#9760 = FACE_BOUND('',#9761,.F.);
#9761 = EDGE_LOOP('',(#9762,#9763,#9764,#9772));
#9762 = ORIENTED_EDGE('',*,*,#9621,.T.);
#9763 = ORIENTED_EDGE('',*,*,#9581,.F.);
#9764 = ORIENTED_EDGE('',*,*,#9765,.F.);
#9765 = EDGE_CURVE('',#9766,#9572,#9768,.T.);
#9766 = VERTEX_POINT('',#9767);
#9767 = CARTESIAN_POINT('',(0.3,0.3,-2.));
#9768 = LINE('',#9769,#9770);
#9769 = CARTESIAN_POINT('',(0.3,0.3,-2.));
#9770 = VECTOR('',#9771,1.);
#9771 = DIRECTION('',(0.,0.,1.));
#9772 = ORIENTED_EDGE('',*,*,#9773,.F.);
#9773 = EDGE_CURVE('',#9622,#9766,#9774,.T.);
#9774 = LINE('',#9775,#9776);
#9775 = CARTESIAN_POINT('',(0.3,-0.3,-2.));
#9776 = VECTOR('',#9777,1.);
#9777 = DIRECTION('',(0.,1.,0.));
#9778 = PLANE('',#9779);
#9779 = AXIS2_PLACEMENT_3D('',#9780,#9781,#9782);
#9780 = CARTESIAN_POINT('',(0.3,-0.3,-2.));
#9781 = DIRECTION('',(-1.,0.,0.));
#9782 = DIRECTION('',(0.,1.,0.));
#9783 = ADVANCED_FACE('',(#9784),#9795,.F.);
#9784 = FACE_BOUND('',#9785,.F.);
#9785 = EDGE_LOOP('',(#9786,#9787,#9788,#9789));
#9786 = ORIENTED_EDGE('',*,*,#9765,.T.);
#9787 = ORIENTED_EDGE('',*,*,#9598,.T.);
#9788 = ORIENTED_EDGE('',*,*,#9739,.F.);
#9789 = ORIENTED_EDGE('',*,*,#9790,.F.);
#9790 = EDGE_CURVE('',#9766,#9740,#9791,.T.);
#9791 = LINE('',#9792,#9793);
#9792 = CARTESIAN_POINT('',(0.3,0.3,-2.));
#9793 = VECTOR('',#9794,1.);
#9794 = DIRECTION('',(-1.,0.,0.));
#9795 = PLANE('',#9796);
#9796 = AXIS2_PLACEMENT_3D('',#9797,#9798,#9799);
#9797 = CARTESIAN_POINT('',(0.3,0.3,-2.));
#9798 = DIRECTION('',(0.,-1.,0.));
#9799 = DIRECTION('',(-1.,0.,0.));
#9800 = ADVANCED_FACE('',(#9801),#9807,.T.);
#9801 = FACE_BOUND('',#9802,.F.);
#9802 = EDGE_LOOP('',(#9803,#9804,#9805,#9806));
#9803 = ORIENTED_EDGE('',*,*,#9790,.T.);
#9804 = ORIENTED_EDGE('',*,*,#9749,.T.);
#9805 = ORIENTED_EDGE('',*,*,#9629,.T.);
#9806 = ORIENTED_EDGE('',*,*,#9773,.T.);
#9807 = PLANE('',#9808);
#9808 = AXIS2_PLACEMENT_3D('',#9809,#9810,#9811);
#9809 = CARTESIAN_POINT('',(0.3,0.3,-2.));
#9810 = DIRECTION('',(0.,0.,-1.));
#9811 = DIRECTION('',(-1.,0.,0.));
#9812 = ADVANCED_FACE('',(#9813),#9838,.F.);
#9813 = FACE_BOUND('',#9814,.F.);
#9814 = EDGE_LOOP('',(#9815,#9823,#9824,#9832));
#9815 = ORIENTED_EDGE('',*,*,#9816,.T.);
#9816 = EDGE_CURVE('',#9817,#9644,#9819,.T.);
#9817 = VERTEX_POINT('',#9818);
#9818 = CARTESIAN_POINT('',(2.84,0.3,-2.));
#9819 = LINE('',#9820,#9821);
#9820 = CARTESIAN_POINT('',(2.84,0.3,-2.));
#9821 = VECTOR('',#9822,1.);
#9822 = DIRECTION('',(0.,0.,1.));
#9823 = ORIENTED_EDGE('',*,*,#9660,.T.);
#9824 = ORIENTED_EDGE('',*,*,#9825,.F.);
#9825 = EDGE_CURVE('',#9826,#9653,#9828,.T.);
#9826 = VERTEX_POINT('',#9827);
#9827 = CARTESIAN_POINT('',(2.24,0.3,-2.));
#9828 = LINE('',#9829,#9830);
#9829 = CARTESIAN_POINT('',(2.24,0.3,-2.));
#9830 = VECTOR('',#9831,1.);
#9831 = DIRECTION('',(0.,0.,1.));
#9832 = ORIENTED_EDGE('',*,*,#9833,.F.);
#9833 = EDGE_CURVE('',#9817,#9826,#9834,.T.);
#9834 = LINE('',#9835,#9836);
#9835 = CARTESIAN_POINT('',(2.84,0.3,-2.));
#9836 = VECTOR('',#9837,1.);
#9837 = DIRECTION('',(-1.,0.,0.));
#9838 = PLANE('',#9839);
#9839 = AXIS2_PLACEMENT_3D('',#9840,#9841,#9842);
#9840 = CARTESIAN_POINT('',(2.84,0.3,-2.));
#9841 = DIRECTION('',(0.,-1.,0.));
#9842 = DIRECTION('',(-1.,0.,0.));
#9843 = ADVANCED_FACE('',(#9844),#9855,.F.);
#9844 = FACE_BOUND('',#9845,.F.);
#9845 = EDGE_LOOP('',(#9846,#9847,#9848,#9849));
#9846 = ORIENTED_EDGE('',*,*,#9825,.T.);
#9847 = ORIENTED_EDGE('',*,*,#9677,.T.);
#9848 = ORIENTED_EDGE('',*,*,#9708,.F.);
#9849 = ORIENTED_EDGE('',*,*,#9850,.F.);
#9850 = EDGE_CURVE('',#9826,#9709,#9851,.T.);
#9851 = LINE('',#9852,#9853);
#9852 = CARTESIAN_POINT('',(2.24,0.3,-2.));
#9853 = VECTOR('',#9854,1.);
#9854 = DIRECTION('',(0.,-1.,0.));
#9855 = PLANE('',#9856);
#9856 = AXIS2_PLACEMENT_3D('',#9857,#9858,#9859);
#9857 = CARTESIAN_POINT('',(2.24,0.3,-2.));
#9858 = DIRECTION('',(1.,0.,0.));
#9859 = DIRECTION('',(0.,-1.,0.));
#9860 = ADVANCED_FACE('',(#9861),#9872,.F.);
#9861 = FACE_BOUND('',#9862,.F.);
#9862 = EDGE_LOOP('',(#9863,#9864,#9865,#9866));
#9863 = ORIENTED_EDGE('',*,*,#9717,.T.);
#9864 = ORIENTED_EDGE('',*,*,#9694,.F.);
#9865 = ORIENTED_EDGE('',*,*,#9816,.F.);
#9866 = ORIENTED_EDGE('',*,*,#9867,.F.);
#9867 = EDGE_CURVE('',#9718,#9817,#9868,.T.);
#9868 = LINE('',#9869,#9870);
#9869 = CARTESIAN_POINT('',(2.84,-0.3,-2.));
#9870 = VECTOR('',#9871,1.);
#9871 = DIRECTION('',(0.,1.,0.));
#9872 = PLANE('',#9873);
#9873 = AXIS2_PLACEMENT_3D('',#9874,#9875,#9876);
#9874 = CARTESIAN_POINT('',(2.84,-0.3,-2.));
#9875 = DIRECTION('',(-1.,0.,0.));
#9876 = DIRECTION('',(0.,1.,0.));
#9877 = ADVANCED_FACE('',(#9878),#9884,.T.);
#9878 = FACE_BOUND('',#9879,.F.);
#9879 = EDGE_LOOP('',(#9880,#9881,#9882,#9883));
#9880 = ORIENTED_EDGE('',*,*,#9833,.T.);
#9881 = ORIENTED_EDGE('',*,*,#9850,.T.);
#9882 = ORIENTED_EDGE('',*,*,#9725,.T.);
#9883 = ORIENTED_EDGE('',*,*,#9867,.T.);
#9884 = PLANE('',#9885);
#9885 = AXIS2_PLACEMENT_3D('',#9886,#9887,#9888);
#9886 = CARTESIAN_POINT('',(2.84,0.3,-2.));
#9887 = DIRECTION('',(0.,0.,-1.));
#9888 = DIRECTION('',(-1.,0.,0.));
#9889 = ( GEOMETRIC_REPRESENTATION_CONTEXT(3) 
GLOBAL_UNCERTAINTY_ASSIGNED_CONTEXT((#9893)) 
GLOBAL_UNIT_ASSIGNED_CONTEXT((#9890,#9891,#9892)) REPRESENTATION_CONTEXT
('Context #1','3D Context with UNIT and UNCERTAINTY') );
#9890 = ( LENGTH_UNIT() NAMED_UNIT(*) SI_UNIT(.MILLI.,.METRE.) );
#9891 = ( NAMED_UNIT(*) PLANE_ANGLE_UNIT() SI_UNIT($,.RADIAN.) );
#9892 = ( NAMED_UNIT(*) SI_UNIT($,.STERADIAN.) SOLID_ANGLE_UNIT() );
#9893 = UNCERTAINTY_MEASURE_WITH_UNIT(LENGTH_MEASURE(1.E-07),#9890,
  'distance_accuracy_value','confusion accuracy');
#9894 = CONTEXT_DEPENDENT_SHAPE_REPRESENTATION(#9895,#9897);
#9895 = ( REPRESENTATION_RELATIONSHIP('','',#8966,#10) 
REPRESENTATION_RELATIONSHIP_WITH_TRANSFORMATION(#9896) 
SHAPE_REPRESENTATION_RELATIONSHIP() );
#9896 = ITEM_DEFINED_TRANSFORMATION('','',#11,#79);
#9897 = PRODUCT_DEFINITION_SHAPE('Placement','Placement of an item',
  #9898);
#9898 = NEXT_ASSEMBLY_USAGE_OCCURRENCE('17','Q4','',#5,#8961,$);
#9899 = PRODUCT_RELATED_PRODUCT_CATEGORY('part',$,(#8963));
#9900 = CONTEXT_DEPENDENT_SHAPE_REPRESENTATION(#9901,#9903);
#9901 = ( REPRESENTATION_RELATIONSHIP('','',#5297,#10) 
REPRESENTATION_RELATIONSHIP_WITH_TRANSFORMATION(#9902) 
SHAPE_REPRESENTATION_RELATIONSHIP() );
#9902 = ITEM_DEFINED_TRANSFORMATION('','',#11,#83);
#9903 = PRODUCT_DEFINITION_SHAPE('Placement','Placement of an item',
  #9904);
#9904 = NEXT_ASSEMBLY_USAGE_OCCURRENCE('18','R15','',#5,#5292,$);
#9905 = CONTEXT_DEPENDENT_SHAPE_REPRESENTATION(#9906,#9908);
#9906 = ( REPRESENTATION_RELATIONSHIP('','',#3349,#10) 
REPRESENTATION_RELATIONSHIP_WITH_TRANSFORMATION(#9907) 
SHAPE_REPRESENTATION_RELATIONSHIP() );
#9907 = ITEM_DEFINED_TRANSFORMATION('','',#11,#87);
#9908 = PRODUCT_DEFINITION_SHAPE('Placement','Placement of an item',
  #9909);
#9909 = NEXT_ASSEMBLY_USAGE_OCCURRENCE('19','C1','',#5,#3344,$);
#9910 = CONTEXT_DEPENDENT_SHAPE_REPRESENTATION(#9911,#9913);
#9911 = ( REPRESENTATION_RELATIONSHIP('','',#5297,#10) 
REPRESENTATION_RELATIONSHIP_WITH_TRANSFORMATION(#9912) 
SHAPE_REPRESENTATION_RELATIONSHIP() );
#9912 = ITEM_DEFINED_TRANSFORMATION('','',#11,#91);
#9913 = PRODUCT_DEFINITION_SHAPE('Placement','Placement of an item',
  #9914);
#9914 = NEXT_ASSEMBLY_USAGE_OCCURRENCE('20','R18','',#5,#5292,$);
#9915 = SHAPE_DEFINITION_REPRESENTATION(#9916,#9922);
#9916 = PRODUCT_DEFINITION_SHAPE('','',#9917);
#9917 = PRODUCT_DEFINITION('design','',#9918,#9921);
#9918 = PRODUCT_DEFINITION_FORMATION('','',#9919);
#9919 = PRODUCT('C_Radial_D8.0mm_H7.0mm_P3.50mm',
  'C_Radial_D8.0mm_H7.0mm_P3.50mm','',(#9920));
#9920 = PRODUCT_CONTEXT('',#2,'mechanical');
#9921 = PRODUCT_DEFINITION_CONTEXT('part definition',#2,'design');
#9922 = ADVANCED_BREP_SHAPE_REPRESENTATION('',(#11,#9923),#10910);
#9923 = BREP_WITH_VOIDS('',#9924,(#10847));
#9924 = CLOSED_SHELL('',(#9925,#9942,#9967,#9998,#10023,#10048,#10068,
    #10077,#10107,#10142,#10215,#10255,#10328,#10353,#10379,#10399,
    #10569,#10639,#10663,#10679,#10691,#10715,#10731,#10743,#10767,
    #10783,#10795,#10819,#10835));
#9925 = ADVANCED_FACE('',(#9926),#9937,.F.);
#9926 = FACE_BOUND('',#9927,.F.);
#9927 = EDGE_LOOP('',(#9928));
#9928 = ORIENTED_EDGE('',*,*,#9929,.T.);
#9929 = EDGE_CURVE('',#9930,#9930,#9932,.T.);
#9930 = VERTEX_POINT('',#9931);
#9931 = CARTESIAN_POINT('',(3.2,-1.775737858764E-16,-1.9));
#9932 = CIRCLE('',#9933,0.3);
#9933 = AXIS2_PLACEMENT_3D('',#9934,#9935,#9936);
#9934 = CARTESIAN_POINT('',(3.5,-2.143131898508E-16,-1.9));
#9935 = DIRECTION('',(0.,0.,1.));
#9936 = DIRECTION('',(-1.,1.224646799147E-16,0.));
#9937 = PLANE('',#9938);
#9938 = AXIS2_PLACEMENT_3D('',#9939,#9940,#9941);
#9939 = CARTESIAN_POINT('',(3.5,-2.198719319184E-16,-1.9));
#9940 = DIRECTION('',(-1.369550182675E-31,-3.287982278012E-33,1.));
#9941 = DIRECTION('',(-1.,1.224646799147E-16,-1.369550182675E-31));
#9942 = ADVANCED_FACE('',(#9943),#9962,.T.);
#9943 = FACE_BOUND('',#9944,.T.);
#9944 = EDGE_LOOP('',(#9945,#9954,#9960,#9961));
#9945 = ORIENTED_EDGE('',*,*,#9946,.F.);
#9946 = EDGE_CURVE('',#9947,#9947,#9949,.T.);
#9947 = VERTEX_POINT('',#9948);
#9948 = CARTESIAN_POINT('',(3.2,-1.775737858764E-16,0.2));
#9949 = CIRCLE('',#9950,0.3);
#9950 = AXIS2_PLACEMENT_3D('',#9951,#9952,#9953);
#9951 = CARTESIAN_POINT('',(3.5,-2.143131898508E-16,0.2));
#9952 = DIRECTION('',(0.,0.,1.));
#9953 = DIRECTION('',(-1.,1.224646799147E-16,0.));
#9954 = ORIENTED_EDGE('',*,*,#9955,.T.);
#9955 = EDGE_CURVE('',#9947,#9930,#9956,.T.);
#9956 = LINE('',#9957,#9958);
#9957 = CARTESIAN_POINT('',(3.2,-1.775737858764E-16,0.3));
#9958 = VECTOR('',#9959,1.);
#9959 = DIRECTION('',(0.,0.,-1.));
#9960 = ORIENTED_EDGE('',*,*,#9929,.T.);
#9961 = ORIENTED_EDGE('',*,*,#9955,.F.);
#9962 = CYLINDRICAL_SURFACE('',#9963,0.3);
#9963 = AXIS2_PLACEMENT_3D('',#9964,#9965,#9966);
#9964 = CARTESIAN_POINT('',(3.5,-2.143131898508E-16,0.3));
#9965 = DIRECTION('',(0.,0.,1.));
#9966 = DIRECTION('',(-1.,1.224646799147E-16,0.));
#9967 = ADVANCED_FACE('',(#9968,#9979,#9982),#9993,.F.);
#9968 = FACE_BOUND('',#9969,.F.);
#9969 = EDGE_LOOP('',(#9970));
#9970 = ORIENTED_EDGE('',*,*,#9971,.T.);
#9971 = EDGE_CURVE('',#9972,#9972,#9974,.T.);
#9972 = VERTEX_POINT('',#9973);
#9973 = CARTESIAN_POINT('',(4.55,-6.858022075225E-16,0.2));
#9974 = CIRCLE('',#9975,2.8);
#9975 = AXIS2_PLACEMENT_3D('',#9976,#9977,#9978);
#9976 = CARTESIAN_POINT('',(1.75,0.,0.2));
#9977 = DIRECTION('',(-0.,0.,1.));
#9978 = DIRECTION('',(1.,-2.449293598295E-16,0.));
#9979 = FACE_BOUND('',#9980,.F.);
#9980 = EDGE_LOOP('',(#9981));
#9981 = ORIENTED_EDGE('',*,*,#9946,.F.);
#9982 = FACE_BOUND('',#9983,.F.);
#9983 = EDGE_LOOP('',(#9984));
#9984 = ORIENTED_EDGE('',*,*,#9985,.F.);
#9985 = EDGE_CURVE('',#9986,#9986,#9988,.T.);
#9986 = VERTEX_POINT('',#9987);
#9987 = CARTESIAN_POINT('',(-0.3,2.510525938252E-16,0.2));
#9988 = CIRCLE('',#9989,0.3);
#9989 = AXIS2_PLACEMENT_3D('',#9990,#9991,#9992);
#9990 = CARTESIAN_POINT('',(0.,2.143131898508E-16,0.2));
#9991 = DIRECTION('',(0.,0.,1.));
#9992 = DIRECTION('',(-1.,1.224646799147E-16,0.));
#9993 = PLANE('',#9994);
#9994 = AXIS2_PLACEMENT_3D('',#9995,#9996,#9997);
#9995 = CARTESIAN_POINT('',(1.75,1.29885370033E-16,0.2));
#9996 = DIRECTION('',(-5.240625699013E-34,8.554528276292E-35,1.));
#9997 = DIRECTION('',(1.,-2.449293598295E-16,5.240625699013E-34));
#9998 = ADVANCED_FACE('',(#9999),#10018,.F.);
#9999 = FACE_BOUND('',#10000,.F.);
#10000 = EDGE_LOOP('',(#10001,#10002,#10010,#10017));
#10001 = ORIENTED_EDGE('',*,*,#9971,.F.);
#10002 = ORIENTED_EDGE('',*,*,#10003,.T.);
#10003 = EDGE_CURVE('',#9972,#10004,#10006,.T.);
#10004 = VERTEX_POINT('',#10005);
#10005 = CARTESIAN_POINT('',(4.55,-6.858022075225E-16,0.));
#10006 = LINE('',#10007,#10008);
#10007 = CARTESIAN_POINT('',(4.55,-6.858022075225E-16,0.3));
#10008 = VECTOR('',#10009,1.);
#10009 = DIRECTION('',(0.,0.,-1.));
#10010 = ORIENTED_EDGE('',*,*,#10011,.F.);
#10011 = EDGE_CURVE('',#10004,#10004,#10012,.T.);
#10012 = CIRCLE('',#10013,2.8);
#10013 = AXIS2_PLACEMENT_3D('',#10014,#10015,#10016);
#10014 = CARTESIAN_POINT('',(1.75,0.,0.));
#10015 = DIRECTION('',(0.,-0.,-1.));
#10016 = DIRECTION('',(1.,-2.449293598295E-16,0.));
#10017 = ORIENTED_EDGE('',*,*,#10003,.F.);
#10018 = CYLINDRICAL_SURFACE('',#10019,2.8);
#10019 = AXIS2_PLACEMENT_3D('',#10020,#10021,#10022);
#10020 = CARTESIAN_POINT('',(1.75,0.,0.3));
#10021 = DIRECTION('',(0.,0.,-1.));
#10022 = DIRECTION('',(1.,-2.449293598295E-16,0.));
#10023 = ADVANCED_FACE('',(#10024),#10043,.T.);
#10024 = FACE_BOUND('',#10025,.T.);
#10025 = EDGE_LOOP('',(#10026,#10027,#10035,#10042));
#10026 = ORIENTED_EDGE('',*,*,#9985,.F.);
#10027 = ORIENTED_EDGE('',*,*,#10028,.T.);
#10028 = EDGE_CURVE('',#9986,#10029,#10031,.T.);
#10029 = VERTEX_POINT('',#10030);
#10030 = CARTESIAN_POINT('',(-0.3,2.510525938252E-16,-2.));
#10031 = LINE('',#10032,#10033);
#10032 = CARTESIAN_POINT('',(-0.3,2.510525938252E-16,0.3));
#10033 = VECTOR('',#10034,1.);
#10034 = DIRECTION('',(0.,0.,-1.));
#10035 = ORIENTED_EDGE('',*,*,#10036,.T.);
#10036 = EDGE_CURVE('',#10029,#10029,#10037,.T.);
#10037 = CIRCLE('',#10038,0.3);
#10038 = AXIS2_PLACEMENT_3D('',#10039,#10040,#10041);
#10039 = CARTESIAN_POINT('',(0.,2.143131898508E-16,-2.));
#10040 = DIRECTION('',(0.,0.,1.));
#10041 = DIRECTION('',(-1.,1.224646799147E-16,0.));
#10042 = ORIENTED_EDGE('',*,*,#10028,.F.);
#10043 = CYLINDRICAL_SURFACE('',#10044,0.3);
#10044 = AXIS2_PLACEMENT_3D('',#10045,#10046,#10047);
#10045 = CARTESIAN_POINT('',(0.,2.143131898508E-16,0.3));
#10046 = DIRECTION('',(0.,0.,1.));
#10047 = DIRECTION('',(-1.,1.224646799147E-16,0.));
#10048 = ADVANCED_FACE('',(#10049,#10052),#10063,.T.);
#10049 = FACE_BOUND('',#10050,.F.);
#10050 = EDGE_LOOP('',(#10051));
#10051 = ORIENTED_EDGE('',*,*,#10011,.T.);
#10052 = FACE_BOUND('',#10053,.F.);
#10053 = EDGE_LOOP('',(#10054));
#10054 = ORIENTED_EDGE('',*,*,#10055,.F.);
#10055 = EDGE_CURVE('',#10056,#10056,#10058,.T.);
#10056 = VERTEX_POINT('',#10057);
#10057 = CARTESIAN_POINT('',(5.55,-9.30731567352E-16,1.387778780781E-17)
  );
#10058 = CIRCLE('',#10059,3.8);
#10059 = AXIS2_PLACEMENT_3D('',#10060,#10061,#10062);
#10060 = CARTESIAN_POINT('',(1.75,0.,1.387778780781E-17));
#10061 = DIRECTION('',(0.,-0.,-1.));
#10062 = DIRECTION('',(1.,-2.449293598295E-16,0.));
#10063 = PLANE('',#10064);
#10064 = AXIS2_PLACEMENT_3D('',#10065,#10066,#10067);
#10065 = CARTESIAN_POINT('',(1.75,0.,0.));
#10066 = DIRECTION('',(0.,0.,-1.));
#10067 = DIRECTION('',(1.,-2.449293598295E-16,0.));
#10068 = ADVANCED_FACE('',(#10069),#10072,.F.);
#10069 = FACE_BOUND('',#10070,.F.);
#10070 = EDGE_LOOP('',(#10071));
#10071 = ORIENTED_EDGE('',*,*,#10036,.T.);
#10072 = PLANE('',#10073);
#10073 = AXIS2_PLACEMENT_3D('',#10074,#10075,#10076);
#10074 = CARTESIAN_POINT('',(-2.22044604925E-16,2.087544477832E-16,-2.)
  );
#10075 = DIRECTION('',(1.826066910234E-31,-3.287982278012E-33,1.));
#10076 = DIRECTION('',(-1.,1.224646799147E-16,1.826066910234E-31));
#10077 = ADVANCED_FACE('',(#10078),#10098,.F.);
#10078 = FACE_BOUND('',#10079,.F.);
#10079 = EDGE_LOOP('',(#10080,#10081,#10090,#10097));
#10080 = ORIENTED_EDGE('',*,*,#10055,.T.);
#10081 = ORIENTED_EDGE('',*,*,#10082,.T.);
#10082 = EDGE_CURVE('',#10056,#10083,#10085,.T.);
#10083 = VERTEX_POINT('',#10084);
#10084 = CARTESIAN_POINT('',(5.75,-9.797174393179E-16,0.2));
#10085 = CIRCLE('',#10086,0.2);
#10086 = AXIS2_PLACEMENT_3D('',#10087,#10088,#10089);
#10087 = CARTESIAN_POINT('',(5.55,-9.30731567352E-16,0.2));
#10088 = DIRECTION('',(-2.449293598295E-16,-1.,-0.));
#10089 = DIRECTION('',(0.,0.,-1.));
#10090 = ORIENTED_EDGE('',*,*,#10091,.F.);
#10091 = EDGE_CURVE('',#10083,#10083,#10092,.T.);
#10092 = CIRCLE('',#10093,4.);
#10093 = AXIS2_PLACEMENT_3D('',#10094,#10095,#10096);
#10094 = CARTESIAN_POINT('',(1.75,0.,0.2));
#10095 = DIRECTION('',(0.,-0.,-1.));
#10096 = DIRECTION('',(1.,-2.449293598295E-16,0.));
#10097 = ORIENTED_EDGE('',*,*,#10082,.F.);
#10098 = SURFACE_OF_REVOLUTION('',#10099,#10104);
#10099 = CIRCLE('',#10100,0.2);
#10100 = AXIS2_PLACEMENT_3D('',#10101,#10102,#10103);
#10101 = CARTESIAN_POINT('',(5.55,-9.30731567352E-16,0.2));
#10102 = DIRECTION('',(-2.449293598295E-16,-1.,-0.));
#10103 = DIRECTION('',(0.,0.,-1.));
#10104 = AXIS1_PLACEMENT('',#10105,#10106);
#10105 = CARTESIAN_POINT('',(1.75,0.,0.));
#10106 = DIRECTION('',(0.,0.,-1.));
#10107 = ADVANCED_FACE('',(#10108),#10137,.T.);
#10108 = FACE_BOUND('',#10109,.T.);
#10109 = EDGE_LOOP('',(#10110,#10129,#10135,#10136));
#10110 = ORIENTED_EDGE('',*,*,#10111,.T.);
#10111 = EDGE_CURVE('',#10112,#10112,#10114,.T.);
#10112 = VERTEX_POINT('',#10113);
#10113 = CARTESIAN_POINT('',(5.75,-9.797174393179E-16,1.064979142851));
#10114 = ( BOUNDED_CURVE() B_SPLINE_CURVE(13,(#10115,#10116,#10117,
    #10118,#10119,#10120,#10121,#10122,#10123,#10124,#10125,#10126,
#10127,#10128),.UNSPECIFIED.,.T.,.F.) B_SPLINE_CURVE_WITH_KNOTS((1,13,13
    ,1),(-25.13274122871,4.970488814277E-16,25.132741228718,
50.265482457436),.UNSPECIFIED.) CURVE() GEOMETRIC_REPRESENTATION_ITEM() 
RATIONAL_B_SPLINE_CURVE((1.,1.,1.000000000001,0.999999999997,
    1.000000000006,0.999999999991,1.000000000009,0.999999999992,
    1.000000000006,0.999999999996,1.000000000002,0.999999999999,1.,1.)) 
REPRESENTATION_ITEM('') );
#10115 = CARTESIAN_POINT('',(5.75,-9.797174393179E-16,1.064979142851));
#10116 = CARTESIAN_POINT('',(5.750000000002,-1.905321418822,
    1.064979142851));
#10117 = CARTESIAN_POINT('',(4.765267027676,-3.854580985394,
    1.064979142851));
#10118 = CARTESIAN_POINT('',(2.738824457313,-5.24838451341,
    1.064979142851));
#10119 = CARTESIAN_POINT('',(-4.981773663115E-02,-5.462446172586,
    1.064979142851));
#10120 = CARTESIAN_POINT('',(-2.458872671017,-3.976872241645,
    1.064979142851));
#10121 = CARTESIAN_POINT('',(-4.225661405991,-1.808266193146,
    1.064979142851));
#10122 = CARTESIAN_POINT('',(-4.225661406053,1.808266193176,
    1.064979142852));
#10123 = CARTESIAN_POINT('',(-2.458872670992,3.976872241592,
    1.064979142851));
#10124 = CARTESIAN_POINT('',(-4.981773662439E-02,5.462446172634,
    1.064979142851));
#10125 = CARTESIAN_POINT('',(2.738824457296,5.248384513388,
    1.064979142851));
#10126 = CARTESIAN_POINT('',(4.765267027686,3.854580985399,
    1.064979142851));
#10127 = CARTESIAN_POINT('',(5.749999999999,1.905321418822,
    1.064979142851));
#10128 = CARTESIAN_POINT('',(5.75,-9.797174393179E-16,1.064979142851));
#10129 = ORIENTED_EDGE('',*,*,#10130,.F.);
#10130 = EDGE_CURVE('',#10083,#10112,#10131,.T.);
#10131 = LINE('',#10132,#10133);
#10132 = CARTESIAN_POINT('',(5.75,-9.797174393179E-16,0.2));
#10133 = VECTOR('',#10134,1.);
#10134 = DIRECTION('',(0.,0.,1.));
#10135 = ORIENTED_EDGE('',*,*,#10091,.F.);
#10136 = ORIENTED_EDGE('',*,*,#10130,.T.);
#10137 = CYLINDRICAL_SURFACE('',#10138,4.);
#10138 = AXIS2_PLACEMENT_3D('',#10139,#10140,#10141);
#10139 = CARTESIAN_POINT('',(1.75,0.,0.2));
#10140 = DIRECTION('',(0.,0.,1.));
#10141 = DIRECTION('',(1.,-2.449293598295E-16,0.));
#10142 = ADVANCED_FACE('',(#10143),#10172,.T.);
#10143 = FACE_BOUND('',#10144,.T.);
#10144 = EDGE_LOOP('',(#10145,#10153,#10170,#10171));
#10145 = ORIENTED_EDGE('',*,*,#10146,.T.);
#10146 = EDGE_CURVE('',#10112,#10147,#10149,.T.);
#10147 = VERTEX_POINT('',#10148);
#10148 = CARTESIAN_POINT('',(5.669629897377,-9.600324415329E-16,
    1.269338405373));
#10149 = ( BOUNDED_CURVE() B_SPLINE_CURVE(2,(#10150,#10151,#10152),
.UNSPECIFIED.,.F.,.F.) B_SPLINE_CURVE_WITH_KNOTS((3,3),(0.,
25.132741228718),.PIECEWISE_BEZIER_KNOTS.) CURVE() 
GEOMETRIC_REPRESENTATION_ITEM() RATIONAL_B_SPLINE_CURVE((1.,
0.93061798229,1.)) REPRESENTATION_ITEM('') );
#10150 = CARTESIAN_POINT('',(5.75,-9.797174393179E-16,1.064979142851));
#10151 = CARTESIAN_POINT('',(5.75,-2.016939603423E-16,1.182962690499));
#10152 = CARTESIAN_POINT('',(5.669629897377,-9.600324415329E-16,
    1.269338405373));
#10153 = ORIENTED_EDGE('',*,*,#10154,.T.);
#10154 = EDGE_CURVE('',#10147,#10147,#10155,.T.);
#10155 = ( BOUNDED_CURVE() B_SPLINE_CURVE(13,(#10156,#10157,#10158,
    #10159,#10160,#10161,#10162,#10163,#10164,#10165,#10166,#10167,
#10168,#10169),.UNSPECIFIED.,.T.,.F.) B_SPLINE_CURVE_WITH_KNOTS((1,13,13
    ,1),(-25.13274122871,4.970488814277E-16,25.132741228718,
50.265482457436),.UNSPECIFIED.) CURVE() GEOMETRIC_REPRESENTATION_ITEM() 
RATIONAL_B_SPLINE_CURVE((1.,1.,1.000000000001,0.999999999997,
    1.000000000006,0.999999999991,1.000000000009,0.999999999992,
    1.000000000006,0.999999999996,1.000000000002,0.999999999999,1.,1.)) 
REPRESENTATION_ITEM('') );
#10156 = CARTESIAN_POINT('',(5.669629897377,-9.600324415329E-16,
    1.269338405373));
#10157 = CARTESIAN_POINT('',(5.669629897379,-1.867038699332,
    1.269338405373));
#10158 = CARTESIAN_POINT('',(4.704682697562,-3.777132718053,
    1.269338405373));
#10159 = CARTESIAN_POINT('',(2.718956476537,-5.14293121292,
    1.269338405373));
#10160 = CARTESIAN_POINT('',(-1.365485258409E-02,-5.352691832725,
    1.269338405373));
#10161 = CARTESIAN_POINT('',(-2.374305788889,-3.896966834092,
    1.269338405373));
#10162 = CARTESIAN_POINT('',(-4.105595275884,-1.771933558277,
    1.269338405373));
#10163 = CARTESIAN_POINT('',(-4.105595275938,1.771933558307,
    1.269338405373));
#10164 = CARTESIAN_POINT('',(-2.374305788871,3.896966834039,
    1.269338405373));
#10165 = CARTESIAN_POINT('',(-1.365485257408E-02,5.352691832772,
    1.269338405373));
#10166 = CARTESIAN_POINT('',(2.718956476518,5.142931212898,
    1.269338405373));
#10167 = CARTESIAN_POINT('',(4.704682697573,3.777132718059,
    1.269338405373));
#10168 = CARTESIAN_POINT('',(5.669629897376,1.867038699331,
    1.269338405373));
#10169 = CARTESIAN_POINT('',(5.669629897377,-9.600324415329E-16,
    1.269338405373));
#10170 = ORIENTED_EDGE('',*,*,#10146,.F.);
#10171 = ORIENTED_EDGE('',*,*,#10111,.F.);
#10172 = ( BOUNDED_SURFACE() B_SPLINE_SURFACE(2,13,(
    (#10173,#10174,#10175,#10176,#10177,#10178,#10179,#10180,#10181
      ,#10182,#10183,#10184,#10185,#10186)
    ,(#10187,#10188,#10189,#10190,#10191,#10192,#10193,#10194,#10195
      ,#10196,#10197,#10198,#10199,#10200)
    ,(#10201,#10202,#10203,#10204,#10205,#10206,#10207,#10208,#10209
      ,#10210,#10211,#10212,#10213,#10214
)),.UNSPECIFIED.,.F.,.T.,.F.) B_SPLINE_SURFACE_WITH_KNOTS((3,3),(1,13,13
    ,1),(0.,25.132741228718),(-25.13274122871,4.970488814277E-16,
    25.132741228718,50.265482457436),.UNSPECIFIED.) 
GEOMETRIC_REPRESENTATION_ITEM() RATIONAL_B_SPLINE_SURFACE((
    (1.,1.,1.000000000001,0.999999999997,1.000000000006,0.999999999991
      ,1.000000000009,0.999999999992,1.000000000006,0.999999999996
      ,1.000000000002,0.999999999999,1.,1.)
    ,(0.93061798229,0.930617982289,0.930617982291,0.930617982287
      ,0.930617982294,0.930617982284,0.930617982296,0.930617982285
      ,0.930617982293,0.930617982288,0.93061798229,0.930617982289
      ,0.93061798229,0.93061798229)
    ,(1.,1.,1.000000000001,0.999999999997,1.000000000006,0.999999999991
      ,1.000000000009,0.999999999992,1.000000000006,0.999999999996
,1.000000000002,0.999999999999,1.,1.
  ))) REPRESENTATION_ITEM('') SURFACE() );
#10173 = CARTESIAN_POINT('',(5.75,-9.797174393179E-16,1.064979142851));
#10174 = CARTESIAN_POINT('',(5.750000000002,-1.905321418822,
    1.064979142851));
#10175 = CARTESIAN_POINT('',(4.765267027676,-3.854580985394,
    1.064979142851));
#10176 = CARTESIAN_POINT('',(2.738824457313,-5.24838451341,
    1.064979142851));
#10177 = CARTESIAN_POINT('',(-4.981773663115E-02,-5.462446172586,
    1.064979142851));
#10178 = CARTESIAN_POINT('',(-2.458872671017,-3.976872241645,
    1.064979142851));
#10179 = CARTESIAN_POINT('',(-4.225661405991,-1.808266193146,
    1.064979142851));
#10180 = CARTESIAN_POINT('',(-4.225661406053,1.808266193176,
    1.064979142852));
#10181 = CARTESIAN_POINT('',(-2.458872670992,3.976872241592,
    1.064979142851));
#10182 = CARTESIAN_POINT('',(-4.981773662439E-02,5.462446172634,
    1.064979142851));
#10183 = CARTESIAN_POINT('',(2.738824457296,5.248384513388,
    1.064979142851));
#10184 = CARTESIAN_POINT('',(4.765267027686,3.854580985399,
    1.064979142851));
#10185 = CARTESIAN_POINT('',(5.749999999999,1.905321418822,
    1.064979142851));
#10186 = CARTESIAN_POINT('',(5.75,-9.797174393179E-16,1.064979142851));
#10187 = CARTESIAN_POINT('',(5.75,-2.016939603423E-16,1.182962690499));
#10188 = CARTESIAN_POINT('',(5.750000000002,-1.905321418822,
    1.182962690499));
#10189 = CARTESIAN_POINT('',(4.765267027677,-3.854580985394,
    1.182962690499));
#10190 = CARTESIAN_POINT('',(2.738824457312,-5.248384513409,
    1.182962690499));
#10191 = CARTESIAN_POINT('',(-4.981773663261E-02,-5.462446172588,
    1.182962690499));
#10192 = CARTESIAN_POINT('',(-2.458872671009,-3.976872241645,
    1.182962690499));
#10193 = CARTESIAN_POINT('',(-4.225661406006,-1.80826619314,
    1.182962690499));
#10194 = CARTESIAN_POINT('',(-4.225661406039,1.808266193159,
    1.182962690499));
#10195 = CARTESIAN_POINT('',(-2.458872670999,3.976872241611,
    1.182962690499));
#10196 = CARTESIAN_POINT('',(-4.981773662393E-02,5.462446172619,
    1.182962690499));
#10197 = CARTESIAN_POINT('',(2.738824457298,5.248384513395,
    1.182962690499));
#10198 = CARTESIAN_POINT('',(4.765267027684,3.854580985397,
    1.182962690499));
#10199 = CARTESIAN_POINT('',(5.75,1.905321418822,1.182962690499));
#10200 = CARTESIAN_POINT('',(5.75,-2.016939603423E-16,1.182962690499));
#10201 = CARTESIAN_POINT('',(5.669629897377,-9.600324415329E-16,
    1.269338405373));
#10202 = CARTESIAN_POINT('',(5.669629897379,-1.867038699332,
    1.269338405373));
#10203 = CARTESIAN_POINT('',(4.704682697562,-3.777132718053,
    1.269338405373));
#10204 = CARTESIAN_POINT('',(2.718956476537,-5.14293121292,
    1.269338405373));
#10205 = CARTESIAN_POINT('',(-1.365485258409E-02,-5.352691832725,
    1.269338405373));
#10206 = CARTESIAN_POINT('',(-2.374305788889,-3.896966834092,
    1.269338405373));
#10207 = CARTESIAN_POINT('',(-4.105595275884,-1.771933558277,
    1.269338405373));
#10208 = CARTESIAN_POINT('',(-4.105595275938,1.771933558307,
    1.269338405373));
#10209 = CARTESIAN_POINT('',(-2.374305788871,3.896966834039,
    1.269338405373));
#10210 = CARTESIAN_POINT('',(-1.365485257408E-02,5.352691832772,
    1.269338405373));
#10211 = CARTESIAN_POINT('',(2.718956476518,5.142931212898,
    1.269338405373));
#10212 = CARTESIAN_POINT('',(4.704682697573,3.777132718059,
    1.269338405373));
#10213 = CARTESIAN_POINT('',(5.669629897376,1.867038699331,
    1.269338405373));
#10214 = CARTESIAN_POINT('',(5.669629897377,-9.600324415329E-16,
    1.269338405373));
#10215 = ADVANCED_FACE('',(#10216),#10246,.F.);
#10216 = FACE_BOUND('',#10217,.F.);
#10217 = EDGE_LOOP('',(#10218,#10227,#10228,#10229));
#10218 = ORIENTED_EDGE('',*,*,#10219,.F.);
#10219 = EDGE_CURVE('',#10147,#10220,#10222,.T.);
#10220 = VERTEX_POINT('',#10221);
#10221 = CARTESIAN_POINT('',(5.669629897377,-9.600324415329E-16,
    1.930661594627));
#10222 = CIRCLE('',#10223,0.485412195974);
#10223 = AXIS2_PLACEMENT_3D('',#10224,#10225,#10226);
#10224 = CARTESIAN_POINT('',(6.025,-1.047073013271E-15,1.6));
#10225 = DIRECTION('',(2.449293598295E-16,1.,0.));
#10226 = DIRECTION('',(-0.566528822887,1.387595419147E-16,
    -0.824041924199));
#10227 = ORIENTED_EDGE('',*,*,#10154,.T.);
#10228 = ORIENTED_EDGE('',*,*,#10219,.T.);
#10229 = ORIENTED_EDGE('',*,*,#10230,.F.);
#10230 = EDGE_CURVE('',#10220,#10220,#10231,.T.);
#10231 = ( BOUNDED_CURVE() B_SPLINE_CURVE(13,(#10232,#10233,#10234,
    #10235,#10236,#10237,#10238,#10239,#10240,#10241,#10242,#10243,
#10244,#10245),.UNSPECIFIED.,.T.,.F.) B_SPLINE_CURVE_WITH_KNOTS((1,13,13
    ,1),(-25.13274122871,4.970488814277E-16,25.132741228718,
50.265482457436),.UNSPECIFIED.) CURVE() GEOMETRIC_REPRESENTATION_ITEM() 
RATIONAL_B_SPLINE_CURVE((1.,1.,1.000000000001,0.999999999997,
    1.000000000006,0.999999999991,1.000000000009,0.999999999992,
    1.000000000006,0.999999999996,1.000000000002,0.999999999999,1.,1.)) 
REPRESENTATION_ITEM('') );
#10232 = CARTESIAN_POINT('',(5.669629897377,-9.600324415329E-16,
    1.930661594627));
#10233 = CARTESIAN_POINT('',(5.669629897378,-1.867038699332,
    1.930661594627));
#10234 = CARTESIAN_POINT('',(4.704682697563,-3.777132718053,
    1.930661594627));
#10235 = CARTESIAN_POINT('',(2.718956476535,-5.14293121292,
    1.930661594627));
#10236 = CARTESIAN_POINT('',(-1.365485257932E-02,-5.352691832726,
    1.930661594627));
#10237 = CARTESIAN_POINT('',(-2.374305788897,-3.89696683409,
    1.930661594627));
#10238 = CARTESIAN_POINT('',(-4.105595275874,-1.771933558281,
    1.930661594628));
#10239 = CARTESIAN_POINT('',(-4.105595275948,1.771933558311,
    1.930661594627));
#10240 = CARTESIAN_POINT('',(-2.374305788862,3.896966834035,
    1.930661594628));
#10241 = CARTESIAN_POINT('',(-1.365485257982E-02,5.352691832775,
    1.930661594627));
#10242 = CARTESIAN_POINT('',(2.718956476521,5.142931212896,
    1.930661594627));
#10243 = CARTESIAN_POINT('',(4.704682697572,3.777132718059,
    1.930661594627));
#10244 = CARTESIAN_POINT('',(5.669629897376,1.867038699331,
    1.930661594627));
#10245 = CARTESIAN_POINT('',(5.669629897377,-9.600324415329E-16,
    1.930661594627));
#10246 = SURFACE_OF_REVOLUTION('',#10247,#10252);
#10247 = CIRCLE('',#10248,0.485412195974);
#10248 = AXIS2_PLACEMENT_3D('',#10249,#10250,#10251);
#10249 = CARTESIAN_POINT('',(6.025,-1.047073013271E-15,1.6));
#10250 = DIRECTION('',(2.449293598295E-16,1.,0.));
#10251 = DIRECTION('',(-0.566528822887,1.387595419147E-16,
    -0.824041924199));
#10252 = AXIS1_PLACEMENT('',#10253,#10254);
#10253 = CARTESIAN_POINT('',(1.75,0.,0.));
#10254 = DIRECTION('',(0.,0.,-1.));
#10255 = ADVANCED_FACE('',(#10256),#10285,.T.);
#10256 = FACE_BOUND('',#10257,.T.);
#10257 = EDGE_LOOP('',(#10258,#10266,#10283,#10284));
#10258 = ORIENTED_EDGE('',*,*,#10259,.T.);
#10259 = EDGE_CURVE('',#10220,#10260,#10262,.T.);
#10260 = VERTEX_POINT('',#10261);
#10261 = CARTESIAN_POINT('',(5.75,-9.797174393179E-16,2.135020857149));
#10262 = ( BOUNDED_CURVE() B_SPLINE_CURVE(2,(#10263,#10264,#10265),
.UNSPECIFIED.,.F.,.F.) B_SPLINE_CURVE_WITH_KNOTS((3,3),(0.,
25.132741228718),.PIECEWISE_BEZIER_KNOTS.) CURVE() 
GEOMETRIC_REPRESENTATION_ITEM() RATIONAL_B_SPLINE_CURVE((1.,
0.93061798229,1.)) REPRESENTATION_ITEM('') );
#10263 = CARTESIAN_POINT('',(5.669629897377,-9.600324415329E-16,
    1.930661594627));
#10264 = CARTESIAN_POINT('',(5.75,-6.043375265694E-15,2.017037309501));
#10265 = CARTESIAN_POINT('',(5.75,-9.797174393179E-16,2.135020857149));
#10266 = ORIENTED_EDGE('',*,*,#10267,.T.);
#10267 = EDGE_CURVE('',#10260,#10260,#10268,.T.);
#10268 = ( BOUNDED_CURVE() B_SPLINE_CURVE(13,(#10269,#10270,#10271,
    #10272,#10273,#10274,#10275,#10276,#10277,#10278,#10279,#10280,
#10281,#10282),.UNSPECIFIED.,.T.,.F.) B_SPLINE_CURVE_WITH_KNOTS((1,13,13
    ,1),(-25.13274122871,4.970488814277E-16,25.132741228718,
50.265482457436),.UNSPECIFIED.) CURVE() GEOMETRIC_REPRESENTATION_ITEM() 
RATIONAL_B_SPLINE_CURVE((1.,1.,1.000000000001,0.999999999997,
    1.000000000006,0.999999999991,1.000000000009,0.999999999992,
    1.000000000006,0.999999999996,1.000000000002,0.999999999999,1.,1.)) 
REPRESENTATION_ITEM('') );
#10269 = CARTESIAN_POINT('',(5.75,-9.797174393179E-16,2.135020857149));
#10270 = CARTESIAN_POINT('',(5.750000000001,-1.905321418822,
    2.135020857149));
#10271 = CARTESIAN_POINT('',(4.765267027678,-3.854580985394,
    2.135020857149));
#10272 = CARTESIAN_POINT('',(2.738824457307,-5.24838451341,
    2.135020857149));
#10273 = CARTESIAN_POINT('',(-4.981773661866E-02,-5.462446172587,
    2.135020857149));
#10274 = CARTESIAN_POINT('',(-2.458872671036,-3.976872241645,
    2.135020857148));
#10275 = CARTESIAN_POINT('',(-4.225661405967,-1.808266193146,
    2.135020857149));
#10276 = CARTESIAN_POINT('',(-4.225661406077,1.808266193175,
    2.135020857148));
#10277 = CARTESIAN_POINT('',(-2.458872670973,3.976872241593,
    2.135020857149));
#10278 = CARTESIAN_POINT('',(-4.981773663662E-02,5.462446172633,
    2.135020857148));
#10279 = CARTESIAN_POINT('',(2.738824457302,5.248384513388,
    2.135020857149));
#10280 = CARTESIAN_POINT('',(4.765267027683,3.854580985399,
    2.135020857149));
#10281 = CARTESIAN_POINT('',(5.75,1.905321418822,2.135020857149));
#10282 = CARTESIAN_POINT('',(5.75,-9.797174393179E-16,2.135020857149));
#10283 = ORIENTED_EDGE('',*,*,#10259,.F.);
#10284 = ORIENTED_EDGE('',*,*,#10230,.F.);
#10285 = ( BOUNDED_SURFACE() B_SPLINE_SURFACE(2,13,(
    (#10286,#10287,#10288,#10289,#10290,#10291,#10292,#10293,#10294
      ,#10295,#10296,#10297,#10298,#10299)
    ,(#10300,#10301,#10302,#10303,#10304,#10305,#10306,#10307,#10308
      ,#10309,#10310,#10311,#10312,#10313)
    ,(#10314,#10315,#10316,#10317,#10318,#10319,#10320,#10321,#10322
      ,#10323,#10324,#10325,#10326,#10327
)),.UNSPECIFIED.,.F.,.T.,.F.) B_SPLINE_SURFACE_WITH_KNOTS((3,3),(1,13,13
    ,1),(0.,25.132741228718),(-25.13274122871,4.970488814277E-16,
    25.132741228718,50.265482457436),.UNSPECIFIED.) 
GEOMETRIC_REPRESENTATION_ITEM() RATIONAL_B_SPLINE_SURFACE((
    (1.,1.,1.000000000001,0.999999999997,1.000000000006,0.999999999991
      ,1.000000000009,0.999999999992,1.000000000006,0.999999999996
      ,1.000000000002,0.999999999999,1.,1.)
    ,(0.93061798229,0.930617982289,0.930617982291,0.930617982286
      ,0.930617982296,0.930617982281,0.930617982299,0.930617982281
      ,0.930617982296,0.930617982286,0.930617982291,0.930617982289
      ,0.93061798229,0.93061798229)
    ,(1.,1.,1.000000000001,0.999999999997,1.000000000006,0.999999999991
      ,1.000000000009,0.999999999992,1.000000000006,0.999999999996
,1.000000000002,0.999999999999,1.,1.
  ))) REPRESENTATION_ITEM('') SURFACE() );
#10286 = CARTESIAN_POINT('',(5.669629897377,-9.600324415329E-16,
    1.930661594627));
#10287 = CARTESIAN_POINT('',(5.669629897378,-1.867038699332,
    1.930661594627));
#10288 = CARTESIAN_POINT('',(4.704682697563,-3.777132718053,
    1.930661594627));
#10289 = CARTESIAN_POINT('',(2.718956476535,-5.14293121292,
    1.930661594627));
#10290 = CARTESIAN_POINT('',(-1.365485257932E-02,-5.352691832726,
    1.930661594627));
#10291 = CARTESIAN_POINT('',(-2.374305788897,-3.89696683409,
    1.930661594627));
#10292 = CARTESIAN_POINT('',(-4.105595275874,-1.771933558281,
    1.930661594628));
#10293 = CARTESIAN_POINT('',(-4.105595275948,1.771933558311,
    1.930661594627));
#10294 = CARTESIAN_POINT('',(-2.374305788862,3.896966834035,
    1.930661594628));
#10295 = CARTESIAN_POINT('',(-1.365485257982E-02,5.352691832775,
    1.930661594627));
#10296 = CARTESIAN_POINT('',(2.718956476521,5.142931212896,
    1.930661594627));
#10297 = CARTESIAN_POINT('',(4.704682697572,3.777132718059,
    1.930661594627));
#10298 = CARTESIAN_POINT('',(5.669629897376,1.867038699331,
    1.930661594627));
#10299 = CARTESIAN_POINT('',(5.669629897377,-9.600324415329E-16,
    1.930661594627));
#10300 = CARTESIAN_POINT('',(5.75,-6.043375265694E-15,2.017037309501));
#10301 = CARTESIAN_POINT('',(5.750000000002,-1.905321418822,
    2.017037309501));
#10302 = CARTESIAN_POINT('',(4.765267027676,-3.854580985393,
    2.017037309501));
#10303 = CARTESIAN_POINT('',(2.738824457312,-5.248384513414,
    2.017037309501));
#10304 = CARTESIAN_POINT('',(-4.981773662696E-02,-5.46244617258,
    2.017037309501));
#10305 = CARTESIAN_POINT('',(-2.458872671025,-3.976872241653,
    2.017037309501));
#10306 = CARTESIAN_POINT('',(-4.225661405981,-1.808266193138,
    2.017037309501));
#10307 = CARTESIAN_POINT('',(-4.225661406063,1.80826619317,
    2.017037309501));
#10308 = CARTESIAN_POINT('',(-2.458872670985,3.976872241597,
    2.017037309501));
#10309 = CARTESIAN_POINT('',(-4.981773662841E-02,5.46244617263,
    2.017037309501));
#10310 = CARTESIAN_POINT('',(2.738824457298,5.24838451339,2.017037309501
    ));
#10311 = CARTESIAN_POINT('',(4.765267027685,3.854580985399,
    2.017037309501));
#10312 = CARTESIAN_POINT('',(5.749999999999,1.905321418822,
    2.017037309501));
#10313 = CARTESIAN_POINT('',(5.75,-6.043375265694E-15,2.017037309501));
#10314 = CARTESIAN_POINT('',(5.75,-9.797174393179E-16,2.135020857149));
#10315 = CARTESIAN_POINT('',(5.750000000001,-1.905321418822,
    2.135020857149));
#10316 = CARTESIAN_POINT('',(4.765267027678,-3.854580985394,
    2.135020857149));
#10317 = CARTESIAN_POINT('',(2.738824457307,-5.24838451341,
    2.135020857149));
#10318 = CARTESIAN_POINT('',(-4.981773661866E-02,-5.462446172587,
    2.135020857149));
#10319 = CARTESIAN_POINT('',(-2.458872671036,-3.976872241645,
    2.135020857148));
#10320 = CARTESIAN_POINT('',(-4.225661405967,-1.808266193146,
    2.135020857149));
#10321 = CARTESIAN_POINT('',(-4.225661406077,1.808266193175,
    2.135020857148));
#10322 = CARTESIAN_POINT('',(-2.458872670973,3.976872241593,
    2.135020857149));
#10323 = CARTESIAN_POINT('',(-4.981773663662E-02,5.462446172633,
    2.135020857148));
#10324 = CARTESIAN_POINT('',(2.738824457302,5.248384513388,
    2.135020857149));
#10325 = CARTESIAN_POINT('',(4.765267027683,3.854580985399,
    2.135020857149));
#10326 = CARTESIAN_POINT('',(5.75,1.905321418822,2.135020857149));
#10327 = CARTESIAN_POINT('',(5.75,-9.797174393179E-16,2.135020857149));
#10328 = ADVANCED_FACE('',(#10329),#10348,.T.);
#10329 = FACE_BOUND('',#10330,.T.);
#10330 = EDGE_LOOP('',(#10331,#10340,#10346,#10347));
#10331 = ORIENTED_EDGE('',*,*,#10332,.T.);
#10332 = EDGE_CURVE('',#10333,#10333,#10335,.T.);
#10333 = VERTEX_POINT('',#10334);
#10334 = CARTESIAN_POINT('',(5.75,-9.797174393179E-16,6.8));
#10335 = CIRCLE('',#10336,4.);
#10336 = AXIS2_PLACEMENT_3D('',#10337,#10338,#10339);
#10337 = CARTESIAN_POINT('',(1.75,0.,6.8));
#10338 = DIRECTION('',(0.,-0.,-1.));
#10339 = DIRECTION('',(1.,-2.449293598295E-16,0.));
#10340 = ORIENTED_EDGE('',*,*,#10341,.F.);
#10341 = EDGE_CURVE('',#10260,#10333,#10342,.T.);
#10342 = LINE('',#10343,#10344);
#10343 = CARTESIAN_POINT('',(5.75,-9.797174393179E-16,2.));
#10344 = VECTOR('',#10345,1.);
#10345 = DIRECTION('',(0.,0.,1.));
#10346 = ORIENTED_EDGE('',*,*,#10267,.F.);
#10347 = ORIENTED_EDGE('',*,*,#10341,.T.);
#10348 = CYLINDRICAL_SURFACE('',#10349,4.);
#10349 = AXIS2_PLACEMENT_3D('',#10350,#10351,#10352);
#10350 = CARTESIAN_POINT('',(1.75,0.,2.));
#10351 = DIRECTION('',(0.,0.,1.));
#10352 = DIRECTION('',(1.,-2.449293598295E-16,0.));
#10353 = ADVANCED_FACE('',(#10354),#10374,.T.);
#10354 = FACE_BOUND('',#10355,.T.);
#10355 = EDGE_LOOP('',(#10356,#10365,#10372,#10373));
#10356 = ORIENTED_EDGE('',*,*,#10357,.T.);
#10357 = EDGE_CURVE('',#10333,#10358,#10360,.T.);
#10358 = VERTEX_POINT('',#10359);
#10359 = CARTESIAN_POINT('',(5.55,-9.30731567352E-16,7.));
#10360 = CIRCLE('',#10361,0.2);
#10361 = AXIS2_PLACEMENT_3D('',#10362,#10363,#10364);
#10362 = CARTESIAN_POINT('',(5.55,-9.30731567352E-16,6.8));
#10363 = DIRECTION('',(-2.449293598295E-16,-1.,0.));
#10364 = DIRECTION('',(1.,-2.449293598295E-16,-4.440892098501E-15));
#10365 = ORIENTED_EDGE('',*,*,#10366,.T.);
#10366 = EDGE_CURVE('',#10358,#10358,#10367,.T.);
#10367 = CIRCLE('',#10368,3.8);
#10368 = AXIS2_PLACEMENT_3D('',#10369,#10370,#10371);
#10369 = CARTESIAN_POINT('',(1.75,0.,7.));
#10370 = DIRECTION('',(0.,-0.,-1.));
#10371 = DIRECTION('',(1.,-2.449293598295E-16,0.));
#10372 = ORIENTED_EDGE('',*,*,#10357,.F.);
#10373 = ORIENTED_EDGE('',*,*,#10332,.F.);
#10374 = TOROIDAL_SURFACE('',#10375,3.8,0.2);
#10375 = AXIS2_PLACEMENT_3D('',#10376,#10377,#10378);
#10376 = CARTESIAN_POINT('',(1.75,0.,6.8));
#10377 = DIRECTION('',(0.,0.,1.));
#10378 = DIRECTION('',(1.,-2.449293598295E-16,0.));
#10379 = ADVANCED_FACE('',(#10380,#10383),#10394,.F.);
#10380 = FACE_BOUND('',#10381,.F.);
#10381 = EDGE_LOOP('',(#10382));
#10382 = ORIENTED_EDGE('',*,*,#10366,.T.);
#10383 = FACE_BOUND('',#10384,.F.);
#10384 = EDGE_LOOP('',(#10385));
#10385 = ORIENTED_EDGE('',*,*,#10386,.F.);
#10386 = EDGE_CURVE('',#10387,#10387,#10389,.T.);
#10387 = VERTEX_POINT('',#10388);
#10388 = CARTESIAN_POINT('',(4.55,-6.858022075225E-16,7.));
#10389 = CIRCLE('',#10390,2.8);
#10390 = AXIS2_PLACEMENT_3D('',#10391,#10392,#10393);
#10391 = CARTESIAN_POINT('',(1.75,0.,7.));
#10392 = DIRECTION('',(0.,-0.,-1.));
#10393 = DIRECTION('',(1.,-2.449293598295E-16,0.));
#10394 = PLANE('',#10395);
#10395 = AXIS2_PLACEMENT_3D('',#10396,#10397,#10398);
#10396 = CARTESIAN_POINT('',(1.75,0.,7.));
#10397 = DIRECTION('',(0.,0.,-1.));
#10398 = DIRECTION('',(1.,-2.449293598295E-16,0.));
#10399 = ADVANCED_FACE('',(#10400),#10564,.F.);
#10400 = FACE_BOUND('',#10401,.F.);
#10401 = EDGE_LOOP('',(#10402,#10410,#10411,#10412,#10421,#10429,#10438,
    #10446,#10455,#10463,#10472,#10480,#10489,#10498,#10506,#10515,
    #10523,#10532,#10540,#10549,#10557));
#10402 = ORIENTED_EDGE('',*,*,#10403,.F.);
#10403 = EDGE_CURVE('',#10387,#10404,#10406,.T.);
#10404 = VERTEX_POINT('',#10405);
#10405 = CARTESIAN_POINT('',(4.55,4.006921699259E-14,6.8));
#10406 = LINE('',#10407,#10408);
#10407 = CARTESIAN_POINT('',(4.55,-6.858022075225E-16,7.));
#10408 = VECTOR('',#10409,1.);
#10409 = DIRECTION('',(0.,0.,-1.));
#10410 = ORIENTED_EDGE('',*,*,#10386,.T.);
#10411 = ORIENTED_EDGE('',*,*,#10403,.T.);
#10412 = ORIENTED_EDGE('',*,*,#10413,.F.);
#10413 = EDGE_CURVE('',#10414,#10404,#10416,.T.);
#10414 = VERTEX_POINT('',#10415);
#10415 = CARTESIAN_POINT('',(4.549553535834,5.E-02,6.8));
#10416 = CIRCLE('',#10417,2.8);
#10417 = AXIS2_PLACEMENT_3D('',#10418,#10419,#10420);
#10418 = CARTESIAN_POINT('',(1.75,0.,6.8));
#10419 = DIRECTION('',(0.,0.,-1.));
#10420 = DIRECTION('',(-1.,1.224646799147E-16,0.));
#10421 = ORIENTED_EDGE('',*,*,#10422,.F.);
#10422 = EDGE_CURVE('',#10423,#10414,#10425,.T.);
#10423 = VERTEX_POINT('',#10424);
#10424 = CARTESIAN_POINT('',(4.549553535834,4.999999999999E-02,6.9));
#10425 = LINE('',#10426,#10427);
#10426 = CARTESIAN_POINT('',(4.549553535834,5.E-02,6.7));
#10427 = VECTOR('',#10428,1.);
#10428 = DIRECTION('',(0.,0.,-1.));
#10429 = ORIENTED_EDGE('',*,*,#10430,.T.);
#10430 = EDGE_CURVE('',#10423,#10431,#10433,.T.);
#10431 = VERTEX_POINT('',#10432);
#10432 = CARTESIAN_POINT('',(1.8,2.799553535834,6.9));
#10433 = CIRCLE('',#10434,2.8);
#10434 = AXIS2_PLACEMENT_3D('',#10435,#10436,#10437);
#10435 = CARTESIAN_POINT('',(1.75,0.,6.9));
#10436 = DIRECTION('',(0.,0.,1.));
#10437 = DIRECTION('',(-1.,1.224646799147E-16,0.));
#10438 = ORIENTED_EDGE('',*,*,#10439,.T.);
#10439 = EDGE_CURVE('',#10431,#10440,#10442,.T.);
#10440 = VERTEX_POINT('',#10441);
#10441 = CARTESIAN_POINT('',(1.8,2.799553535834,6.8));
#10442 = LINE('',#10443,#10444);
#10443 = CARTESIAN_POINT('',(1.8,2.799553535834,6.7));
#10444 = VECTOR('',#10445,1.);
#10445 = DIRECTION('',(0.,0.,-1.));
#10446 = ORIENTED_EDGE('',*,*,#10447,.F.);
#10447 = EDGE_CURVE('',#10448,#10440,#10450,.T.);
#10448 = VERTEX_POINT('',#10449);
#10449 = CARTESIAN_POINT('',(1.7,2.799553535834,6.8));
#10450 = CIRCLE('',#10451,2.8);
#10451 = AXIS2_PLACEMENT_3D('',#10452,#10453,#10454);
#10452 = CARTESIAN_POINT('',(1.75,0.,6.8));
#10453 = DIRECTION('',(0.,0.,-1.));
#10454 = DIRECTION('',(-1.,1.224646799147E-16,0.));
#10455 = ORIENTED_EDGE('',*,*,#10456,.F.);
#10456 = EDGE_CURVE('',#10457,#10448,#10459,.T.);
#10457 = VERTEX_POINT('',#10458);
#10458 = CARTESIAN_POINT('',(1.7,2.799553535834,6.9));
#10459 = LINE('',#10460,#10461);
#10460 = CARTESIAN_POINT('',(1.7,2.799553535834,6.7));
#10461 = VECTOR('',#10462,1.);
#10462 = DIRECTION('',(0.,0.,-1.));
#10463 = ORIENTED_EDGE('',*,*,#10464,.T.);
#10464 = EDGE_CURVE('',#10457,#10465,#10467,.T.);
#10465 = VERTEX_POINT('',#10466);
#10466 = CARTESIAN_POINT('',(-1.049553535834,5.000000000003E-02,6.9));
#10467 = CIRCLE('',#10468,2.8);
#10468 = AXIS2_PLACEMENT_3D('',#10469,#10470,#10471);
#10469 = CARTESIAN_POINT('',(1.75,0.,6.9));
#10470 = DIRECTION('',(0.,0.,1.));
#10471 = DIRECTION('',(-1.,1.224646799147E-16,0.));
#10472 = ORIENTED_EDGE('',*,*,#10473,.T.);
#10473 = EDGE_CURVE('',#10465,#10474,#10476,.T.);
#10474 = VERTEX_POINT('',#10475);
#10475 = CARTESIAN_POINT('',(-1.049553535834,5.E-02,6.8));
#10476 = LINE('',#10477,#10478);
#10477 = CARTESIAN_POINT('',(-1.049553535834,5.E-02,6.7));
#10478 = VECTOR('',#10479,1.);
#10479 = DIRECTION('',(0.,0.,-1.));
#10480 = ORIENTED_EDGE('',*,*,#10481,.F.);
#10481 = EDGE_CURVE('',#10482,#10474,#10484,.T.);
#10482 = VERTEX_POINT('',#10483);
#10483 = CARTESIAN_POINT('',(-1.05,3.429011037613E-16,6.8));
#10484 = CIRCLE('',#10485,2.8);
#10485 = AXIS2_PLACEMENT_3D('',#10486,#10487,#10488);
#10486 = CARTESIAN_POINT('',(1.75,0.,6.8));
#10487 = DIRECTION('',(0.,0.,-1.));
#10488 = DIRECTION('',(-1.,1.224646799147E-16,0.));
#10489 = ORIENTED_EDGE('',*,*,#10490,.F.);
#10490 = EDGE_CURVE('',#10491,#10482,#10493,.T.);
#10491 = VERTEX_POINT('',#10492);
#10492 = CARTESIAN_POINT('',(-1.049553535834,-5.E-02,6.8));
#10493 = CIRCLE('',#10494,2.8);
#10494 = AXIS2_PLACEMENT_3D('',#10495,#10496,#10497);
#10495 = CARTESIAN_POINT('',(1.75,0.,6.8));
#10496 = DIRECTION('',(0.,0.,-1.));
#10497 = DIRECTION('',(-1.,1.224646799147E-16,0.));
#10498 = ORIENTED_EDGE('',*,*,#10499,.F.);
#10499 = EDGE_CURVE('',#10500,#10491,#10502,.T.);
#10500 = VERTEX_POINT('',#10501);
#10501 = CARTESIAN_POINT('',(-1.049553535834,-5.000000000003E-02,6.9));
#10502 = LINE('',#10503,#10504);
#10503 = CARTESIAN_POINT('',(-1.049553535834,-5.E-02,6.7));
#10504 = VECTOR('',#10505,1.);
#10505 = DIRECTION('',(0.,0.,-1.));
#10506 = ORIENTED_EDGE('',*,*,#10507,.T.);
#10507 = EDGE_CURVE('',#10500,#10508,#10510,.T.);
#10508 = VERTEX_POINT('',#10509);
#10509 = CARTESIAN_POINT('',(1.7,-2.799553535834,6.9));
#10510 = CIRCLE('',#10511,2.8);
#10511 = AXIS2_PLACEMENT_3D('',#10512,#10513,#10514);
#10512 = CARTESIAN_POINT('',(1.75,0.,6.9));
#10513 = DIRECTION('',(0.,0.,1.));
#10514 = DIRECTION('',(-1.,1.224646799147E-16,0.));
#10515 = ORIENTED_EDGE('',*,*,#10516,.T.);
#10516 = EDGE_CURVE('',#10508,#10517,#10519,.T.);
#10517 = VERTEX_POINT('',#10518);
#10518 = CARTESIAN_POINT('',(1.7,-2.799553535834,6.8));
#10519 = LINE('',#10520,#10521);
#10520 = CARTESIAN_POINT('',(1.7,-2.799553535834,6.7));
#10521 = VECTOR('',#10522,1.);
#10522 = DIRECTION('',(0.,0.,-1.));
#10523 = ORIENTED_EDGE('',*,*,#10524,.F.);
#10524 = EDGE_CURVE('',#10525,#10517,#10527,.T.);
#10525 = VERTEX_POINT('',#10526);
#10526 = CARTESIAN_POINT('',(1.8,-2.799553535834,6.8));
#10527 = CIRCLE('',#10528,2.8);
#10528 = AXIS2_PLACEMENT_3D('',#10529,#10530,#10531);
#10529 = CARTESIAN_POINT('',(1.75,0.,6.8));
#10530 = DIRECTION('',(0.,0.,-1.));
#10531 = DIRECTION('',(-1.,1.224646799147E-16,0.));
#10532 = ORIENTED_EDGE('',*,*,#10533,.F.);
#10533 = EDGE_CURVE('',#10534,#10525,#10536,.T.);
#10534 = VERTEX_POINT('',#10535);
#10535 = CARTESIAN_POINT('',(1.8,-2.799553535834,6.9));
#10536 = LINE('',#10537,#10538);
#10537 = CARTESIAN_POINT('',(1.8,-2.799553535834,6.7));
#10538 = VECTOR('',#10539,1.);
#10539 = DIRECTION('',(0.,0.,-1.));
#10540 = ORIENTED_EDGE('',*,*,#10541,.T.);
#10541 = EDGE_CURVE('',#10534,#10542,#10544,.T.);
#10542 = VERTEX_POINT('',#10543);
#10543 = CARTESIAN_POINT('',(4.549553535834,-4.999999999999E-02,6.9));
#10544 = CIRCLE('',#10545,2.8);
#10545 = AXIS2_PLACEMENT_3D('',#10546,#10547,#10548);
#10546 = CARTESIAN_POINT('',(1.75,0.,6.9));
#10547 = DIRECTION('',(0.,0.,1.));
#10548 = DIRECTION('',(-1.,1.224646799147E-16,0.));
#10549 = ORIENTED_EDGE('',*,*,#10550,.T.);
#10550 = EDGE_CURVE('',#10542,#10551,#10553,.T.);
#10551 = VERTEX_POINT('',#10552);
#10552 = CARTESIAN_POINT('',(4.549553535834,-5.E-02,6.8));
#10553 = LINE('',#10554,#10555);
#10554 = CARTESIAN_POINT('',(4.549553535834,-5.E-02,6.7));
#10555 = VECTOR('',#10556,1.);
#10556 = DIRECTION('',(0.,0.,-1.));
#10557 = ORIENTED_EDGE('',*,*,#10558,.F.);
#10558 = EDGE_CURVE('',#10404,#10551,#10559,.T.);
#10559 = CIRCLE('',#10560,2.8);
#10560 = AXIS2_PLACEMENT_3D('',#10561,#10562,#10563);
#10561 = CARTESIAN_POINT('',(1.75,0.,6.8));
#10562 = DIRECTION('',(0.,0.,-1.));
#10563 = DIRECTION('',(-1.,1.224646799147E-16,0.));
#10564 = CYLINDRICAL_SURFACE('',#10565,2.8);
#10565 = AXIS2_PLACEMENT_3D('',#10566,#10567,#10568);
#10566 = CARTESIAN_POINT('',(1.75,0.,7.));
#10567 = DIRECTION('',(0.,0.,-1.));
#10568 = DIRECTION('',(1.,-2.449293598295E-16,0.));
#10569 = ADVANCED_FACE('',(#10570),#10634,.T.);
#10570 = FACE_BOUND('',#10571,.T.);
#10571 = EDGE_LOOP('',(#10572,#10580,#10586,#10587,#10595,#10601,#10602,
    #10603,#10611,#10617,#10618,#10626,#10632,#10633));
#10572 = ORIENTED_EDGE('',*,*,#10573,.T.);
#10573 = EDGE_CURVE('',#10491,#10574,#10576,.T.);
#10574 = VERTEX_POINT('',#10575);
#10575 = CARTESIAN_POINT('',(1.7,-5.E-02,6.8));
#10576 = LINE('',#10577,#10578);
#10577 = CARTESIAN_POINT('',(-6.3,-5.E-02,6.8));
#10578 = VECTOR('',#10579,1.);
#10579 = DIRECTION('',(1.,-1.666748583704E-19,0.));
#10580 = ORIENTED_EDGE('',*,*,#10581,.T.);
#10581 = EDGE_CURVE('',#10574,#10517,#10582,.T.);
#10582 = LINE('',#10583,#10584);
#10583 = CARTESIAN_POINT('',(1.7,-5.E-02,6.8));
#10584 = VECTOR('',#10585,1.);
#10585 = DIRECTION('',(-1.224646799147E-16,-1.,0.));
#10586 = ORIENTED_EDGE('',*,*,#10524,.F.);
#10587 = ORIENTED_EDGE('',*,*,#10588,.T.);
#10588 = EDGE_CURVE('',#10525,#10589,#10591,.T.);
#10589 = VERTEX_POINT('',#10590);
#10590 = CARTESIAN_POINT('',(1.8,-5.E-02,6.8));
#10591 = LINE('',#10592,#10593);
#10592 = CARTESIAN_POINT('',(1.8,-8.05,6.8));
#10593 = VECTOR('',#10594,1.);
#10594 = DIRECTION('',(1.224646799147E-16,1.,0.));
#10595 = ORIENTED_EDGE('',*,*,#10596,.T.);
#10596 = EDGE_CURVE('',#10589,#10551,#10597,.T.);
#10597 = LINE('',#10598,#10599);
#10598 = CARTESIAN_POINT('',(1.8,-5.E-02,6.8));
#10599 = VECTOR('',#10600,1.);
#10600 = DIRECTION('',(1.,-1.224646799147E-16,0.));
#10601 = ORIENTED_EDGE('',*,*,#10558,.F.);
#10602 = ORIENTED_EDGE('',*,*,#10413,.F.);
#10603 = ORIENTED_EDGE('',*,*,#10604,.T.);
#10604 = EDGE_CURVE('',#10414,#10605,#10607,.T.);
#10605 = VERTEX_POINT('',#10606);
#10606 = CARTESIAN_POINT('',(1.8,5.E-02,6.8));
#10607 = LINE('',#10608,#10609);
#10608 = CARTESIAN_POINT('',(9.8,5.E-02,6.8));
#10609 = VECTOR('',#10610,1.);
#10610 = DIRECTION('',(-1.,1.224646799147E-16,0.));
#10611 = ORIENTED_EDGE('',*,*,#10612,.T.);
#10612 = EDGE_CURVE('',#10605,#10440,#10613,.T.);
#10613 = LINE('',#10614,#10615);
#10614 = CARTESIAN_POINT('',(1.8,5.E-02,6.8));
#10615 = VECTOR('',#10616,1.);
#10616 = DIRECTION('',(1.224646799147E-16,1.,0.));
#10617 = ORIENTED_EDGE('',*,*,#10447,.F.);
#10618 = ORIENTED_EDGE('',*,*,#10619,.T.);
#10619 = EDGE_CURVE('',#10448,#10620,#10622,.T.);
#10620 = VERTEX_POINT('',#10621);
#10621 = CARTESIAN_POINT('',(1.7,5.E-02,6.8));
#10622 = LINE('',#10623,#10624);
#10623 = CARTESIAN_POINT('',(1.7,8.05,6.8));
#10624 = VECTOR('',#10625,1.);
#10625 = DIRECTION('',(-1.224646799147E-16,-1.,0.));
#10626 = ORIENTED_EDGE('',*,*,#10627,.T.);
#10627 = EDGE_CURVE('',#10620,#10474,#10628,.T.);
#10628 = LINE('',#10629,#10630);
#10629 = CARTESIAN_POINT('',(1.7,5.E-02,6.8));
#10630 = VECTOR('',#10631,1.);
#10631 = DIRECTION('',(-1.,1.224646799147E-16,0.));
#10632 = ORIENTED_EDGE('',*,*,#10481,.F.);
#10633 = ORIENTED_EDGE('',*,*,#10490,.F.);
#10634 = PLANE('',#10635);
#10635 = AXIS2_PLACEMENT_3D('',#10636,#10637,#10638);
#10636 = CARTESIAN_POINT('',(1.75,-5.365790627556E-16,6.8));
#10637 = DIRECTION('',(3.897641770985E-32,-3.634668350292E-32,1.));
#10638 = DIRECTION('',(-1.,1.224646799147E-16,3.897641770985E-32));
#10639 = ADVANCED_FACE('',(#10640),#10658,.F.);
#10640 = FACE_BOUND('',#10641,.F.);
#10641 = EDGE_LOOP('',(#10642,#10650,#10656,#10657));
#10642 = ORIENTED_EDGE('',*,*,#10643,.F.);
#10643 = EDGE_CURVE('',#10644,#10542,#10646,.T.);
#10644 = VERTEX_POINT('',#10645);
#10645 = CARTESIAN_POINT('',(1.8,-5.E-02,6.9));
#10646 = LINE('',#10647,#10648);
#10647 = CARTESIAN_POINT('',(1.8,-5.E-02,6.9));
#10648 = VECTOR('',#10649,1.);
#10649 = DIRECTION('',(1.,-1.224646799147E-16,0.));
#10650 = ORIENTED_EDGE('',*,*,#10651,.T.);
#10651 = EDGE_CURVE('',#10644,#10589,#10652,.T.);
#10652 = LINE('',#10653,#10654);
#10653 = CARTESIAN_POINT('',(1.8,-5.E-02,6.9));
#10654 = VECTOR('',#10655,1.);
#10655 = DIRECTION('',(1.677000223684E-32,-2.737449048414E-33,-1.));
#10656 = ORIENTED_EDGE('',*,*,#10596,.T.);
#10657 = ORIENTED_EDGE('',*,*,#10550,.F.);
#10658 = PLANE('',#10659);
#10659 = AXIS2_PLACEMENT_3D('',#10660,#10661,#10662);
#10660 = CARTESIAN_POINT('',(1.8,-5.E-02,6.9));
#10661 = DIRECTION('',(-1.224646799147E-16,-1.,2.737449048414E-33));
#10662 = DIRECTION('',(1.,-1.224646799147E-16,0.));
#10663 = ADVANCED_FACE('',(#10664),#10674,.T.);
#10664 = FACE_BOUND('',#10665,.T.);
#10665 = EDGE_LOOP('',(#10666,#10672,#10673));
#10666 = ORIENTED_EDGE('',*,*,#10667,.F.);
#10667 = EDGE_CURVE('',#10534,#10644,#10668,.T.);
#10668 = LINE('',#10669,#10670);
#10669 = CARTESIAN_POINT('',(1.8,-8.05,6.9));
#10670 = VECTOR('',#10671,1.);
#10671 = DIRECTION('',(1.224646799147E-16,1.,0.));
#10672 = ORIENTED_EDGE('',*,*,#10541,.T.);
#10673 = ORIENTED_EDGE('',*,*,#10643,.F.);
#10674 = PLANE('',#10675);
#10675 = AXIS2_PLACEMENT_3D('',#10676,#10677,#10678);
#10676 = CARTESIAN_POINT('',(1.75,-1.29885370033E-16,6.9));
#10677 = DIRECTION('',(-1.677000223684E-32,2.737449048414E-33,1.));
#10678 = DIRECTION('',(-1.,1.224646799147E-16,-1.677000223684E-32));
#10679 = ADVANCED_FACE('',(#10680),#10686,.F.);
#10680 = FACE_BOUND('',#10681,.F.);
#10681 = EDGE_LOOP('',(#10682,#10683,#10684,#10685));
#10682 = ORIENTED_EDGE('',*,*,#10667,.F.);
#10683 = ORIENTED_EDGE('',*,*,#10533,.T.);
#10684 = ORIENTED_EDGE('',*,*,#10588,.T.);
#10685 = ORIENTED_EDGE('',*,*,#10651,.F.);
#10686 = PLANE('',#10687);
#10687 = AXIS2_PLACEMENT_3D('',#10688,#10689,#10690);
#10688 = CARTESIAN_POINT('',(1.8,-8.05,6.9));
#10689 = DIRECTION('',(1.,-1.224646799147E-16,1.677000223684E-32));
#10690 = DIRECTION('',(1.224646799147E-16,1.,0.));
#10691 = ADVANCED_FACE('',(#10692),#10710,.F.);
#10692 = FACE_BOUND('',#10693,.F.);
#10693 = EDGE_LOOP('',(#10694,#10702,#10708,#10709));
#10694 = ORIENTED_EDGE('',*,*,#10695,.F.);
#10695 = EDGE_CURVE('',#10696,#10508,#10698,.T.);
#10696 = VERTEX_POINT('',#10697);
#10697 = CARTESIAN_POINT('',(1.7,-5.E-02,6.9));
#10698 = LINE('',#10699,#10700);
#10699 = CARTESIAN_POINT('',(1.7,-5.E-02,6.9));
#10700 = VECTOR('',#10701,1.);
#10701 = DIRECTION('',(-1.224646799147E-16,-1.,0.));
#10702 = ORIENTED_EDGE('',*,*,#10703,.T.);
#10703 = EDGE_CURVE('',#10696,#10574,#10704,.T.);
#10704 = LINE('',#10705,#10706);
#10705 = CARTESIAN_POINT('',(1.7,-5.E-02,6.9));
#10706 = VECTOR('',#10707,1.);
#10707 = DIRECTION('',(1.677000223684E-32,-2.737449048414E-33,-1.));
#10708 = ORIENTED_EDGE('',*,*,#10581,.T.);
#10709 = ORIENTED_EDGE('',*,*,#10516,.F.);
#10710 = PLANE('',#10711);
#10711 = AXIS2_PLACEMENT_3D('',#10712,#10713,#10714);
#10712 = CARTESIAN_POINT('',(1.7,-5.E-02,6.9));
#10713 = DIRECTION('',(-1.,1.224646799147E-16,-1.677000223684E-32));
#10714 = DIRECTION('',(-1.224646799147E-16,-1.,0.));
#10715 = ADVANCED_FACE('',(#10716),#10726,.T.);
#10716 = FACE_BOUND('',#10717,.T.);
#10717 = EDGE_LOOP('',(#10718,#10724,#10725));
#10718 = ORIENTED_EDGE('',*,*,#10719,.F.);
#10719 = EDGE_CURVE('',#10500,#10696,#10720,.T.);
#10720 = LINE('',#10721,#10722);
#10721 = CARTESIAN_POINT('',(-6.3,-5.E-02,6.9));
#10722 = VECTOR('',#10723,1.);
#10723 = DIRECTION('',(1.,-1.666748583704E-19,0.));
#10724 = ORIENTED_EDGE('',*,*,#10507,.T.);
#10725 = ORIENTED_EDGE('',*,*,#10695,.F.);
#10726 = PLANE('',#10727);
#10727 = AXIS2_PLACEMENT_3D('',#10728,#10729,#10730);
#10728 = CARTESIAN_POINT('',(1.75,-1.29885370033E-16,6.9));
#10729 = DIRECTION('',(-1.677000223684E-32,2.737449048414E-33,1.));
#10730 = DIRECTION('',(-1.,1.224646799147E-16,-1.677000223684E-32));
#10731 = ADVANCED_FACE('',(#10732),#10738,.F.);
#10732 = FACE_BOUND('',#10733,.F.);
#10733 = EDGE_LOOP('',(#10734,#10735,#10736,#10737));
#10734 = ORIENTED_EDGE('',*,*,#10719,.F.);
#10735 = ORIENTED_EDGE('',*,*,#10499,.T.);
#10736 = ORIENTED_EDGE('',*,*,#10573,.T.);
#10737 = ORIENTED_EDGE('',*,*,#10703,.F.);
#10738 = PLANE('',#10739);
#10739 = AXIS2_PLACEMENT_3D('',#10740,#10741,#10742);
#10740 = CARTESIAN_POINT('',(-6.3,-5.E-02,6.9));
#10741 = DIRECTION('',(-1.666748583704E-19,-1.,2.737449048414E-33));
#10742 = DIRECTION('',(1.,-1.666748583704E-19,0.));
#10743 = ADVANCED_FACE('',(#10744),#10762,.F.);
#10744 = FACE_BOUND('',#10745,.F.);
#10745 = EDGE_LOOP('',(#10746,#10754,#10760,#10761));
#10746 = ORIENTED_EDGE('',*,*,#10747,.F.);
#10747 = EDGE_CURVE('',#10748,#10465,#10750,.T.);
#10748 = VERTEX_POINT('',#10749);
#10749 = CARTESIAN_POINT('',(1.7,5.E-02,6.9));
#10750 = LINE('',#10751,#10752);
#10751 = CARTESIAN_POINT('',(1.7,5.E-02,6.9));
#10752 = VECTOR('',#10753,1.);
#10753 = DIRECTION('',(-1.,1.224646799147E-16,0.));
#10754 = ORIENTED_EDGE('',*,*,#10755,.T.);
#10755 = EDGE_CURVE('',#10748,#10620,#10756,.T.);
#10756 = LINE('',#10757,#10758);
#10757 = CARTESIAN_POINT('',(1.7,5.E-02,6.9));
#10758 = VECTOR('',#10759,1.);
#10759 = DIRECTION('',(1.677000223684E-32,-2.737449048414E-33,-1.));
#10760 = ORIENTED_EDGE('',*,*,#10627,.T.);
#10761 = ORIENTED_EDGE('',*,*,#10473,.F.);
#10762 = PLANE('',#10763);
#10763 = AXIS2_PLACEMENT_3D('',#10764,#10765,#10766);
#10764 = CARTESIAN_POINT('',(1.7,5.E-02,6.9));
#10765 = DIRECTION('',(1.224646799147E-16,1.,-2.737449048414E-33));
#10766 = DIRECTION('',(-1.,1.224646799147E-16,0.));
#10767 = ADVANCED_FACE('',(#10768),#10778,.T.);
#10768 = FACE_BOUND('',#10769,.T.);
#10769 = EDGE_LOOP('',(#10770,#10771,#10772));
#10770 = ORIENTED_EDGE('',*,*,#10464,.T.);
#10771 = ORIENTED_EDGE('',*,*,#10747,.F.);
#10772 = ORIENTED_EDGE('',*,*,#10773,.F.);
#10773 = EDGE_CURVE('',#10457,#10748,#10774,.T.);
#10774 = LINE('',#10775,#10776);
#10775 = CARTESIAN_POINT('',(1.7,8.05,6.9));
#10776 = VECTOR('',#10777,1.);
#10777 = DIRECTION('',(-1.224646799147E-16,-1.,0.));
#10778 = PLANE('',#10779);
#10779 = AXIS2_PLACEMENT_3D('',#10780,#10781,#10782);
#10780 = CARTESIAN_POINT('',(1.75,-1.29885370033E-16,6.9));
#10781 = DIRECTION('',(-1.677000223684E-32,2.737449048414E-33,1.));
#10782 = DIRECTION('',(-1.,1.224646799147E-16,-1.677000223684E-32));
#10783 = ADVANCED_FACE('',(#10784),#10790,.F.);
#10784 = FACE_BOUND('',#10785,.F.);
#10785 = EDGE_LOOP('',(#10786,#10787,#10788,#10789));
#10786 = ORIENTED_EDGE('',*,*,#10773,.F.);
#10787 = ORIENTED_EDGE('',*,*,#10456,.T.);
#10788 = ORIENTED_EDGE('',*,*,#10619,.T.);
#10789 = ORIENTED_EDGE('',*,*,#10755,.F.);
#10790 = PLANE('',#10791);
#10791 = AXIS2_PLACEMENT_3D('',#10792,#10793,#10794);
#10792 = CARTESIAN_POINT('',(1.7,8.05,6.9));
#10793 = DIRECTION('',(-1.,1.224646799147E-16,-1.677000223684E-32));
#10794 = DIRECTION('',(-1.224646799147E-16,-1.,0.));
#10795 = ADVANCED_FACE('',(#10796),#10814,.F.);
#10796 = FACE_BOUND('',#10797,.F.);
#10797 = EDGE_LOOP('',(#10798,#10806,#10812,#10813));
#10798 = ORIENTED_EDGE('',*,*,#10799,.F.);
#10799 = EDGE_CURVE('',#10800,#10431,#10802,.T.);
#10800 = VERTEX_POINT('',#10801);
#10801 = CARTESIAN_POINT('',(1.8,5.E-02,6.9));
#10802 = LINE('',#10803,#10804);
#10803 = CARTESIAN_POINT('',(1.8,5.E-02,6.9));
#10804 = VECTOR('',#10805,1.);
#10805 = DIRECTION('',(1.224646799147E-16,1.,0.));
#10806 = ORIENTED_EDGE('',*,*,#10807,.T.);
#10807 = EDGE_CURVE('',#10800,#10605,#10808,.T.);
#10808 = LINE('',#10809,#10810);
#10809 = CARTESIAN_POINT('',(1.8,5.E-02,6.9));
#10810 = VECTOR('',#10811,1.);
#10811 = DIRECTION('',(1.677000223684E-32,-2.737449048414E-33,-1.));
#10812 = ORIENTED_EDGE('',*,*,#10612,.T.);
#10813 = ORIENTED_EDGE('',*,*,#10439,.F.);
#10814 = PLANE('',#10815);
#10815 = AXIS2_PLACEMENT_3D('',#10816,#10817,#10818);
#10816 = CARTESIAN_POINT('',(1.8,5.E-02,6.9));
#10817 = DIRECTION('',(1.,-1.224646799147E-16,1.677000223684E-32));
#10818 = DIRECTION('',(1.224646799147E-16,1.,0.));
#10819 = ADVANCED_FACE('',(#10820),#10830,.T.);
#10820 = FACE_BOUND('',#10821,.T.);
#10821 = EDGE_LOOP('',(#10822,#10823,#10824));
#10822 = ORIENTED_EDGE('',*,*,#10430,.T.);
#10823 = ORIENTED_EDGE('',*,*,#10799,.F.);
#10824 = ORIENTED_EDGE('',*,*,#10825,.F.);
#10825 = EDGE_CURVE('',#10423,#10800,#10826,.T.);
#10826 = LINE('',#10827,#10828);
#10827 = CARTESIAN_POINT('',(9.8,5.E-02,6.9));
#10828 = VECTOR('',#10829,1.);
#10829 = DIRECTION('',(-1.,1.224646799147E-16,0.));
#10830 = PLANE('',#10831);
#10831 = AXIS2_PLACEMENT_3D('',#10832,#10833,#10834);
#10832 = CARTESIAN_POINT('',(1.75,-1.29885370033E-16,6.9));
#10833 = DIRECTION('',(-1.677000223684E-32,2.737449048414E-33,1.));
#10834 = DIRECTION('',(-1.,1.224646799147E-16,-1.677000223684E-32));
#10835 = ADVANCED_FACE('',(#10836),#10842,.F.);
#10836 = FACE_BOUND('',#10837,.F.);
#10837 = EDGE_LOOP('',(#10838,#10839,#10840,#10841));
#10838 = ORIENTED_EDGE('',*,*,#10825,.F.);
#10839 = ORIENTED_EDGE('',*,*,#10422,.T.);
#10840 = ORIENTED_EDGE('',*,*,#10604,.T.);
#10841 = ORIENTED_EDGE('',*,*,#10807,.F.);
#10842 = PLANE('',#10843);
#10843 = AXIS2_PLACEMENT_3D('',#10844,#10845,#10846);
#10844 = CARTESIAN_POINT('',(9.8,5.E-02,6.9));
#10845 = DIRECTION('',(1.224646799147E-16,1.,-2.737449048414E-33));
#10846 = DIRECTION('',(-1.,1.224646799147E-16,0.));
#10847 = ORIENTED_CLOSED_SHELL('',*,#10848,.F.);
#10848 = CLOSED_SHELL('',(#10849,#10866,#10900));
#10849 = ADVANCED_FACE('',(#10850),#10861,.T.);
#10850 = FACE_BOUND('',#10851,.T.);
#10851 = EDGE_LOOP('',(#10852));
#10852 = ORIENTED_EDGE('',*,*,#10853,.T.);
#10853 = EDGE_CURVE('',#10854,#10854,#10856,.T.);
#10854 = VERTEX_POINT('',#10855);
#10855 = CARTESIAN_POINT('',(4.55,-6.858022075225E-16,6.6));
#10856 = CIRCLE('',#10857,2.8);
#10857 = AXIS2_PLACEMENT_3D('',#10858,#10859,#10860);
#10858 = CARTESIAN_POINT('',(1.75,0.,6.6));
#10859 = DIRECTION('',(0.,-0.,-1.));
#10860 = DIRECTION('',(1.,-2.449293598295E-16,0.));
#10861 = PLANE('',#10862);
#10862 = AXIS2_PLACEMENT_3D('',#10863,#10864,#10865);
#10863 = CARTESIAN_POINT('',(1.75,0.,6.6));
#10864 = DIRECTION('',(0.,0.,-1.));
#10865 = DIRECTION('',(1.,-2.449293598295E-16,0.));
#10866 = ADVANCED_FACE('',(#10867),#10895,.T.);
#10867 = FACE_BOUND('',#10868,.T.);
#10868 = EDGE_LOOP('',(#10869,#10880,#10886,#10887,#10888));
#10869 = ORIENTED_EDGE('',*,*,#10870,.F.);
#10870 = EDGE_CURVE('',#10871,#10873,#10875,.T.);
#10871 = VERTEX_POINT('',#10872);
#10872 = CARTESIAN_POINT('',(4.55,-4.109792030388E-14,6.7));
#10873 = VERTEX_POINT('',#10874);
#10874 = CARTESIAN_POINT('',(-1.05,3.429011037613E-16,6.7));
#10875 = CIRCLE('',#10876,2.8);
#10876 = AXIS2_PLACEMENT_3D('',#10877,#10878,#10879);
#10877 = CARTESIAN_POINT('',(1.75,0.,6.7));
#10878 = DIRECTION('',(0.,0.,1.));
#10879 = DIRECTION('',(-1.,1.224646799147E-16,0.));
#10880 = ORIENTED_EDGE('',*,*,#10881,.T.);
#10881 = EDGE_CURVE('',#10871,#10854,#10882,.T.);
#10882 = LINE('',#10883,#10884);
#10883 = CARTESIAN_POINT('',(4.55,-6.858022075225E-16,7.));
#10884 = VECTOR('',#10885,1.);
#10885 = DIRECTION('',(0.,0.,-1.));
#10886 = ORIENTED_EDGE('',*,*,#10853,.F.);
#10887 = ORIENTED_EDGE('',*,*,#10881,.F.);
#10888 = ORIENTED_EDGE('',*,*,#10889,.F.);
#10889 = EDGE_CURVE('',#10873,#10871,#10890,.T.);
#10890 = CIRCLE('',#10891,2.8);
#10891 = AXIS2_PLACEMENT_3D('',#10892,#10893,#10894);
#10892 = CARTESIAN_POINT('',(1.75,0.,6.7));
#10893 = DIRECTION('',(0.,0.,1.));
#10894 = DIRECTION('',(-1.,1.224646799147E-16,0.));
#10895 = CYLINDRICAL_SURFACE('',#10896,2.8);
#10896 = AXIS2_PLACEMENT_3D('',#10897,#10898,#10899);
#10897 = CARTESIAN_POINT('',(1.75,0.,7.));
#10898 = DIRECTION('',(0.,0.,-1.));
#10899 = DIRECTION('',(1.,-2.449293598295E-16,0.));
#10900 = ADVANCED_FACE('',(#10901),#10905,.T.);
#10901 = FACE_BOUND('',#10902,.T.);
#10902 = EDGE_LOOP('',(#10903,#10904));
#10903 = ORIENTED_EDGE('',*,*,#10889,.T.);
#10904 = ORIENTED_EDGE('',*,*,#10870,.T.);
#10905 = PLANE('',#10906);
#10906 = AXIS2_PLACEMENT_3D('',#10907,#10908,#10909);
#10907 = CARTESIAN_POINT('',(1.75,-1.29885370033E-16,6.7));
#10908 = DIRECTION('',(-1.677000223684E-32,2.737449048414E-33,1.));
#10909 = DIRECTION('',(-1.,1.224646799147E-16,-1.677000223684E-32));
#10910 = ( GEOMETRIC_REPRESENTATION_CONTEXT(3) 
GLOBAL_UNCERTAINTY_ASSIGNED_CONTEXT((#10914)) 
GLOBAL_UNIT_ASSIGNED_CONTEXT((#10911,#10912,#10913)) 
REPRESENTATION_CONTEXT('Context #1',
  '3D Context with UNIT and UNCERTAINTY') );
#10911 = ( LENGTH_UNIT() NAMED_UNIT(*) SI_UNIT(.MILLI.,.METRE.) );
#10912 = ( NAMED_UNIT(*) PLANE_ANGLE_UNIT() SI_UNIT($,.RADIAN.) );
#10913 = ( NAMED_UNIT(*) SI_UNIT($,.STERADIAN.) SOLID_ANGLE_UNIT() );
#10914 = UNCERTAINTY_MEASURE_WITH_UNIT(LENGTH_MEASURE(2.E-06),#10911,
  'distance_accuracy_value','confusion accuracy');
#10915 = CONTEXT_DEPENDENT_SHAPE_REPRESENTATION(#10916,#10918);
#10916 = ( REPRESENTATION_RELATIONSHIP('','',#9922,#10) 
REPRESENTATION_RELATIONSHIP_WITH_TRANSFORMATION(#10917) 
SHAPE_REPRESENTATION_RELATIONSHIP() );
#10917 = ITEM_DEFINED_TRANSFORMATION('','',#11,#95);
#10918 = PRODUCT_DEFINITION_SHAPE('Placement','Placement of an item',
  #10919);
#10919 = NEXT_ASSEMBLY_USAGE_OCCURRENCE('21','C10','',#5,#9917,$);
#10920 = PRODUCT_RELATED_PRODUCT_CATEGORY('part',$,(#9919));
#10921 = CONTEXT_DEPENDENT_SHAPE_REPRESENTATION(#10922,#10924);
#10922 = ( REPRESENTATION_RELATIONSHIP('','',#5297,#10) 
REPRESENTATION_RELATIONSHIP_WITH_TRANSFORMATION(#10923) 
SHAPE_REPRESENTATION_RELATIONSHIP() );
#10923 = ITEM_DEFINED_TRANSFORMATION('','',#11,#99);
#10924 = PRODUCT_DEFINITION_SHAPE('Placement','Placement of an item',
  #10925);
#10925 = NEXT_ASSEMBLY_USAGE_OCCURRENCE('22','R9','',#5,#5292,$);
#10926 = CONTEXT_DEPENDENT_SHAPE_REPRESENTATION(#10927,#10929);
#10927 = ( REPRESENTATION_RELATIONSHIP('','',#5297,#10) 
REPRESENTATION_RELATIONSHIP_WITH_TRANSFORMATION(#10928) 
SHAPE_REPRESENTATION_RELATIONSHIP() );
#10928 = ITEM_DEFINED_TRANSFORMATION('','',#11,#103);
#10929 = PRODUCT_DEFINITION_SHAPE('Placement','Placement of an item',
  #10930);
#10930 = NEXT_ASSEMBLY_USAGE_OCCURRENCE('23','R4','',#5,#5292,$);
#10931 = CONTEXT_DEPENDENT_SHAPE_REPRESENTATION(#10932,#10934);
#10932 = ( REPRESENTATION_RELATIONSHIP('','',#200,#10) 
REPRESENTATION_RELATIONSHIP_WITH_TRANSFORMATION(#10933) 
SHAPE_REPRESENTATION_RELATIONSHIP() );
#10933 = ITEM_DEFINED_TRANSFORMATION('','',#11,#107);
#10934 = PRODUCT_DEFINITION_SHAPE('Placement','Placement of an item',
  #10935);
#10935 = NEXT_ASSEMBLY_USAGE_OCCURRENCE('24','R26','',#5,#195,$);
#10936 = CONTEXT_DEPENDENT_SHAPE_REPRESENTATION(#10937,#10939);
#10937 = ( REPRESENTATION_RELATIONSHIP('','',#3349,#10) 
REPRESENTATION_RELATIONSHIP_WITH_TRANSFORMATION(#10938) 
SHAPE_REPRESENTATION_RELATIONSHIP() );
#10938 = ITEM_DEFINED_TRANSFORMATION('','',#11,#111);
#10939 = PRODUCT_DEFINITION_SHAPE('Placement','Placement of an item',
  #10940);
#10940 = NEXT_ASSEMBLY_USAGE_OCCURRENCE('25','C4','',#5,#3344,$);
#10941 = CONTEXT_DEPENDENT_SHAPE_REPRESENTATION(#10942,#10944);
#10942 = ( REPRESENTATION_RELATIONSHIP('','',#3349,#10) 
REPRESENTATION_RELATIONSHIP_WITH_TRANSFORMATION(#10943) 
SHAPE_REPRESENTATION_RELATIONSHIP() );
#10943 = ITEM_DEFINED_TRANSFORMATION('','',#11,#115);
#10944 = PRODUCT_DEFINITION_SHAPE('Placement','Placement of an item',
  #10945);
#10945 = NEXT_ASSEMBLY_USAGE_OCCURRENCE('26','C5','',#5,#3344,$);
#10946 = CONTEXT_DEPENDENT_SHAPE_REPRESENTATION(#10947,#10949);
#10947 = ( REPRESENTATION_RELATIONSHIP('','',#200,#10) 
REPRESENTATION_RELATIONSHIP_WITH_TRANSFORMATION(#10948) 
SHAPE_REPRESENTATION_RELATIONSHIP() );
#10948 = ITEM_DEFINED_TRANSFORMATION('','',#11,#119);
#10949 = PRODUCT_DEFINITION_SHAPE('Placement','Placement of an item',
  #10950);
#10950 = NEXT_ASSEMBLY_USAGE_OCCURRENCE('27','R10','',#5,#195,$);
#10951 = CONTEXT_DEPENDENT_SHAPE_REPRESENTATION(#10952,#10954);
#10952 = ( REPRESENTATION_RELATIONSHIP('','',#3349,#10) 
REPRESENTATION_RELATIONSHIP_WITH_TRANSFORMATION(#10953) 
SHAPE_REPRESENTATION_RELATIONSHIP() );
#10953 = ITEM_DEFINED_TRANSFORMATION('','',#11,#123);
#10954 = PRODUCT_DEFINITION_SHAPE('Placement','Placement of an item',
  #10955);
#10955 = NEXT_ASSEMBLY_USAGE_OCCURRENCE('28','C11','',#5,#3344,$);
#10956 = CONTEXT_DEPENDENT_SHAPE_REPRESENTATION(#10957,#10959);
#10957 = ( REPRESENTATION_RELATIONSHIP('','',#2554,#10) 
REPRESENTATION_RELATIONSHIP_WITH_TRANSFORMATION(#10958) 
SHAPE_REPRESENTATION_RELATIONSHIP() );
#10958 = ITEM_DEFINED_TRANSFORMATION('','',#11,#127);
#10959 = PRODUCT_DEFINITION_SHAPE('Placement','Placement of an item',
  #10960);
#10960 = NEXT_ASSEMBLY_USAGE_OCCURRENCE('29','Q8','',#5,#2549,$);
#10961 = CONTEXT_DEPENDENT_SHAPE_REPRESENTATION(#10962,#10964);
#10962 = ( REPRESENTATION_RELATIONSHIP('','',#200,#10) 
REPRESENTATION_RELATIONSHIP_WITH_TRANSFORMATION(#10963) 
SHAPE_REPRESENTATION_RELATIONSHIP() );
#10963 = ITEM_DEFINED_TRANSFORMATION('','',#11,#131);
#10964 = PRODUCT_DEFINITION_SHAPE('Placement','Placement of an item',
  #10965);
#10965 = NEXT_ASSEMBLY_USAGE_OCCURRENCE('30','R13','',#5,#195,$);
#10966 = CONTEXT_DEPENDENT_SHAPE_REPRESENTATION(#10967,#10969);
#10967 = ( REPRESENTATION_RELATIONSHIP('','',#5297,#10) 
REPRESENTATION_RELATIONSHIP_WITH_TRANSFORMATION(#10968) 
SHAPE_REPRESENTATION_RELATIONSHIP() );
#10968 = ITEM_DEFINED_TRANSFORMATION('','',#11,#135);
#10969 = PRODUCT_DEFINITION_SHAPE('Placement','Placement of an item',
  #10970);
#10970 = NEXT_ASSEMBLY_USAGE_OCCURRENCE('31','R17','',#5,#5292,$);
#10971 = CONTEXT_DEPENDENT_SHAPE_REPRESENTATION(#10972,#10974);
#10972 = ( REPRESENTATION_RELATIONSHIP('','',#200,#10) 
REPRESENTATION_RELATIONSHIP_WITH_TRANSFORMATION(#10973) 
SHAPE_REPRESENTATION_RELATIONSHIP() );
#10973 = ITEM_DEFINED_TRANSFORMATION('','',#11,#139);
#10974 = PRODUCT_DEFINITION_SHAPE('Placement','Placement of an item',
  #10975);
#10975 = NEXT_ASSEMBLY_USAGE_OCCURRENCE('32','R8','',#5,#195,$);
#10976 = CONTEXT_DEPENDENT_SHAPE_REPRESENTATION(#10977,#10979);
#10977 = ( REPRESENTATION_RELATIONSHIP('','',#200,#10) 
REPRESENTATION_RELATIONSHIP_WITH_TRANSFORMATION(#10978) 
SHAPE_REPRESENTATION_RELATIONSHIP() );
#10978 = ITEM_DEFINED_TRANSFORMATION('','',#11,#143);
#10979 = PRODUCT_DEFINITION_SHAPE('Placement','Placement of an item',
  #10980);
#10980 = NEXT_ASSEMBLY_USAGE_OCCURRENCE('33','R5','',#5,#195,$);
#10981 = CONTEXT_DEPENDENT_SHAPE_REPRESENTATION(#10982,#10984);
#10982 = ( REPRESENTATION_RELATIONSHIP('','',#2554,#10) 
REPRESENTATION_RELATIONSHIP_WITH_TRANSFORMATION(#10983) 
SHAPE_REPRESENTATION_RELATIONSHIP() );
#10983 = ITEM_DEFINED_TRANSFORMATION('','',#11,#147);
#10984 = PRODUCT_DEFINITION_SHAPE('Placement','Placement of an item',
  #10985);
#10985 = NEXT_ASSEMBLY_USAGE_OCCURRENCE('34','Q1','',#5,#2549,$);
#10986 = CONTEXT_DEPENDENT_SHAPE_REPRESENTATION(#10987,#10989);
#10987 = ( REPRESENTATION_RELATIONSHIP('','',#5297,#10) 
REPRESENTATION_RELATIONSHIP_WITH_TRANSFORMATION(#10988) 
SHAPE_REPRESENTATION_RELATIONSHIP() );
#10988 = ITEM_DEFINED_TRANSFORMATION('','',#11,#151);
#10989 = PRODUCT_DEFINITION_SHAPE('Placement','Placement of an item',
  #10990);
#10990 = NEXT_ASSEMBLY_USAGE_OCCURRENCE('35','R16','',#5,#5292,$);
#10991 = CONTEXT_DEPENDENT_SHAPE_REPRESENTATION(#10992,#10994);
#10992 = ( REPRESENTATION_RELATIONSHIP('','',#2554,#10) 
REPRESENTATION_RELATIONSHIP_WITH_TRANSFORMATION(#10993) 
SHAPE_REPRESENTATION_RELATIONSHIP() );
#10993 = ITEM_DEFINED_TRANSFORMATION('','',#11,#155);
#10994 = PRODUCT_DEFINITION_SHAPE('Placement','Placement of an item',
  #10995);
#10995 = NEXT_ASSEMBLY_USAGE_OCCURRENCE('36','Q5','',#5,#2549,$);
#10996 = CONTEXT_DEPENDENT_SHAPE_REPRESENTATION(#10997,#10999);
#10997 = ( REPRESENTATION_RELATIONSHIP('','',#5297,#10) 
REPRESENTATION_RELATIONSHIP_WITH_TRANSFORMATION(#10998) 
SHAPE_REPRESENTATION_RELATIONSHIP() );
#10998 = ITEM_DEFINED_TRANSFORMATION('','',#11,#159);
#10999 = PRODUCT_DEFINITION_SHAPE('Placement','Placement of an item',
  #11000);
#11000 = NEXT_ASSEMBLY_USAGE_OCCURRENCE('37','R1','',#5,#5292,$);
#11001 = CONTEXT_DEPENDENT_SHAPE_REPRESENTATION(#11002,#11004);
#11002 = ( REPRESENTATION_RELATIONSHIP('','',#200,#10) 
REPRESENTATION_RELATIONSHIP_WITH_TRANSFORMATION(#11003) 
SHAPE_REPRESENTATION_RELATIONSHIP() );
#11003 = ITEM_DEFINED_TRANSFORMATION('','',#11,#163);
#11004 = PRODUCT_DEFINITION_SHAPE('Placement','Placement of an item',
  #11005);
#11005 = NEXT_ASSEMBLY_USAGE_OCCURRENCE('38','R24','',#5,#195,$);
#11006 = CONTEXT_DEPENDENT_SHAPE_REPRESENTATION(#11007,#11009);
#11007 = ( REPRESENTATION_RELATIONSHIP('','',#200,#10) 
REPRESENTATION_RELATIONSHIP_WITH_TRANSFORMATION(#11008) 
SHAPE_REPRESENTATION_RELATIONSHIP() );
#11008 = ITEM_DEFINED_TRANSFORMATION('','',#11,#167);
#11009 = PRODUCT_DEFINITION_SHAPE('Placement','Placement of an item',
  #11010);
#11010 = NEXT_ASSEMBLY_USAGE_OCCURRENCE('39','R11','',#5,#195,$);
#11011 = CONTEXT_DEPENDENT_SHAPE_REPRESENTATION(#11012,#11014);
#11012 = ( REPRESENTATION_RELATIONSHIP('','',#5297,#10) 
REPRESENTATION_RELATIONSHIP_WITH_TRANSFORMATION(#11013) 
SHAPE_REPRESENTATION_RELATIONSHIP() );
#11013 = ITEM_DEFINED_TRANSFORMATION('','',#11,#171);
#11014 = PRODUCT_DEFINITION_SHAPE('Placement','Placement of an item',
  #11015);
#11015 = NEXT_ASSEMBLY_USAGE_OCCURRENCE('40','R19','',#5,#5292,$);
#11016 = CONTEXT_DEPENDENT_SHAPE_REPRESENTATION(#11017,#11019);
#11017 = ( REPRESENTATION_RELATIONSHIP('','',#5297,#10) 
REPRESENTATION_RELATIONSHIP_WITH_TRANSFORMATION(#11018) 
SHAPE_REPRESENTATION_RELATIONSHIP() );
#11018 = ITEM_DEFINED_TRANSFORMATION('','',#11,#175);
#11019 = PRODUCT_DEFINITION_SHAPE('Placement','Placement of an item',
  #11020);
#11020 = NEXT_ASSEMBLY_USAGE_OCCURRENCE('41','R20','',#5,#5292,$);
#11021 = CONTEXT_DEPENDENT_SHAPE_REPRESENTATION(#11022,#11024);
#11022 = ( REPRESENTATION_RELATIONSHIP('','',#5297,#10) 
REPRESENTATION_RELATIONSHIP_WITH_TRANSFORMATION(#11023) 
SHAPE_REPRESENTATION_RELATIONSHIP() );
#11023 = ITEM_DEFINED_TRANSFORMATION('','',#11,#179);
#11024 = PRODUCT_DEFINITION_SHAPE('Placement','Placement of an item',
  #11025);
#11025 = NEXT_ASSEMBLY_USAGE_OCCURRENCE('42','R7','',#5,#5292,$);
#11026 = SHAPE_DEFINITION_REPRESENTATION(#11027,#11033);
#11027 = PRODUCT_DEFINITION_SHAPE('','',#11028);
#11028 = PRODUCT_DEFINITION('design','',#11029,#11032);
#11029 = PRODUCT_DEFINITION_FORMATION('','',#11030);
#11030 = PRODUCT('photogateBallDropKiCAD_PCB',
  'photogateBallDropKiCAD_PCB','',(#11031));
#11031 = PRODUCT_CONTEXT('',#2,'mechanical');
#11032 = PRODUCT_DEFINITION_CONTEXT('part definition',#2,'design');
#11033 = ADVANCED_BREP_SHAPE_REPRESENTATION('',(#11,#11034),#16509);
#11034 = MANIFOLD_SOLID_BREP('',#11035);
#11035 = CLOSED_SHELL('',(#11036,#11078,#11109,#11140,#12620,#14100,
    #14117,#14134,#14151,#14168,#14185,#14202,#14219,#14236,#14253,
    #14270,#14287,#14304,#14321,#14338,#14355,#14372,#14389,#14406,
    #14423,#14440,#14457,#14474,#14491,#14508,#14525,#14537,#14554,
    #14571,#14588,#14605,#14622,#14639,#14656,#14673,#14690,#14707,
    #14724,#14741,#14763,#14780,#14797,#14809,#14826,#14843,#14860,
    #14877,#14899,#14916,#14933,#14945,#14962,#14984,#15001,#15018,
    #15030,#15047,#15064,#15081,#15098,#15115,#15132,#15149,#15166,
    #15183,#15200,#15217,#15234,#15251,#15268,#15285,#15302,#15319,
    #15336,#15353,#15370,#15387,#15404,#15421,#15438,#15455,#15472,
    #15489,#15506,#15523,#15540,#15557,#15574,#15591,#15608,#15625,
    #15642,#15659,#15676,#15693,#15710,#15727,#15744,#15761,#15778,
    #15795,#15812,#15829,#15846,#15863,#15880,#15897,#15914,#15931,
    #15948,#15965,#15982,#15999,#16016,#16033,#16050,#16067,#16084,
    #16101,#16118,#16135,#16152,#16169,#16186,#16203,#16220,#16237,
    #16254,#16271,#16288,#16305,#16322,#16339,#16356,#16373,#16390,
    #16407,#16424,#16441,#16458,#16475,#16492));
#11036 = ADVANCED_FACE('',(#11037),#11073,.F.);
#11037 = FACE_BOUND('',#11038,.T.);
#11038 = EDGE_LOOP('',(#11039,#11049,#11058,#11066));
#11039 = ORIENTED_EDGE('',*,*,#11040,.T.);
#11040 = EDGE_CURVE('',#11041,#11043,#11045,.T.);
#11041 = VERTEX_POINT('',#11042);
#11042 = CARTESIAN_POINT('',(38.1,-64.77,0.));
#11043 = VERTEX_POINT('',#11044);
#11044 = CARTESIAN_POINT('',(38.1,-64.77,1.51));
#11045 = LINE('',#11046,#11047);
#11046 = CARTESIAN_POINT('',(38.1,-64.77,0.));
#11047 = VECTOR('',#11048,1.);
#11048 = DIRECTION('',(0.,0.,1.));
#11049 = ORIENTED_EDGE('',*,*,#11050,.T.);
#11050 = EDGE_CURVE('',#11043,#11051,#11053,.T.);
#11051 = VERTEX_POINT('',#11052);
#11052 = CARTESIAN_POINT('',(41.91,-68.58,1.51));
#11053 = CIRCLE('',#11054,3.809999441164);
#11054 = AXIS2_PLACEMENT_3D('',#11055,#11056,#11057);
#11055 = CARTESIAN_POINT('',(41.909999441164,-64.77000055883,1.51));
#11056 = DIRECTION('',(0.,0.,1.));
#11057 = DIRECTION('',(-1.,1.466760977563E-07,0.));
#11058 = ORIENTED_EDGE('',*,*,#11059,.F.);
#11059 = EDGE_CURVE('',#11060,#11051,#11062,.T.);
#11060 = VERTEX_POINT('',#11061);
#11061 = CARTESIAN_POINT('',(41.91,-68.58,0.));
#11062 = LINE('',#11063,#11064);
#11063 = CARTESIAN_POINT('',(41.91,-68.58,0.));
#11064 = VECTOR('',#11065,1.);
#11065 = DIRECTION('',(0.,0.,1.));
#11066 = ORIENTED_EDGE('',*,*,#11067,.F.);
#11067 = EDGE_CURVE('',#11041,#11060,#11068,.T.);
#11068 = CIRCLE('',#11069,3.809999441164);
#11069 = AXIS2_PLACEMENT_3D('',#11070,#11071,#11072);
#11070 = CARTESIAN_POINT('',(41.909999441164,-64.77000055883,0.));
#11071 = DIRECTION('',(0.,0.,1.));
#11072 = DIRECTION('',(-1.,1.466760977563E-07,0.));
#11073 = CYLINDRICAL_SURFACE('',#11074,3.809999441164);
#11074 = AXIS2_PLACEMENT_3D('',#11075,#11076,#11077);
#11075 = CARTESIAN_POINT('',(41.909999441164,-64.77000055883,0.));
#11076 = DIRECTION('',(-0.,-0.,-1.));
#11077 = DIRECTION('',(-1.,1.466760977563E-07,0.));
#11078 = ADVANCED_FACE('',(#11079),#11104,.T.);
#11079 = FACE_BOUND('',#11080,.T.);
#11080 = EDGE_LOOP('',(#11081,#11091,#11097,#11098));
#11081 = ORIENTED_EDGE('',*,*,#11082,.T.);
#11082 = EDGE_CURVE('',#11083,#11085,#11087,.T.);
#11083 = VERTEX_POINT('',#11084);
#11084 = CARTESIAN_POINT('',(38.1,-25.4,0.));
#11085 = VERTEX_POINT('',#11086);
#11086 = CARTESIAN_POINT('',(38.1,-25.4,1.51));
#11087 = LINE('',#11088,#11089);
#11088 = CARTESIAN_POINT('',(38.1,-25.4,0.));
#11089 = VECTOR('',#11090,1.);
#11090 = DIRECTION('',(0.,0.,1.));
#11091 = ORIENTED_EDGE('',*,*,#11092,.T.);
#11092 = EDGE_CURVE('',#11085,#11043,#11093,.T.);
#11093 = LINE('',#11094,#11095);
#11094 = CARTESIAN_POINT('',(38.1,-25.4,1.51));
#11095 = VECTOR('',#11096,1.);
#11096 = DIRECTION('',(0.,-1.,0.));
#11097 = ORIENTED_EDGE('',*,*,#11040,.F.);
#11098 = ORIENTED_EDGE('',*,*,#11099,.F.);
#11099 = EDGE_CURVE('',#11083,#11041,#11100,.T.);
#11100 = LINE('',#11101,#11102);
#11101 = CARTESIAN_POINT('',(38.1,-25.4,0.));
#11102 = VECTOR('',#11103,1.);
#11103 = DIRECTION('',(0.,-1.,0.));
#11104 = PLANE('',#11105);
#11105 = AXIS2_PLACEMENT_3D('',#11106,#11107,#11108);
#11106 = CARTESIAN_POINT('',(38.1,-25.4,0.));
#11107 = DIRECTION('',(1.,0.,-0.));
#11108 = DIRECTION('',(0.,-1.,0.));
#11109 = ADVANCED_FACE('',(#11110),#11135,.T.);
#11110 = FACE_BOUND('',#11111,.T.);
#11111 = EDGE_LOOP('',(#11112,#11113,#11121,#11129));
#11112 = ORIENTED_EDGE('',*,*,#11059,.T.);
#11113 = ORIENTED_EDGE('',*,*,#11114,.T.);
#11114 = EDGE_CURVE('',#11051,#11115,#11117,.T.);
#11115 = VERTEX_POINT('',#11116);
#11116 = CARTESIAN_POINT('',(135.89,-68.58,1.51));
#11117 = LINE('',#11118,#11119);
#11118 = CARTESIAN_POINT('',(41.91,-68.58,1.51));
#11119 = VECTOR('',#11120,1.);
#11120 = DIRECTION('',(1.,0.,0.));
#11121 = ORIENTED_EDGE('',*,*,#11122,.F.);
#11122 = EDGE_CURVE('',#11123,#11115,#11125,.T.);
#11123 = VERTEX_POINT('',#11124);
#11124 = CARTESIAN_POINT('',(135.89,-68.58,0.));
#11125 = LINE('',#11126,#11127);
#11126 = CARTESIAN_POINT('',(135.89,-68.58,0.));
#11127 = VECTOR('',#11128,1.);
#11128 = DIRECTION('',(0.,0.,1.));
#11129 = ORIENTED_EDGE('',*,*,#11130,.F.);
#11130 = EDGE_CURVE('',#11060,#11123,#11131,.T.);
#11131 = LINE('',#11132,#11133);
#11132 = CARTESIAN_POINT('',(41.91,-68.58,0.));
#11133 = VECTOR('',#11134,1.);
#11134 = DIRECTION('',(1.,0.,0.));
#11135 = PLANE('',#11136);
#11136 = AXIS2_PLACEMENT_3D('',#11137,#11138,#11139);
#11137 = CARTESIAN_POINT('',(41.91,-68.58,0.));
#11138 = DIRECTION('',(0.,1.,0.));
#11139 = DIRECTION('',(1.,0.,0.));
#11140 = ADVANCED_FACE('',(#11141,#11363,#11374,#11385,#11396,#11407,
    #11418,#11429,#11440,#11451,#11462,#11473,#11484,#11495,#11531,
    #11542,#11553,#11564,#11575,#11611,#11622,#11658,#11669,#11680,
    #11691,#11702,#11713,#11724,#11735,#11746,#11757,#11768,#11779,
    #11790,#11801,#11812,#11823,#11834,#11845,#11856,#11867,#11878,
    #11889,#11900,#11911,#11922,#11933,#11944,#11955,#11966,#11977,
    #11988,#11999,#12010,#12021,#12032,#12043,#12054,#12065,#12076,
    #12087,#12098,#12109,#12120,#12131,#12142,#12153,#12164,#12175,
    #12186,#12197,#12208,#12219,#12230,#12241,#12252,#12263,#12274,
    #12285,#12296,#12307,#12318,#12329,#12340,#12351,#12362,#12373,
    #12384,#12395,#12406,#12417,#12428,#12439,#12450,#12461,#12472,
    #12483,#12494,#12505,#12516,#12527,#12538,#12549,#12560,#12571,
    #12582,#12593,#12604),#12615,.F.);
#11141 = FACE_BOUND('',#11142,.F.);
#11142 = EDGE_LOOP('',(#11143,#11144,#11145,#11153,#11162,#11170,#11178,
    #11187,#11195,#11203,#11212,#11220,#11229,#11237,#11245,#11254,
    #11262,#11271,#11279,#11288,#11296,#11305,#11313,#11322,#11330,
    #11339,#11347,#11355,#11362));
#11143 = ORIENTED_EDGE('',*,*,#11067,.F.);
#11144 = ORIENTED_EDGE('',*,*,#11099,.F.);
#11145 = ORIENTED_EDGE('',*,*,#11146,.F.);
#11146 = EDGE_CURVE('',#11147,#11083,#11149,.T.);
#11147 = VERTEX_POINT('',#11148);
#11148 = CARTESIAN_POINT('',(27.94,-25.4,0.));
#11149 = LINE('',#11150,#11151);
#11150 = CARTESIAN_POINT('',(27.94,-25.4,0.));
#11151 = VECTOR('',#11152,1.);
#11152 = DIRECTION('',(1.,0.,0.));
#11153 = ORIENTED_EDGE('',*,*,#11154,.F.);
#11154 = EDGE_CURVE('',#11155,#11147,#11157,.T.);
#11155 = VERTEX_POINT('',#11156);
#11156 = CARTESIAN_POINT('',(25.4,-27.94,0.));
#11157 = CIRCLE('',#11158,2.540000765514);
#11158 = AXIS2_PLACEMENT_3D('',#11159,#11160,#11161);
#11159 = CARTESIAN_POINT('',(27.940000765514,-27.94000076551,0.));
#11160 = DIRECTION('',(0.,0.,-1.));
#11161 = DIRECTION('',(-1.,3.013834460177E-07,0.));
#11162 = ORIENTED_EDGE('',*,*,#11163,.F.);
#11163 = EDGE_CURVE('',#11164,#11155,#11166,.T.);
#11164 = VERTEX_POINT('',#11165);
#11165 = CARTESIAN_POINT('',(25.4,-62.23,0.));
#11166 = LINE('',#11167,#11168);
#11167 = CARTESIAN_POINT('',(25.4,-62.23,0.));
#11168 = VECTOR('',#11169,1.);
#11169 = DIRECTION('',(0.,1.,0.));
#11170 = ORIENTED_EDGE('',*,*,#11171,.F.);
#11171 = EDGE_CURVE('',#11172,#11164,#11174,.T.);
#11172 = VERTEX_POINT('',#11173);
#11173 = CARTESIAN_POINT('',(25.4,-86.36,0.));
#11174 = LINE('',#11175,#11176);
#11175 = CARTESIAN_POINT('',(25.4,-86.36,0.));
#11176 = VECTOR('',#11177,1.);
#11177 = DIRECTION('',(0.,1.,0.));
#11178 = ORIENTED_EDGE('',*,*,#11179,.F.);
#11179 = EDGE_CURVE('',#11180,#11172,#11182,.T.);
#11180 = VERTEX_POINT('',#11181);
#11181 = CARTESIAN_POINT('',(33.02,-93.98,0.));
#11182 = CIRCLE('',#11183,7.619998882328);
#11183 = AXIS2_PLACEMENT_3D('',#11184,#11185,#11186);
#11184 = CARTESIAN_POINT('',(33.019998882328,-86.36000111767,0.));
#11185 = DIRECTION('',(0.,0.,-1.));
#11186 = DIRECTION('',(1.46676091229E-07,-1.,0.));
#11187 = ORIENTED_EDGE('',*,*,#11188,.F.);
#11188 = EDGE_CURVE('',#11189,#11180,#11191,.T.);
#11189 = VERTEX_POINT('',#11190);
#11190 = CARTESIAN_POINT('',(62.738,-93.98,0.));
#11191 = LINE('',#11192,#11193);
#11192 = CARTESIAN_POINT('',(62.738,-93.98,0.));
#11193 = VECTOR('',#11194,1.);
#11194 = DIRECTION('',(-1.,0.,0.));
#11195 = ORIENTED_EDGE('',*,*,#11196,.F.);
#11196 = EDGE_CURVE('',#11197,#11189,#11199,.T.);
#11197 = VERTEX_POINT('',#11198);
#11198 = CARTESIAN_POINT('',(62.738,-92.964,0.));
#11199 = LINE('',#11200,#11201);
#11200 = CARTESIAN_POINT('',(62.738,-92.964,0.));
#11201 = VECTOR('',#11202,1.);
#11202 = DIRECTION('',(0.,-1.,0.));
#11203 = ORIENTED_EDGE('',*,*,#11204,.F.);
#11204 = EDGE_CURVE('',#11205,#11197,#11207,.T.);
#11205 = VERTEX_POINT('',#11206);
#11206 = CARTESIAN_POINT('',(63.246,-92.456,0.));
#11207 = CIRCLE('',#11208,0.508000835948);
#11208 = AXIS2_PLACEMENT_3D('',#11209,#11210,#11211);
#11209 = CARTESIAN_POINT('',(63.246000835947,-92.96400083594,0.));
#11210 = DIRECTION('',(0.,0.,1.));
#11211 = DIRECTION('',(-1.645562502022E-06,0.999999999999,0.));
#11212 = ORIENTED_EDGE('',*,*,#11213,.F.);
#11213 = EDGE_CURVE('',#11214,#11205,#11216,.T.);
#11214 = VERTEX_POINT('',#11215);
#11215 = CARTESIAN_POINT('',(66.802,-92.456,0.));
#11216 = LINE('',#11217,#11218);
#11217 = CARTESIAN_POINT('',(66.802,-92.456,0.));
#11218 = VECTOR('',#11219,1.);
#11219 = DIRECTION('',(-1.,0.,0.));
#11220 = ORIENTED_EDGE('',*,*,#11221,.F.);
#11221 = EDGE_CURVE('',#11222,#11214,#11224,.T.);
#11222 = VERTEX_POINT('',#11223);
#11223 = CARTESIAN_POINT('',(67.31,-92.964,0.));
#11224 = CIRCLE('',#11225,0.508000835948);
#11225 = AXIS2_PLACEMENT_3D('',#11226,#11227,#11228);
#11226 = CARTESIAN_POINT('',(66.801999164053,-92.96400083594,0.));
#11227 = DIRECTION('',(0.,0.,1.));
#11228 = DIRECTION('',(0.999999999999,1.645562516009E-06,-0.));
#11229 = ORIENTED_EDGE('',*,*,#11230,.F.);
#11230 = EDGE_CURVE('',#11231,#11222,#11233,.T.);
#11231 = VERTEX_POINT('',#11232);
#11232 = CARTESIAN_POINT('',(67.31,-93.98,0.));
#11233 = LINE('',#11234,#11235);
#11234 = CARTESIAN_POINT('',(67.31,-93.98,0.));
#11235 = VECTOR('',#11236,1.);
#11236 = DIRECTION('',(0.,1.,0.));
#11237 = ORIENTED_EDGE('',*,*,#11238,.F.);
#11238 = EDGE_CURVE('',#11239,#11231,#11241,.T.);
#11239 = VERTEX_POINT('',#11240);
#11240 = CARTESIAN_POINT('',(79.248,-93.98,0.));
#11241 = LINE('',#11242,#11243);
#11242 = CARTESIAN_POINT('',(79.248,-93.98,0.));
#11243 = VECTOR('',#11244,1.);
#11244 = DIRECTION('',(-1.,0.,0.));
#11245 = ORIENTED_EDGE('',*,*,#11246,.F.);
#11246 = EDGE_CURVE('',#11247,#11239,#11249,.T.);
#11247 = VERTEX_POINT('',#11248);
#11248 = CARTESIAN_POINT('',(80.01,-93.218,0.));
#11249 = CIRCLE('',#11250,0.762001253922);
#11250 = AXIS2_PLACEMENT_3D('',#11251,#11252,#11253);
#11251 = CARTESIAN_POINT('',(79.247998746079,-93.21799874607,0.));
#11252 = DIRECTION('',(0.,0.,-1.));
#11253 = DIRECTION('',(0.999999999999,-1.645562553308E-06,0.));
#11254 = ORIENTED_EDGE('',*,*,#11255,.F.);
#11255 = EDGE_CURVE('',#11256,#11247,#11258,.T.);
#11256 = VERTEX_POINT('',#11257);
#11257 = CARTESIAN_POINT('',(80.01,-84.582,0.));
#11258 = LINE('',#11259,#11260);
#11259 = CARTESIAN_POINT('',(80.01,-84.582,0.));
#11260 = VECTOR('',#11261,1.);
#11261 = DIRECTION('',(0.,-1.,0.));
#11262 = ORIENTED_EDGE('',*,*,#11263,.F.);
#11263 = EDGE_CURVE('',#11264,#11256,#11266,.T.);
#11264 = VERTEX_POINT('',#11265);
#11265 = CARTESIAN_POINT('',(80.772,-83.82,0.));
#11266 = CIRCLE('',#11267,0.762001253922);
#11267 = AXIS2_PLACEMENT_3D('',#11268,#11269,#11270);
#11268 = CARTESIAN_POINT('',(80.772001253921,-84.58200125392,0.));
#11269 = DIRECTION('',(0.,0.,1.));
#11270 = DIRECTION('',(-1.645562553308E-06,0.999999999999,0.));
#11271 = ORIENTED_EDGE('',*,*,#11272,.F.);
#11272 = EDGE_CURVE('',#11273,#11264,#11275,.T.);
#11273 = VERTEX_POINT('',#11274);
#11274 = CARTESIAN_POINT('',(97.028,-83.82,0.));
#11275 = LINE('',#11276,#11277);
#11276 = CARTESIAN_POINT('',(97.028,-83.82,0.));
#11277 = VECTOR('',#11278,1.);
#11278 = DIRECTION('',(-1.,0.,0.));
#11279 = ORIENTED_EDGE('',*,*,#11280,.F.);
#11280 = EDGE_CURVE('',#11281,#11273,#11283,.T.);
#11281 = VERTEX_POINT('',#11282);
#11282 = CARTESIAN_POINT('',(97.79,-84.582,0.));
#11283 = CIRCLE('',#11284,0.762001253922);
#11284 = AXIS2_PLACEMENT_3D('',#11285,#11286,#11287);
#11285 = CARTESIAN_POINT('',(97.027998746079,-84.58200125392,0.));
#11286 = DIRECTION('',(0.,0.,1.));
#11287 = DIRECTION('',(0.999999999999,1.645562553308E-06,-0.));
#11288 = ORIENTED_EDGE('',*,*,#11289,.F.);
#11289 = EDGE_CURVE('',#11290,#11281,#11292,.T.);
#11290 = VERTEX_POINT('',#11291);
#11291 = CARTESIAN_POINT('',(97.79,-93.218,0.));
#11292 = LINE('',#11293,#11294);
#11293 = CARTESIAN_POINT('',(97.79,-93.218,0.));
#11294 = VECTOR('',#11295,1.);
#11295 = DIRECTION('',(0.,1.,0.));
#11296 = ORIENTED_EDGE('',*,*,#11297,.F.);
#11297 = EDGE_CURVE('',#11298,#11290,#11300,.T.);
#11298 = VERTEX_POINT('',#11299);
#11299 = CARTESIAN_POINT('',(98.552,-93.98,0.));
#11300 = CIRCLE('',#11301,0.762001253922);
#11301 = AXIS2_PLACEMENT_3D('',#11302,#11303,#11304);
#11302 = CARTESIAN_POINT('',(98.552001253921,-93.21799874607,0.));
#11303 = DIRECTION('',(0.,0.,-1.));
#11304 = DIRECTION('',(-1.645562516009E-06,-0.999999999999,-0.));
#11305 = ORIENTED_EDGE('',*,*,#11306,.F.);
#11306 = EDGE_CURVE('',#11307,#11298,#11309,.T.);
#11307 = VERTEX_POINT('',#11308);
#11308 = CARTESIAN_POINT('',(144.78,-93.98,0.));
#11309 = LINE('',#11310,#11311);
#11310 = CARTESIAN_POINT('',(144.78,-93.98,0.));
#11311 = VECTOR('',#11312,1.);
#11312 = DIRECTION('',(-1.,0.,0.));
#11313 = ORIENTED_EDGE('',*,*,#11314,.F.);
#11314 = EDGE_CURVE('',#11315,#11307,#11317,.T.);
#11315 = VERTEX_POINT('',#11316);
#11316 = CARTESIAN_POINT('',(152.4,-86.36,0.));
#11317 = CIRCLE('',#11318,7.619998882328);
#11318 = AXIS2_PLACEMENT_3D('',#11319,#11320,#11321);
#11319 = CARTESIAN_POINT('',(144.78000111767,-86.36000111767,0.));
#11320 = DIRECTION('',(0.,0.,-1.));
#11321 = DIRECTION('',(1.,1.466760884316E-07,0.));
#11322 = ORIENTED_EDGE('',*,*,#11323,.F.);
#11323 = EDGE_CURVE('',#11324,#11315,#11326,.T.);
#11324 = VERTEX_POINT('',#11325);
#11325 = CARTESIAN_POINT('',(152.4,-27.94,0.));
#11326 = LINE('',#11327,#11328);
#11327 = CARTESIAN_POINT('',(152.4,-27.94,0.));
#11328 = VECTOR('',#11329,1.);
#11329 = DIRECTION('',(0.,-1.,0.));
#11330 = ORIENTED_EDGE('',*,*,#11331,.F.);
#11331 = EDGE_CURVE('',#11332,#11324,#11334,.T.);
#11332 = VERTEX_POINT('',#11333);
#11333 = CARTESIAN_POINT('',(149.86,-25.4,0.));
#11334 = CIRCLE('',#11335,2.540000765514);
#11335 = AXIS2_PLACEMENT_3D('',#11336,#11337,#11338);
#11336 = CARTESIAN_POINT('',(149.85999923448,-27.94000076551,0.));
#11337 = DIRECTION('',(0.,0.,-1.));
#11338 = DIRECTION('',(3.01383458606E-07,1.,0.));
#11339 = ORIENTED_EDGE('',*,*,#11340,.F.);
#11340 = EDGE_CURVE('',#11341,#11332,#11343,.T.);
#11341 = VERTEX_POINT('',#11342);
#11342 = CARTESIAN_POINT('',(139.7,-25.4,0.));
#11343 = LINE('',#11344,#11345);
#11344 = CARTESIAN_POINT('',(139.7,-25.4,0.));
#11345 = VECTOR('',#11346,1.);
#11346 = DIRECTION('',(1.,0.,0.));
#11347 = ORIENTED_EDGE('',*,*,#11348,.F.);
#11348 = EDGE_CURVE('',#11349,#11341,#11351,.T.);
#11349 = VERTEX_POINT('',#11350);
#11350 = CARTESIAN_POINT('',(139.7,-64.77,0.));
#11351 = LINE('',#11352,#11353);
#11352 = CARTESIAN_POINT('',(139.7,-64.77,0.));
#11353 = VECTOR('',#11354,1.);
#11354 = DIRECTION('',(0.,1.,0.));
#11355 = ORIENTED_EDGE('',*,*,#11356,.F.);
#11356 = EDGE_CURVE('',#11123,#11349,#11357,.T.);
#11357 = CIRCLE('',#11358,3.809999441164);
#11358 = AXIS2_PLACEMENT_3D('',#11359,#11360,#11361);
#11359 = CARTESIAN_POINT('',(135.89000055883,-64.77000055883,0.));
#11360 = DIRECTION('',(0.,0.,1.));
#11361 = DIRECTION('',(-1.466761014862E-07,-1.,0.));
#11362 = ORIENTED_EDGE('',*,*,#11130,.F.);
#11363 = FACE_BOUND('',#11364,.F.);
#11364 = EDGE_LOOP('',(#11365));
#11365 = ORIENTED_EDGE('',*,*,#11366,.T.);
#11366 = EDGE_CURVE('',#11367,#11367,#11369,.T.);
#11367 = VERTEX_POINT('',#11368);
#11368 = CARTESIAN_POINT('',(30.48,-90.5,0.));
#11369 = CIRCLE('',#11370,1.6);
#11370 = AXIS2_PLACEMENT_3D('',#11371,#11372,#11373);
#11371 = CARTESIAN_POINT('',(30.48,-88.9,0.));
#11372 = DIRECTION('',(-0.,0.,-1.));
#11373 = DIRECTION('',(2.22044604925E-15,-1.,-0.));
#11374 = FACE_BOUND('',#11375,.F.);
#11375 = EDGE_LOOP('',(#11376));
#11376 = ORIENTED_EDGE('',*,*,#11377,.T.);
#11377 = EDGE_CURVE('',#11378,#11378,#11380,.T.);
#11378 = VERTEX_POINT('',#11379);
#11379 = CARTESIAN_POINT('',(48.514,-93.1164,0.));
#11380 = CIRCLE('',#11381,0.4064);
#11381 = AXIS2_PLACEMENT_3D('',#11382,#11383,#11384);
#11382 = CARTESIAN_POINT('',(48.514,-92.71,0.));
#11383 = DIRECTION('',(-0.,0.,-1.));
#11384 = DIRECTION('',(1.748382715945E-14,-1.,-0.));
#11385 = FACE_BOUND('',#11386,.F.);
#11386 = EDGE_LOOP('',(#11387));
#11387 = ORIENTED_EDGE('',*,*,#11388,.T.);
#11388 = EDGE_CURVE('',#11389,#11389,#11391,.T.);
#11389 = VERTEX_POINT('',#11390);
#11390 = CARTESIAN_POINT('',(48.514,-90.5764,0.));
#11391 = CIRCLE('',#11392,0.4064);
#11392 = AXIS2_PLACEMENT_3D('',#11393,#11394,#11395);
#11393 = CARTESIAN_POINT('',(48.514,-90.17,0.));
#11394 = DIRECTION('',(-0.,0.,-1.));
#11395 = DIRECTION('',(1.748382715945E-14,-1.,-0.));
#11396 = FACE_BOUND('',#11397,.F.);
#11397 = EDGE_LOOP('',(#11398));
#11398 = ORIENTED_EDGE('',*,*,#11399,.T.);
#11399 = EDGE_CURVE('',#11400,#11400,#11402,.T.);
#11400 = VERTEX_POINT('',#11401);
#11401 = CARTESIAN_POINT('',(54.356,-93.1164,0.));
#11402 = CIRCLE('',#11403,0.4064);
#11403 = AXIS2_PLACEMENT_3D('',#11404,#11405,#11406);
#11404 = CARTESIAN_POINT('',(54.356,-92.71,0.));
#11405 = DIRECTION('',(-0.,0.,-1.));
#11406 = DIRECTION('',(1.748382715945E-14,-1.,-0.));
#11407 = FACE_BOUND('',#11408,.F.);
#11408 = EDGE_LOOP('',(#11409));
#11409 = ORIENTED_EDGE('',*,*,#11410,.T.);
#11410 = EDGE_CURVE('',#11411,#11411,#11413,.T.);
#11411 = VERTEX_POINT('',#11412);
#11412 = CARTESIAN_POINT('',(54.356,-90.5764,0.));
#11413 = CIRCLE('',#11414,0.4064);
#11414 = AXIS2_PLACEMENT_3D('',#11415,#11416,#11417);
#11415 = CARTESIAN_POINT('',(54.356,-90.17,0.));
#11416 = DIRECTION('',(-0.,0.,-1.));
#11417 = DIRECTION('',(1.748382715945E-14,-1.,-0.));
#11418 = FACE_BOUND('',#11419,.F.);
#11419 = EDGE_LOOP('',(#11420));
#11420 = ORIENTED_EDGE('',*,*,#11421,.T.);
#11421 = EDGE_CURVE('',#11422,#11422,#11424,.T.);
#11422 = VERTEX_POINT('',#11423);
#11423 = CARTESIAN_POINT('',(48.514,-88.0364,0.));
#11424 = CIRCLE('',#11425,0.4064);
#11425 = AXIS2_PLACEMENT_3D('',#11426,#11427,#11428);
#11426 = CARTESIAN_POINT('',(48.514,-87.63,0.));
#11427 = DIRECTION('',(-0.,0.,-1.));
#11428 = DIRECTION('',(1.748382715945E-14,-1.,-0.));
#11429 = FACE_BOUND('',#11430,.F.);
#11430 = EDGE_LOOP('',(#11431));
#11431 = ORIENTED_EDGE('',*,*,#11432,.T.);
#11432 = EDGE_CURVE('',#11433,#11433,#11435,.T.);
#11433 = VERTEX_POINT('',#11434);
#11434 = CARTESIAN_POINT('',(54.356,-88.0364,0.));
#11435 = CIRCLE('',#11436,0.4064);
#11436 = AXIS2_PLACEMENT_3D('',#11437,#11438,#11439);
#11437 = CARTESIAN_POINT('',(54.356,-87.63,0.));
#11438 = DIRECTION('',(-0.,0.,-1.));
#11439 = DIRECTION('',(1.748382715945E-14,-1.,-0.));
#11440 = FACE_BOUND('',#11441,.F.);
#11441 = EDGE_LOOP('',(#11442));
#11442 = ORIENTED_EDGE('',*,*,#11443,.T.);
#11443 = EDGE_CURVE('',#11444,#11444,#11446,.T.);
#11444 = VERTEX_POINT('',#11445);
#11445 = CARTESIAN_POINT('',(48.006,-82.4484,0.));
#11446 = CIRCLE('',#11447,0.4064);
#11447 = AXIS2_PLACEMENT_3D('',#11448,#11449,#11450);
#11448 = CARTESIAN_POINT('',(48.006,-82.042,0.));
#11449 = DIRECTION('',(-0.,0.,-1.));
#11450 = DIRECTION('',(-0.,-1.,0.));
#11451 = FACE_BOUND('',#11452,.F.);
#11452 = EDGE_LOOP('',(#11453));
#11453 = ORIENTED_EDGE('',*,*,#11454,.T.);
#11454 = EDGE_CURVE('',#11455,#11455,#11457,.T.);
#11455 = VERTEX_POINT('',#11456);
#11456 = CARTESIAN_POINT('',(52.324,-82.4484,0.));
#11457 = CIRCLE('',#11458,0.4064);
#11458 = AXIS2_PLACEMENT_3D('',#11459,#11460,#11461);
#11459 = CARTESIAN_POINT('',(52.324,-82.042,0.));
#11460 = DIRECTION('',(-0.,0.,-1.));
#11461 = DIRECTION('',(-0.,-1.,0.));
#11462 = FACE_BOUND('',#11463,.F.);
#11463 = EDGE_LOOP('',(#11464));
#11464 = ORIENTED_EDGE('',*,*,#11465,.T.);
#11465 = EDGE_CURVE('',#11466,#11466,#11468,.T.);
#11466 = VERTEX_POINT('',#11467);
#11467 = CARTESIAN_POINT('',(56.007,-80.4164,0.));
#11468 = CIRCLE('',#11469,0.4064);
#11469 = AXIS2_PLACEMENT_3D('',#11470,#11471,#11472);
#11470 = CARTESIAN_POINT('',(56.007,-80.01,0.));
#11471 = DIRECTION('',(-0.,0.,-1.));
#11472 = DIRECTION('',(-1.748382715945E-14,-1.,0.));
#11473 = FACE_BOUND('',#11474,.F.);
#11474 = EDGE_LOOP('',(#11475));
#11475 = ORIENTED_EDGE('',*,*,#11476,.T.);
#11476 = EDGE_CURVE('',#11477,#11477,#11479,.T.);
#11477 = VERTEX_POINT('',#11478);
#11478 = CARTESIAN_POINT('',(60.024,-92.508,0.));
#11479 = CIRCLE('',#11480,0.6);
#11480 = AXIS2_PLACEMENT_3D('',#11481,#11482,#11483);
#11481 = CARTESIAN_POINT('',(60.024,-91.908,0.));
#11482 = DIRECTION('',(-0.,0.,-1.));
#11483 = DIRECTION('',(-0.,-1.,0.));
#11484 = FACE_BOUND('',#11485,.F.);
#11485 = EDGE_LOOP('',(#11486));
#11486 = ORIENTED_EDGE('',*,*,#11487,.T.);
#11487 = EDGE_CURVE('',#11488,#11488,#11490,.T.);
#11488 = VERTEX_POINT('',#11489);
#11489 = CARTESIAN_POINT('',(60.024,-90.008,0.));
#11490 = CIRCLE('',#11491,0.6);
#11491 = AXIS2_PLACEMENT_3D('',#11492,#11493,#11494);
#11492 = CARTESIAN_POINT('',(60.024,-89.408,0.));
#11493 = DIRECTION('',(-0.,0.,-1.));
#11494 = DIRECTION('',(-0.,-1.,0.));
#11495 = FACE_BOUND('',#11496,.F.);
#11496 = EDGE_LOOP('',(#11497,#11508,#11516,#11525));
#11497 = ORIENTED_EDGE('',*,*,#11498,.T.);
#11498 = EDGE_CURVE('',#11499,#11501,#11503,.T.);
#11499 = VERTEX_POINT('',#11500);
#11500 = CARTESIAN_POINT('',(65.3288,-89.0016,0.));
#11501 = VERTEX_POINT('',#11502);
#11502 = CARTESIAN_POINT('',(65.3288,-89.8144,0.));
#11503 = CIRCLE('',#11504,0.4064);
#11504 = AXIS2_PLACEMENT_3D('',#11505,#11506,#11507);
#11505 = CARTESIAN_POINT('',(65.3288,-89.408,0.));
#11506 = DIRECTION('',(-0.,0.,-1.));
#11507 = DIRECTION('',(-3.49676543189E-14,-1.,0.));
#11508 = ORIENTED_EDGE('',*,*,#11509,.T.);
#11509 = EDGE_CURVE('',#11501,#11510,#11512,.T.);
#11510 = VERTEX_POINT('',#11511);
#11511 = CARTESIAN_POINT('',(64.7192,-89.8144,0.));
#11512 = LINE('',#11513,#11514);
#11513 = CARTESIAN_POINT('',(32.3596,-89.8144,0.));
#11514 = VECTOR('',#11515,1.);
#11515 = DIRECTION('',(-1.,0.,0.));
#11516 = ORIENTED_EDGE('',*,*,#11517,.T.);
#11517 = EDGE_CURVE('',#11510,#11518,#11520,.T.);
#11518 = VERTEX_POINT('',#11519);
#11519 = CARTESIAN_POINT('',(64.7192,-89.0016,0.));
#11520 = CIRCLE('',#11521,0.4064);
#11521 = AXIS2_PLACEMENT_3D('',#11522,#11523,#11524);
#11522 = CARTESIAN_POINT('',(64.7192,-89.408,0.));
#11523 = DIRECTION('',(0.,-0.,-1.));
#11524 = DIRECTION('',(3.49676543189E-14,1.,-0.));
#11525 = ORIENTED_EDGE('',*,*,#11526,.T.);
#11526 = EDGE_CURVE('',#11518,#11499,#11527,.T.);
#11527 = LINE('',#11528,#11529);
#11528 = CARTESIAN_POINT('',(32.6644,-89.0016,0.));
#11529 = VECTOR('',#11530,1.);
#11530 = DIRECTION('',(1.,0.,-0.));
#11531 = FACE_BOUND('',#11532,.F.);
#11532 = EDGE_LOOP('',(#11533));
#11533 = ORIENTED_EDGE('',*,*,#11534,.T.);
#11534 = EDGE_CURVE('',#11535,#11535,#11537,.T.);
#11535 = VERTEX_POINT('',#11536);
#11536 = CARTESIAN_POINT('',(70.024,-92.508,0.));
#11537 = CIRCLE('',#11538,0.6);
#11538 = AXIS2_PLACEMENT_3D('',#11539,#11540,#11541);
#11539 = CARTESIAN_POINT('',(70.024,-91.908,0.));
#11540 = DIRECTION('',(-0.,0.,-1.));
#11541 = DIRECTION('',(-0.,-1.,0.));
#11542 = FACE_BOUND('',#11543,.F.);
#11543 = EDGE_LOOP('',(#11544));
#11544 = ORIENTED_EDGE('',*,*,#11545,.T.);
#11545 = EDGE_CURVE('',#11546,#11546,#11548,.T.);
#11546 = VERTEX_POINT('',#11547);
#11547 = CARTESIAN_POINT('',(70.024,-90.008,0.));
#11548 = CIRCLE('',#11549,0.6);
#11549 = AXIS2_PLACEMENT_3D('',#11550,#11551,#11552);
#11550 = CARTESIAN_POINT('',(70.024,-89.408,0.));
#11551 = DIRECTION('',(-0.,0.,-1.));
#11552 = DIRECTION('',(-0.,-1.,0.));
#11553 = FACE_BOUND('',#11554,.F.);
#11554 = EDGE_LOOP('',(#11555));
#11555 = ORIENTED_EDGE('',*,*,#11556,.T.);
#11556 = EDGE_CURVE('',#11557,#11557,#11559,.T.);
#11557 = VERTEX_POINT('',#11558);
#11558 = CARTESIAN_POINT('',(74.549,-92.3144,0.));
#11559 = CIRCLE('',#11560,0.4064);
#11560 = AXIS2_PLACEMENT_3D('',#11561,#11562,#11563);
#11561 = CARTESIAN_POINT('',(74.549,-91.908,0.));
#11562 = DIRECTION('',(-0.,0.,-1.));
#11563 = DIRECTION('',(-0.,-1.,0.));
#11564 = FACE_BOUND('',#11565,.F.);
#11565 = EDGE_LOOP('',(#11566));
#11566 = ORIENTED_EDGE('',*,*,#11567,.T.);
#11567 = EDGE_CURVE('',#11568,#11568,#11570,.T.);
#11568 = VERTEX_POINT('',#11569);
#11569 = CARTESIAN_POINT('',(74.549,-87.3144,0.));
#11570 = CIRCLE('',#11571,0.4064);
#11571 = AXIS2_PLACEMENT_3D('',#11572,#11573,#11574);
#11572 = CARTESIAN_POINT('',(74.549,-86.908,0.));
#11573 = DIRECTION('',(-0.,0.,-1.));
#11574 = DIRECTION('',(-0.,-1.,0.));
#11575 = FACE_BOUND('',#11576,.F.);
#11576 = EDGE_LOOP('',(#11577,#11588,#11596,#11605));
#11577 = ORIENTED_EDGE('',*,*,#11578,.T.);
#11578 = EDGE_CURVE('',#11579,#11581,#11583,.T.);
#11579 = VERTEX_POINT('',#11580);
#11580 = CARTESIAN_POINT('',(60.4304,-84.7128,0.));
#11581 = VERTEX_POINT('',#11582);
#11582 = CARTESIAN_POINT('',(59.6176,-84.7128,0.));
#11583 = CIRCLE('',#11584,0.4064);
#11584 = AXIS2_PLACEMENT_3D('',#11585,#11586,#11587);
#11585 = CARTESIAN_POINT('',(60.024,-84.7128,0.));
#11586 = DIRECTION('',(-0.,0.,-1.));
#11587 = DIRECTION('',(-1.,0.,0.));
#11588 = ORIENTED_EDGE('',*,*,#11589,.T.);
#11589 = EDGE_CURVE('',#11581,#11590,#11592,.T.);
#11590 = VERTEX_POINT('',#11591);
#11591 = CARTESIAN_POINT('',(59.6176,-84.1032,0.));
#11592 = LINE('',#11593,#11594);
#11593 = CARTESIAN_POINT('',(59.6176,-42.0516,0.));
#11594 = VECTOR('',#11595,1.);
#11595 = DIRECTION('',(-0.,1.,0.));
#11596 = ORIENTED_EDGE('',*,*,#11597,.T.);
#11597 = EDGE_CURVE('',#11590,#11598,#11600,.T.);
#11598 = VERTEX_POINT('',#11599);
#11599 = CARTESIAN_POINT('',(60.4304,-84.1032,0.));
#11600 = CIRCLE('',#11601,0.4064);
#11601 = AXIS2_PLACEMENT_3D('',#11602,#11603,#11604);
#11602 = CARTESIAN_POINT('',(60.024,-84.1032,0.));
#11603 = DIRECTION('',(0.,-0.,-1.));
#11604 = DIRECTION('',(1.,0.,-0.));
#11605 = ORIENTED_EDGE('',*,*,#11606,.T.);
#11606 = EDGE_CURVE('',#11598,#11579,#11607,.T.);
#11607 = LINE('',#11608,#11609);
#11608 = CARTESIAN_POINT('',(60.4304,-42.3564,0.));
#11609 = VECTOR('',#11610,1.);
#11610 = DIRECTION('',(0.,-1.,0.));
#11611 = FACE_BOUND('',#11612,.F.);
#11612 = EDGE_LOOP('',(#11613));
#11613 = ORIENTED_EDGE('',*,*,#11614,.T.);
#11614 = EDGE_CURVE('',#11615,#11615,#11617,.T.);
#11615 = VERTEX_POINT('',#11616);
#11616 = CARTESIAN_POINT('',(65.024,-85.008,0.));
#11617 = CIRCLE('',#11618,0.6);
#11618 = AXIS2_PLACEMENT_3D('',#11619,#11620,#11621);
#11619 = CARTESIAN_POINT('',(65.024,-84.408,0.));
#11620 = DIRECTION('',(-0.,0.,-1.));
#11621 = DIRECTION('',(-0.,-1.,0.));
#11622 = FACE_BOUND('',#11623,.F.);
#11623 = EDGE_LOOP('',(#11624,#11635,#11643,#11652));
#11624 = ORIENTED_EDGE('',*,*,#11625,.T.);
#11625 = EDGE_CURVE('',#11626,#11628,#11630,.T.);
#11626 = VERTEX_POINT('',#11627);
#11627 = CARTESIAN_POINT('',(69.6176,-84.1032,0.));
#11628 = VERTEX_POINT('',#11629);
#11629 = CARTESIAN_POINT('',(70.4304,-84.1032,0.));
#11630 = CIRCLE('',#11631,0.4064);
#11631 = AXIS2_PLACEMENT_3D('',#11632,#11633,#11634);
#11632 = CARTESIAN_POINT('',(70.024,-84.1032,0.));
#11633 = DIRECTION('',(0.,-0.,-1.));
#11634 = DIRECTION('',(1.,3.49676543189E-14,-0.));
#11635 = ORIENTED_EDGE('',*,*,#11636,.T.);
#11636 = EDGE_CURVE('',#11628,#11637,#11639,.T.);
#11637 = VERTEX_POINT('',#11638);
#11638 = CARTESIAN_POINT('',(70.4304,-84.7128,0.));
#11639 = LINE('',#11640,#11641);
#11640 = CARTESIAN_POINT('',(70.4304,-42.3564,0.));
#11641 = VECTOR('',#11642,1.);
#11642 = DIRECTION('',(0.,-1.,0.));
#11643 = ORIENTED_EDGE('',*,*,#11644,.T.);
#11644 = EDGE_CURVE('',#11637,#11645,#11647,.T.);
#11645 = VERTEX_POINT('',#11646);
#11646 = CARTESIAN_POINT('',(69.6176,-84.7128,0.));
#11647 = CIRCLE('',#11648,0.4064);
#11648 = AXIS2_PLACEMENT_3D('',#11649,#11650,#11651);
#11649 = CARTESIAN_POINT('',(70.024,-84.7128,0.));
#11650 = DIRECTION('',(-0.,0.,-1.));
#11651 = DIRECTION('',(-1.,-3.49676543189E-14,0.));
#11652 = ORIENTED_EDGE('',*,*,#11653,.T.);
#11653 = EDGE_CURVE('',#11645,#11626,#11654,.T.);
#11654 = LINE('',#11655,#11656);
#11655 = CARTESIAN_POINT('',(69.6176,-42.0516,0.));
#11656 = VECTOR('',#11657,1.);
#11657 = DIRECTION('',(-0.,1.,0.));
#11658 = FACE_BOUND('',#11659,.F.);
#11659 = EDGE_LOOP('',(#11660));
#11660 = ORIENTED_EDGE('',*,*,#11661,.T.);
#11661 = EDGE_CURVE('',#11662,#11662,#11664,.T.);
#11662 = VERTEX_POINT('',#11663);
#11663 = CARTESIAN_POINT('',(59.817,-80.4164,0.));
#11664 = CIRCLE('',#11665,0.4064);
#11665 = AXIS2_PLACEMENT_3D('',#11666,#11667,#11668);
#11666 = CARTESIAN_POINT('',(59.817,-80.01,0.));
#11667 = DIRECTION('',(-0.,0.,-1.));
#11668 = DIRECTION('',(-0.,-1.,0.));
#11669 = FACE_BOUND('',#11670,.F.);
#11670 = EDGE_LOOP('',(#11671));
#11671 = ORIENTED_EDGE('',*,*,#11672,.T.);
#11672 = EDGE_CURVE('',#11673,#11673,#11675,.T.);
#11673 = VERTEX_POINT('',#11674);
#11674 = CARTESIAN_POINT('',(65.024,-79.507,0.));
#11675 = CIRCLE('',#11676,0.508);
#11676 = AXIS2_PLACEMENT_3D('',#11677,#11678,#11679);
#11677 = CARTESIAN_POINT('',(65.024,-78.999,0.));
#11678 = DIRECTION('',(-0.,0.,-1.));
#11679 = DIRECTION('',(-0.,-1.,0.));
#11680 = FACE_BOUND('',#11681,.F.);
#11681 = EDGE_LOOP('',(#11682));
#11682 = ORIENTED_EDGE('',*,*,#11683,.T.);
#11683 = EDGE_CURVE('',#11684,#11684,#11686,.T.);
#11684 = VERTEX_POINT('',#11685);
#11685 = CARTESIAN_POINT('',(65.024,-76.967,0.));
#11686 = CIRCLE('',#11687,0.508);
#11687 = AXIS2_PLACEMENT_3D('',#11688,#11689,#11690);
#11688 = CARTESIAN_POINT('',(65.024,-76.459,0.));
#11689 = DIRECTION('',(-0.,0.,-1.));
#11690 = DIRECTION('',(-0.,-1.,0.));
#11691 = FACE_BOUND('',#11692,.F.);
#11692 = EDGE_LOOP('',(#11693));
#11693 = ORIENTED_EDGE('',*,*,#11694,.T.);
#11694 = EDGE_CURVE('',#11695,#11695,#11697,.T.);
#11695 = VERTEX_POINT('',#11696);
#11696 = CARTESIAN_POINT('',(74.069,-81.4324,0.));
#11697 = CIRCLE('',#11698,0.4064);
#11698 = AXIS2_PLACEMENT_3D('',#11699,#11700,#11701);
#11699 = CARTESIAN_POINT('',(74.069,-81.026,0.));
#11700 = DIRECTION('',(-0.,0.,-1.));
#11701 = DIRECTION('',(3.49676543189E-14,-1.,-0.));
#11702 = FACE_BOUND('',#11703,.F.);
#11703 = EDGE_LOOP('',(#11704));
#11704 = ORIENTED_EDGE('',*,*,#11705,.T.);
#11705 = EDGE_CURVE('',#11706,#11706,#11708,.T.);
#11706 = VERTEX_POINT('',#11707);
#11707 = CARTESIAN_POINT('',(77.569,-81.4324,0.));
#11708 = CIRCLE('',#11709,0.4064);
#11709 = AXIS2_PLACEMENT_3D('',#11710,#11711,#11712);
#11710 = CARTESIAN_POINT('',(77.569,-81.026,0.));
#11711 = DIRECTION('',(-0.,0.,-1.));
#11712 = DIRECTION('',(3.49676543189E-14,-1.,-0.));
#11713 = FACE_BOUND('',#11714,.F.);
#11714 = EDGE_LOOP('',(#11715));
#11715 = ORIENTED_EDGE('',*,*,#11716,.T.);
#11716 = EDGE_CURVE('',#11717,#11717,#11719,.T.);
#11717 = VERTEX_POINT('',#11718);
#11718 = CARTESIAN_POINT('',(48.006,-72.2884,0.));
#11719 = CIRCLE('',#11720,0.4064);
#11720 = AXIS2_PLACEMENT_3D('',#11721,#11722,#11723);
#11721 = CARTESIAN_POINT('',(48.006,-71.882,0.));
#11722 = DIRECTION('',(-0.,0.,-1.));
#11723 = DIRECTION('',(-0.,-1.,0.));
#11724 = FACE_BOUND('',#11725,.F.);
#11725 = EDGE_LOOP('',(#11726));
#11726 = ORIENTED_EDGE('',*,*,#11727,.T.);
#11727 = EDGE_CURVE('',#11728,#11728,#11730,.T.);
#11728 = VERTEX_POINT('',#11729);
#11729 = CARTESIAN_POINT('',(52.324,-72.2884,0.));
#11730 = CIRCLE('',#11731,0.4064);
#11731 = AXIS2_PLACEMENT_3D('',#11732,#11733,#11734);
#11732 = CARTESIAN_POINT('',(52.324,-71.882,0.));
#11733 = DIRECTION('',(-0.,0.,-1.));
#11734 = DIRECTION('',(-0.,-1.,0.));
#11735 = FACE_BOUND('',#11736,.F.);
#11736 = EDGE_LOOP('',(#11737));
#11737 = ORIENTED_EDGE('',*,*,#11738,.T.);
#11738 = EDGE_CURVE('',#11739,#11739,#11741,.T.);
#11739 = VERTEX_POINT('',#11740);
#11740 = CARTESIAN_POINT('',(56.007,-70.2564,0.));
#11741 = CIRCLE('',#11742,0.4064);
#11742 = AXIS2_PLACEMENT_3D('',#11743,#11744,#11745);
#11743 = CARTESIAN_POINT('',(56.007,-69.85,0.));
#11744 = DIRECTION('',(-0.,0.,-1.));
#11745 = DIRECTION('',(-1.748382715945E-14,-1.,0.));
#11746 = FACE_BOUND('',#11747,.F.);
#11747 = EDGE_LOOP('',(#11748));
#11748 = ORIENTED_EDGE('',*,*,#11749,.T.);
#11749 = EDGE_CURVE('',#11750,#11750,#11752,.T.);
#11750 = VERTEX_POINT('',#11751);
#11751 = CARTESIAN_POINT('',(72.049,-74.9554,0.));
#11752 = CIRCLE('',#11753,0.4064);
#11753 = AXIS2_PLACEMENT_3D('',#11754,#11755,#11756);
#11754 = CARTESIAN_POINT('',(72.049,-74.549,0.));
#11755 = DIRECTION('',(-0.,0.,-1.));
#11756 = DIRECTION('',(-0.,-1.,0.));
#11757 = FACE_BOUND('',#11758,.F.);
#11758 = EDGE_LOOP('',(#11759));
#11759 = ORIENTED_EDGE('',*,*,#11760,.T.);
#11760 = EDGE_CURVE('',#11761,#11761,#11763,.T.);
#11761 = VERTEX_POINT('',#11762);
#11762 = CARTESIAN_POINT('',(59.817,-70.2564,0.));
#11763 = CIRCLE('',#11764,0.4064);
#11764 = AXIS2_PLACEMENT_3D('',#11765,#11766,#11767);
#11765 = CARTESIAN_POINT('',(59.817,-69.85,0.));
#11766 = DIRECTION('',(-0.,0.,-1.));
#11767 = DIRECTION('',(-0.,-1.,0.));
#11768 = FACE_BOUND('',#11769,.F.);
#11769 = EDGE_LOOP('',(#11770));
#11770 = ORIENTED_EDGE('',*,*,#11771,.T.);
#11771 = EDGE_CURVE('',#11772,#11772,#11774,.T.);
#11772 = VERTEX_POINT('',#11773);
#11773 = CARTESIAN_POINT('',(77.049,-74.9554,0.));
#11774 = CIRCLE('',#11775,0.4064);
#11775 = AXIS2_PLACEMENT_3D('',#11776,#11777,#11778);
#11776 = CARTESIAN_POINT('',(77.049,-74.549,0.));
#11777 = DIRECTION('',(-0.,0.,-1.));
#11778 = DIRECTION('',(-0.,-1.,0.));
#11779 = FACE_BOUND('',#11780,.F.);
#11780 = EDGE_LOOP('',(#11781));
#11781 = ORIENTED_EDGE('',*,*,#11782,.T.);
#11782 = EDGE_CURVE('',#11783,#11783,#11785,.T.);
#11783 = VERTEX_POINT('',#11784);
#11784 = CARTESIAN_POINT('',(104.394,-87.1944,0.));
#11785 = CIRCLE('',#11786,0.4064);
#11786 = AXIS2_PLACEMENT_3D('',#11787,#11788,#11789);
#11787 = CARTESIAN_POINT('',(104.394,-86.788,0.));
#11788 = DIRECTION('',(-0.,0.,-1.));
#11789 = DIRECTION('',(-0.,-1.,0.));
#11790 = FACE_BOUND('',#11791,.F.);
#11791 = EDGE_LOOP('',(#11792));
#11792 = ORIENTED_EDGE('',*,*,#11793,.T.);
#11793 = EDGE_CURVE('',#11794,#11794,#11796,.T.);
#11794 = VERTEX_POINT('',#11795);
#11795 = CARTESIAN_POINT('',(108.077,-92.7354,0.));
#11796 = CIRCLE('',#11797,0.4064);
#11797 = AXIS2_PLACEMENT_3D('',#11798,#11799,#11800);
#11798 = CARTESIAN_POINT('',(108.077,-92.329,0.));
#11799 = DIRECTION('',(-0.,0.,-1.));
#11800 = DIRECTION('',(-0.,-1.,0.));
#11801 = FACE_BOUND('',#11802,.F.);
#11802 = EDGE_LOOP('',(#11803));
#11803 = ORIENTED_EDGE('',*,*,#11804,.T.);
#11804 = EDGE_CURVE('',#11805,#11805,#11807,.T.);
#11805 = VERTEX_POINT('',#11806);
#11806 = CARTESIAN_POINT('',(113.284,-89.1794,0.));
#11807 = CIRCLE('',#11808,0.4064);
#11808 = AXIS2_PLACEMENT_3D('',#11809,#11810,#11811);
#11809 = CARTESIAN_POINT('',(113.284,-88.773,0.));
#11810 = DIRECTION('',(-0.,0.,-1.));
#11811 = DIRECTION('',(3.49676543189E-14,-1.,-0.));
#11812 = FACE_BOUND('',#11813,.F.);
#11813 = EDGE_LOOP('',(#11814));
#11814 = ORIENTED_EDGE('',*,*,#11815,.T.);
#11815 = EDGE_CURVE('',#11816,#11816,#11818,.T.);
#11816 = VERTEX_POINT('',#11817);
#11817 = CARTESIAN_POINT('',(113.284,-86.6394,0.));
#11818 = CIRCLE('',#11819,0.4064);
#11819 = AXIS2_PLACEMENT_3D('',#11820,#11821,#11822);
#11820 = CARTESIAN_POINT('',(113.284,-86.233,0.));
#11821 = DIRECTION('',(-0.,0.,-1.));
#11822 = DIRECTION('',(3.49676543189E-14,-1.,-0.));
#11823 = FACE_BOUND('',#11824,.F.);
#11824 = EDGE_LOOP('',(#11825));
#11825 = ORIENTED_EDGE('',*,*,#11826,.T.);
#11826 = EDGE_CURVE('',#11827,#11827,#11829,.T.);
#11827 = VERTEX_POINT('',#11828);
#11828 = CARTESIAN_POINT('',(100.838,-84.7344,0.));
#11829 = CIRCLE('',#11830,0.4064);
#11830 = AXIS2_PLACEMENT_3D('',#11831,#11832,#11833);
#11831 = CARTESIAN_POINT('',(100.838,-84.328,0.));
#11832 = DIRECTION('',(-0.,0.,-1.));
#11833 = DIRECTION('',(-0.,-1.,0.));
#11834 = FACE_BOUND('',#11835,.F.);
#11835 = EDGE_LOOP('',(#11836));
#11836 = ORIENTED_EDGE('',*,*,#11837,.T.);
#11837 = EDGE_CURVE('',#11838,#11838,#11840,.T.);
#11838 = VERTEX_POINT('',#11839);
#11839 = CARTESIAN_POINT('',(104.394,-82.1944,0.));
#11840 = CIRCLE('',#11841,0.4064);
#11841 = AXIS2_PLACEMENT_3D('',#11842,#11843,#11844);
#11842 = CARTESIAN_POINT('',(104.394,-81.788,0.));
#11843 = DIRECTION('',(-0.,0.,-1.));
#11844 = DIRECTION('',(-0.,-1.,0.));
#11845 = FACE_BOUND('',#11846,.F.);
#11846 = EDGE_LOOP('',(#11847));
#11847 = ORIENTED_EDGE('',*,*,#11848,.T.);
#11848 = EDGE_CURVE('',#11849,#11849,#11851,.T.);
#11849 = VERTEX_POINT('',#11850);
#11850 = CARTESIAN_POINT('',(97.028,-80.4164,0.));
#11851 = CIRCLE('',#11852,0.4064);
#11852 = AXIS2_PLACEMENT_3D('',#11853,#11854,#11855);
#11853 = CARTESIAN_POINT('',(97.028,-80.01,0.));
#11854 = DIRECTION('',(-0.,0.,-1.));
#11855 = DIRECTION('',(3.49676543189E-14,-1.,-0.));
#11856 = FACE_BOUND('',#11857,.F.);
#11857 = EDGE_LOOP('',(#11858));
#11858 = ORIENTED_EDGE('',*,*,#11859,.T.);
#11859 = EDGE_CURVE('',#11860,#11860,#11862,.T.);
#11860 = VERTEX_POINT('',#11861);
#11861 = CARTESIAN_POINT('',(108.077,-85.1154,0.));
#11862 = CIRCLE('',#11863,0.4064);
#11863 = AXIS2_PLACEMENT_3D('',#11864,#11865,#11866);
#11864 = CARTESIAN_POINT('',(108.077,-84.709,0.));
#11865 = DIRECTION('',(-0.,0.,-1.));
#11866 = DIRECTION('',(-0.,-1.,0.));
#11867 = FACE_BOUND('',#11868,.F.);
#11868 = EDGE_LOOP('',(#11869));
#11869 = ORIENTED_EDGE('',*,*,#11870,.T.);
#11870 = EDGE_CURVE('',#11871,#11871,#11873,.T.);
#11871 = VERTEX_POINT('',#11872);
#11872 = CARTESIAN_POINT('',(108.077,-82.1944,0.));
#11873 = CIRCLE('',#11874,0.4064);
#11874 = AXIS2_PLACEMENT_3D('',#11875,#11876,#11877);
#11875 = CARTESIAN_POINT('',(108.077,-81.788,0.));
#11876 = DIRECTION('',(-0.,0.,-1.));
#11877 = DIRECTION('',(-0.,-1.,0.));
#11878 = FACE_BOUND('',#11879,.F.);
#11879 = EDGE_LOOP('',(#11880));
#11880 = ORIENTED_EDGE('',*,*,#11881,.T.);
#11881 = EDGE_CURVE('',#11882,#11882,#11884,.T.);
#11882 = VERTEX_POINT('',#11883);
#11883 = CARTESIAN_POINT('',(113.284,-84.0994,0.));
#11884 = CIRCLE('',#11885,0.4064);
#11885 = AXIS2_PLACEMENT_3D('',#11886,#11887,#11888);
#11886 = CARTESIAN_POINT('',(113.284,-83.693,0.));
#11887 = DIRECTION('',(-0.,0.,-1.));
#11888 = DIRECTION('',(3.49676543189E-14,-1.,-0.));
#11889 = FACE_BOUND('',#11890,.F.);
#11890 = EDGE_LOOP('',(#11891));
#11891 = ORIENTED_EDGE('',*,*,#11892,.T.);
#11892 = EDGE_CURVE('',#11893,#11893,#11895,.T.);
#11893 = VERTEX_POINT('',#11894);
#11894 = CARTESIAN_POINT('',(113.284,-81.5594,0.));
#11895 = CIRCLE('',#11896,0.4064);
#11896 = AXIS2_PLACEMENT_3D('',#11897,#11898,#11899);
#11897 = CARTESIAN_POINT('',(113.284,-81.153,0.));
#11898 = DIRECTION('',(-0.,0.,-1.));
#11899 = DIRECTION('',(3.49676543189E-14,-1.,-0.));
#11900 = FACE_BOUND('',#11901,.F.);
#11901 = EDGE_LOOP('',(#11902));
#11902 = ORIENTED_EDGE('',*,*,#11903,.T.);
#11903 = EDGE_CURVE('',#11904,#11904,#11906,.T.);
#11904 = VERTEX_POINT('',#11905);
#11905 = CARTESIAN_POINT('',(115.904,-77.8764,0.));
#11906 = CIRCLE('',#11907,0.4064);
#11907 = AXIS2_PLACEMENT_3D('',#11908,#11909,#11910);
#11908 = CARTESIAN_POINT('',(115.904,-77.47,0.));
#11909 = DIRECTION('',(-0.,0.,-1.));
#11910 = DIRECTION('',(-0.,-1.,0.));
#11911 = FACE_BOUND('',#11912,.F.);
#11912 = EDGE_LOOP('',(#11913));
#11913 = ORIENTED_EDGE('',*,*,#11914,.T.);
#11914 = EDGE_CURVE('',#11915,#11915,#11917,.T.);
#11915 = VERTEX_POINT('',#11916);
#11916 = CARTESIAN_POINT('',(128.651,-92.7354,0.));
#11917 = CIRCLE('',#11918,0.4064);
#11918 = AXIS2_PLACEMENT_3D('',#11919,#11920,#11921);
#11919 = CARTESIAN_POINT('',(128.651,-92.329,0.));
#11920 = DIRECTION('',(-0.,0.,-1.));
#11921 = DIRECTION('',(-0.,-1.,0.));
#11922 = FACE_BOUND('',#11923,.F.);
#11923 = EDGE_LOOP('',(#11924));
#11924 = ORIENTED_EDGE('',*,*,#11925,.T.);
#11925 = EDGE_CURVE('',#11926,#11926,#11928,.T.);
#11926 = VERTEX_POINT('',#11927);
#11927 = CARTESIAN_POINT('',(120.904,-89.1794,0.));
#11928 = CIRCLE('',#11929,0.4064);
#11929 = AXIS2_PLACEMENT_3D('',#11930,#11931,#11932);
#11930 = CARTESIAN_POINT('',(120.904,-88.773,0.));
#11931 = DIRECTION('',(-0.,0.,-1.));
#11932 = DIRECTION('',(-0.,-1.,0.));
#11933 = FACE_BOUND('',#11934,.F.);
#11934 = EDGE_LOOP('',(#11935));
#11935 = ORIENTED_EDGE('',*,*,#11936,.T.);
#11936 = EDGE_CURVE('',#11937,#11937,#11939,.T.);
#11937 = VERTEX_POINT('',#11938);
#11938 = CARTESIAN_POINT('',(120.904,-86.6394,0.));
#11939 = CIRCLE('',#11940,0.4064);
#11940 = AXIS2_PLACEMENT_3D('',#11941,#11942,#11943);
#11941 = CARTESIAN_POINT('',(120.904,-86.233,0.));
#11942 = DIRECTION('',(-0.,0.,-1.));
#11943 = DIRECTION('',(-0.,-1.,0.));
#11944 = FACE_BOUND('',#11945,.F.);
#11945 = EDGE_LOOP('',(#11946));
#11946 = ORIENTED_EDGE('',*,*,#11947,.T.);
#11947 = EDGE_CURVE('',#11948,#11948,#11950,.T.);
#11948 = VERTEX_POINT('',#11949);
#11949 = CARTESIAN_POINT('',(124.841,-87.0204,0.));
#11950 = CIRCLE('',#11951,0.4064);
#11951 = AXIS2_PLACEMENT_3D('',#11952,#11953,#11954);
#11952 = CARTESIAN_POINT('',(124.841,-86.614,0.));
#11953 = DIRECTION('',(-0.,0.,-1.));
#11954 = DIRECTION('',(-3.49676543189E-14,-1.,0.));
#11955 = FACE_BOUND('',#11956,.F.);
#11956 = EDGE_LOOP('',(#11957));
#11957 = ORIENTED_EDGE('',*,*,#11958,.T.);
#11958 = EDGE_CURVE('',#11959,#11959,#11961,.T.);
#11959 = VERTEX_POINT('',#11960);
#11960 = CARTESIAN_POINT('',(147.32,-90.5,0.));
#11961 = CIRCLE('',#11962,1.6);
#11962 = AXIS2_PLACEMENT_3D('',#11963,#11964,#11965);
#11963 = CARTESIAN_POINT('',(147.32,-88.9,0.));
#11964 = DIRECTION('',(-0.,0.,-1.));
#11965 = DIRECTION('',(-0.,-1.,0.));
#11966 = FACE_BOUND('',#11967,.F.);
#11967 = EDGE_LOOP('',(#11968));
#11968 = ORIENTED_EDGE('',*,*,#11969,.T.);
#11969 = EDGE_CURVE('',#11970,#11970,#11972,.T.);
#11970 = VERTEX_POINT('',#11971);
#11971 = CARTESIAN_POINT('',(120.904,-84.0994,0.));
#11972 = CIRCLE('',#11973,0.4064);
#11973 = AXIS2_PLACEMENT_3D('',#11974,#11975,#11976);
#11974 = CARTESIAN_POINT('',(120.904,-83.693,0.));
#11975 = DIRECTION('',(-0.,0.,-1.));
#11976 = DIRECTION('',(-0.,-1.,0.));
#11977 = FACE_BOUND('',#11978,.F.);
#11978 = EDGE_LOOP('',(#11979));
#11979 = ORIENTED_EDGE('',*,*,#11980,.T.);
#11980 = EDGE_CURVE('',#11981,#11981,#11983,.T.);
#11981 = VERTEX_POINT('',#11982);
#11982 = CARTESIAN_POINT('',(120.904,-81.5594,0.));
#11983 = CIRCLE('',#11984,0.4064);
#11984 = AXIS2_PLACEMENT_3D('',#11985,#11986,#11987);
#11985 = CARTESIAN_POINT('',(120.904,-81.153,0.));
#11986 = DIRECTION('',(-0.,0.,-1.));
#11987 = DIRECTION('',(-0.,-1.,0.));
#11988 = FACE_BOUND('',#11989,.F.);
#11989 = EDGE_LOOP('',(#11990));
#11990 = ORIENTED_EDGE('',*,*,#11991,.T.);
#11991 = EDGE_CURVE('',#11992,#11992,#11994,.T.);
#11992 = VERTEX_POINT('',#11993);
#11993 = CARTESIAN_POINT('',(128.651,-82.5754,0.));
#11994 = CIRCLE('',#11995,0.4064);
#11995 = AXIS2_PLACEMENT_3D('',#11996,#11997,#11998);
#11996 = CARTESIAN_POINT('',(128.651,-82.169,0.));
#11997 = DIRECTION('',(-0.,0.,-1.));
#11998 = DIRECTION('',(-0.,-1.,0.));
#11999 = FACE_BOUND('',#12000,.F.);
#12000 = EDGE_LOOP('',(#12001));
#12001 = ORIENTED_EDGE('',*,*,#12002,.T.);
#12002 = EDGE_CURVE('',#12003,#12003,#12005,.T.);
#12003 = VERTEX_POINT('',#12004);
#12004 = CARTESIAN_POINT('',(120.904,-77.8764,0.));
#12005 = CIRCLE('',#12006,0.4064);
#12006 = AXIS2_PLACEMENT_3D('',#12007,#12008,#12009);
#12007 = CARTESIAN_POINT('',(120.904,-77.47,0.));
#12008 = DIRECTION('',(-0.,0.,-1.));
#12009 = DIRECTION('',(-0.,-1.,0.));
#12010 = FACE_BOUND('',#12011,.F.);
#12011 = EDGE_LOOP('',(#12012));
#12012 = ORIENTED_EDGE('',*,*,#12013,.T.);
#12013 = EDGE_CURVE('',#12014,#12014,#12016,.T.);
#12014 = VERTEX_POINT('',#12015);
#12015 = CARTESIAN_POINT('',(124.841,-76.8604,0.));
#12016 = CIRCLE('',#12017,0.4064);
#12017 = AXIS2_PLACEMENT_3D('',#12018,#12019,#12020);
#12018 = CARTESIAN_POINT('',(124.841,-76.454,0.));
#12019 = DIRECTION('',(-0.,0.,-1.));
#12020 = DIRECTION('',(-3.49676543189E-14,-1.,0.));
#12021 = FACE_BOUND('',#12022,.F.);
#12022 = EDGE_LOOP('',(#12023));
#12023 = ORIENTED_EDGE('',*,*,#12024,.T.);
#12024 = EDGE_CURVE('',#12025,#12025,#12027,.T.);
#12025 = VERTEX_POINT('',#12026);
#12026 = CARTESIAN_POINT('',(128.651,-80.4164,0.));
#12027 = CIRCLE('',#12028,0.4064);
#12028 = AXIS2_PLACEMENT_3D('',#12029,#12030,#12031);
#12029 = CARTESIAN_POINT('',(128.651,-80.01,0.));
#12030 = DIRECTION('',(-0.,0.,-1.));
#12031 = DIRECTION('',(-0.,-1.,0.));
#12032 = FACE_BOUND('',#12033,.F.);
#12033 = EDGE_LOOP('',(#12034));
#12034 = ORIENTED_EDGE('',*,*,#12035,.T.);
#12035 = EDGE_CURVE('',#12036,#12036,#12038,.T.);
#12036 = VERTEX_POINT('',#12037);
#12037 = CARTESIAN_POINT('',(88.9,-77.8,0.));
#12038 = CIRCLE('',#12039,1.6);
#12039 = AXIS2_PLACEMENT_3D('',#12040,#12041,#12042);
#12040 = CARTESIAN_POINT('',(88.9,-76.2,0.));
#12041 = DIRECTION('',(-0.,0.,-1.));
#12042 = DIRECTION('',(-0.,-1.,0.));
#12043 = FACE_BOUND('',#12044,.F.);
#12044 = EDGE_LOOP('',(#12045));
#12045 = ORIENTED_EDGE('',*,*,#12046,.T.);
#12046 = EDGE_CURVE('',#12047,#12047,#12049,.T.);
#12047 = VERTEX_POINT('',#12048);
#12048 = CARTESIAN_POINT('',(100.838,-74.5744,0.));
#12049 = CIRCLE('',#12050,0.4064);
#12050 = AXIS2_PLACEMENT_3D('',#12051,#12052,#12053);
#12051 = CARTESIAN_POINT('',(100.838,-74.168,0.));
#12052 = DIRECTION('',(-0.,0.,-1.));
#12053 = DIRECTION('',(-0.,-1.,0.));
#12054 = FACE_BOUND('',#12055,.F.);
#12055 = EDGE_LOOP('',(#12056));
#12056 = ORIENTED_EDGE('',*,*,#12057,.T.);
#12057 = EDGE_CURVE('',#12058,#12058,#12060,.T.);
#12058 = VERTEX_POINT('',#12059);
#12059 = CARTESIAN_POINT('',(97.028,-70.2564,0.));
#12060 = CIRCLE('',#12061,0.4064);
#12061 = AXIS2_PLACEMENT_3D('',#12062,#12063,#12064);
#12062 = CARTESIAN_POINT('',(97.028,-69.85,0.));
#12063 = DIRECTION('',(-0.,0.,-1.));
#12064 = DIRECTION('',(3.49676543189E-14,-1.,-0.));
#12065 = FACE_BOUND('',#12066,.F.);
#12066 = EDGE_LOOP('',(#12067));
#12067 = ORIENTED_EDGE('',*,*,#12068,.T.);
#12068 = EDGE_CURVE('',#12069,#12069,#12071,.T.);
#12069 = VERTEX_POINT('',#12070);
#12070 = CARTESIAN_POINT('',(108.077,-74.5744,0.));
#12071 = CIRCLE('',#12072,0.4064);
#12072 = AXIS2_PLACEMENT_3D('',#12073,#12074,#12075);
#12073 = CARTESIAN_POINT('',(108.077,-74.168,0.));
#12074 = DIRECTION('',(-0.,0.,-1.));
#12075 = DIRECTION('',(-0.,-1.,0.));
#12076 = FACE_BOUND('',#12077,.F.);
#12077 = EDGE_LOOP('',(#12078));
#12078 = ORIENTED_EDGE('',*,*,#12079,.T.);
#12079 = EDGE_CURVE('',#12080,#12080,#12082,.T.);
#12080 = VERTEX_POINT('',#12081);
#12081 = CARTESIAN_POINT('',(115.904,-74.1934,0.));
#12082 = CIRCLE('',#12083,0.4064);
#12083 = AXIS2_PLACEMENT_3D('',#12084,#12085,#12086);
#12084 = CARTESIAN_POINT('',(115.904,-73.787,0.));
#12085 = DIRECTION('',(-0.,0.,-1.));
#12086 = DIRECTION('',(-0.,-1.,0.));
#12087 = FACE_BOUND('',#12088,.F.);
#12088 = EDGE_LOOP('',(#12089));
#12089 = ORIENTED_EDGE('',*,*,#12090,.T.);
#12090 = EDGE_CURVE('',#12091,#12091,#12093,.T.);
#12091 = VERTEX_POINT('',#12092);
#12092 = CARTESIAN_POINT('',(120.904,-74.1934,0.));
#12093 = CIRCLE('',#12094,0.4064);
#12094 = AXIS2_PLACEMENT_3D('',#12095,#12096,#12097);
#12095 = CARTESIAN_POINT('',(120.904,-73.787,0.));
#12096 = DIRECTION('',(-0.,0.,-1.));
#12097 = DIRECTION('',(-0.,-1.,0.));
#12098 = FACE_BOUND('',#12099,.F.);
#12099 = EDGE_LOOP('',(#12100));
#12100 = ORIENTED_EDGE('',*,*,#12101,.T.);
#12101 = EDGE_CURVE('',#12102,#12102,#12104,.T.);
#12102 = VERTEX_POINT('',#12103);
#12103 = CARTESIAN_POINT('',(128.651,-70.2564,0.));
#12104 = CIRCLE('',#12105,0.4064);
#12105 = AXIS2_PLACEMENT_3D('',#12106,#12107,#12108);
#12106 = CARTESIAN_POINT('',(128.651,-69.85,0.));
#12107 = DIRECTION('',(-0.,0.,-1.));
#12108 = DIRECTION('',(-0.,-1.,0.));
#12109 = FACE_BOUND('',#12110,.F.);
#12110 = EDGE_LOOP('',(#12111));
#12111 = ORIENTED_EDGE('',*,*,#12112,.T.);
#12112 = EDGE_CURVE('',#12113,#12113,#12115,.T.);
#12113 = VERTEX_POINT('',#12114);
#12114 = CARTESIAN_POINT('',(146.13,-75.9714,0.));
#12115 = CIRCLE('',#12116,0.4064);
#12116 = AXIS2_PLACEMENT_3D('',#12117,#12118,#12119);
#12117 = CARTESIAN_POINT('',(146.13,-75.565,0.));
#12118 = DIRECTION('',(-0.,0.,-1.));
#12119 = DIRECTION('',(-0.,-1.,0.));
#12120 = FACE_BOUND('',#12121,.F.);
#12121 = EDGE_LOOP('',(#12122));
#12122 = ORIENTED_EDGE('',*,*,#12123,.T.);
#12123 = EDGE_CURVE('',#12124,#12124,#12126,.T.);
#12124 = VERTEX_POINT('',#12125);
#12125 = CARTESIAN_POINT('',(151.13,-75.9714,0.));
#12126 = CIRCLE('',#12127,0.4064);
#12127 = AXIS2_PLACEMENT_3D('',#12128,#12129,#12130);
#12128 = CARTESIAN_POINT('',(151.13,-75.565,0.));
#12129 = DIRECTION('',(-0.,0.,-1.));
#12130 = DIRECTION('',(-0.,-1.,0.));
#12131 = FACE_BOUND('',#12132,.F.);
#12132 = EDGE_LOOP('',(#12133));
#12133 = ORIENTED_EDGE('',*,*,#12134,.T.);
#12134 = EDGE_CURVE('',#12135,#12135,#12137,.T.);
#12135 = VERTEX_POINT('',#12136);
#12136 = CARTESIAN_POINT('',(140.97,-72.5424,0.));
#12137 = CIRCLE('',#12138,0.4064);
#12138 = AXIS2_PLACEMENT_3D('',#12139,#12140,#12141);
#12139 = CARTESIAN_POINT('',(140.97,-72.136,0.));
#12140 = DIRECTION('',(-0.,0.,-1.));
#12141 = DIRECTION('',(-0.,-1.,0.));
#12142 = FACE_BOUND('',#12143,.F.);
#12143 = EDGE_LOOP('',(#12144));
#12144 = ORIENTED_EDGE('',*,*,#12145,.T.);
#12145 = EDGE_CURVE('',#12146,#12146,#12148,.T.);
#12146 = VERTEX_POINT('',#12147);
#12147 = CARTESIAN_POINT('',(141.478,-69.2404,0.));
#12148 = CIRCLE('',#12149,0.4064);
#12149 = AXIS2_PLACEMENT_3D('',#12150,#12151,#12152);
#12150 = CARTESIAN_POINT('',(141.478,-68.834,0.));
#12151 = DIRECTION('',(-0.,0.,-1.));
#12152 = DIRECTION('',(-0.,-1.,0.));
#12153 = FACE_BOUND('',#12154,.F.);
#12154 = EDGE_LOOP('',(#12155));
#12155 = ORIENTED_EDGE('',*,*,#12156,.T.);
#12156 = EDGE_CURVE('',#12157,#12157,#12159,.T.);
#12157 = VERTEX_POINT('',#12158);
#12158 = CARTESIAN_POINT('',(151.13,-72.5424,0.));
#12159 = CIRCLE('',#12160,0.4064);
#12160 = AXIS2_PLACEMENT_3D('',#12161,#12162,#12163);
#12161 = CARTESIAN_POINT('',(151.13,-72.136,0.));
#12162 = DIRECTION('',(-0.,0.,-1.));
#12163 = DIRECTION('',(-0.,-1.,0.));
#12164 = FACE_BOUND('',#12165,.F.);
#12165 = EDGE_LOOP('',(#12166));
#12166 = ORIENTED_EDGE('',*,*,#12167,.T.);
#12167 = EDGE_CURVE('',#12168,#12168,#12170,.T.);
#12168 = VERTEX_POINT('',#12169);
#12169 = CARTESIAN_POINT('',(149.098,-69.2404,0.));
#12170 = CIRCLE('',#12171,0.4064);
#12171 = AXIS2_PLACEMENT_3D('',#12172,#12173,#12174);
#12172 = CARTESIAN_POINT('',(149.098,-68.834,0.));
#12173 = DIRECTION('',(-0.,0.,-1.));
#12174 = DIRECTION('',(-0.,-1.,0.));
#12175 = FACE_BOUND('',#12176,.F.);
#12176 = EDGE_LOOP('',(#12177));
#12177 = ORIENTED_EDGE('',*,*,#12178,.T.);
#12178 = EDGE_CURVE('',#12179,#12179,#12181,.T.);
#12179 = VERTEX_POINT('',#12180);
#12180 = CARTESIAN_POINT('',(140.97,-65.6844,0.));
#12181 = CIRCLE('',#12182,0.4064);
#12182 = AXIS2_PLACEMENT_3D('',#12183,#12184,#12185);
#12183 = CARTESIAN_POINT('',(140.97,-65.278,0.));
#12184 = DIRECTION('',(-0.,0.,-1.));
#12185 = DIRECTION('',(-0.,-1.,0.));
#12186 = FACE_BOUND('',#12187,.F.);
#12187 = EDGE_LOOP('',(#12188));
#12188 = ORIENTED_EDGE('',*,*,#12189,.T.);
#12189 = EDGE_CURVE('',#12190,#12190,#12192,.T.);
#12190 = VERTEX_POINT('',#12191);
#12191 = CARTESIAN_POINT('',(148.59,-65.6844,0.));
#12192 = CIRCLE('',#12193,0.4064);
#12193 = AXIS2_PLACEMENT_3D('',#12194,#12195,#12196);
#12194 = CARTESIAN_POINT('',(148.59,-65.278,0.));
#12195 = DIRECTION('',(-0.,0.,-1.));
#12196 = DIRECTION('',(-0.,-1.,0.));
#12197 = FACE_BOUND('',#12198,.F.);
#12198 = EDGE_LOOP('',(#12199));
#12199 = ORIENTED_EDGE('',*,*,#12200,.T.);
#12200 = EDGE_CURVE('',#12201,#12201,#12203,.T.);
#12201 = VERTEX_POINT('',#12202);
#12202 = CARTESIAN_POINT('',(146.05,-60.9854,0.));
#12203 = CIRCLE('',#12204,0.4064);
#12204 = AXIS2_PLACEMENT_3D('',#12205,#12206,#12207);
#12205 = CARTESIAN_POINT('',(146.05,-60.579,0.));
#12206 = DIRECTION('',(-0.,0.,-1.));
#12207 = DIRECTION('',(-0.,-1.,0.));
#12208 = FACE_BOUND('',#12209,.F.);
#12209 = EDGE_LOOP('',(#12210));
#12210 = ORIENTED_EDGE('',*,*,#12211,.T.);
#12211 = EDGE_CURVE('',#12212,#12212,#12214,.T.);
#12212 = VERTEX_POINT('',#12213);
#12213 = CARTESIAN_POINT('',(148.59,-60.9854,0.));
#12214 = CIRCLE('',#12215,0.4064);
#12215 = AXIS2_PLACEMENT_3D('',#12216,#12217,#12218);
#12216 = CARTESIAN_POINT('',(148.59,-60.579,0.));
#12217 = DIRECTION('',(-0.,0.,-1.));
#12218 = DIRECTION('',(-0.,-1.,0.));
#12219 = FACE_BOUND('',#12220,.F.);
#12220 = EDGE_LOOP('',(#12221));
#12221 = ORIENTED_EDGE('',*,*,#12222,.T.);
#12222 = EDGE_CURVE('',#12223,#12223,#12225,.T.);
#12223 = VERTEX_POINT('',#12224);
#12224 = CARTESIAN_POINT('',(151.13,-60.9854,0.));
#12225 = CIRCLE('',#12226,0.4064);
#12226 = AXIS2_PLACEMENT_3D('',#12227,#12228,#12229);
#12227 = CARTESIAN_POINT('',(151.13,-60.579,0.));
#12228 = DIRECTION('',(-0.,0.,-1.));
#12229 = DIRECTION('',(-0.,-1.,0.));
#12230 = FACE_BOUND('',#12231,.F.);
#12231 = EDGE_LOOP('',(#12232));
#12232 = ORIENTED_EDGE('',*,*,#12233,.T.);
#12233 = EDGE_CURVE('',#12234,#12234,#12236,.T.);
#12234 = VERTEX_POINT('',#12235);
#12235 = CARTESIAN_POINT('',(29.21,-55.1434,0.));
#12236 = CIRCLE('',#12237,0.4064);
#12237 = AXIS2_PLACEMENT_3D('',#12238,#12239,#12240);
#12238 = CARTESIAN_POINT('',(29.21,-54.737,0.));
#12239 = DIRECTION('',(-0.,0.,-1.));
#12240 = DIRECTION('',(-0.,-1.,0.));
#12241 = FACE_BOUND('',#12242,.F.);
#12242 = EDGE_LOOP('',(#12243));
#12243 = ORIENTED_EDGE('',*,*,#12244,.T.);
#12244 = EDGE_CURVE('',#12245,#12245,#12247,.T.);
#12245 = VERTEX_POINT('',#12246);
#12246 = CARTESIAN_POINT('',(36.83,-55.1434,0.));
#12247 = CIRCLE('',#12248,0.4064);
#12248 = AXIS2_PLACEMENT_3D('',#12249,#12250,#12251);
#12249 = CARTESIAN_POINT('',(36.83,-54.737,0.));
#12250 = DIRECTION('',(-0.,0.,-1.));
#12251 = DIRECTION('',(-0.,-1.,0.));
#12252 = FACE_BOUND('',#12253,.F.);
#12253 = EDGE_LOOP('',(#12254));
#12254 = ORIENTED_EDGE('',*,*,#12255,.T.);
#12255 = EDGE_CURVE('',#12256,#12256,#12258,.T.);
#12256 = VERTEX_POINT('',#12257);
#12257 = CARTESIAN_POINT('',(26.67,-51.3334,0.));
#12258 = CIRCLE('',#12259,0.4064);
#12259 = AXIS2_PLACEMENT_3D('',#12260,#12261,#12262);
#12260 = CARTESIAN_POINT('',(26.67,-50.927,0.));
#12261 = DIRECTION('',(-0.,0.,-1.));
#12262 = DIRECTION('',(-0.,-1.,0.));
#12263 = FACE_BOUND('',#12264,.F.);
#12264 = EDGE_LOOP('',(#12265));
#12265 = ORIENTED_EDGE('',*,*,#12266,.T.);
#12266 = EDGE_CURVE('',#12267,#12267,#12269,.T.);
#12267 = VERTEX_POINT('',#12268);
#12268 = CARTESIAN_POINT('',(29.21,-51.3334,0.));
#12269 = CIRCLE('',#12270,0.4064);
#12270 = AXIS2_PLACEMENT_3D('',#12271,#12272,#12273);
#12271 = CARTESIAN_POINT('',(29.21,-50.927,0.));
#12272 = DIRECTION('',(-0.,0.,-1.));
#12273 = DIRECTION('',(-0.,-1.,0.));
#12274 = FACE_BOUND('',#12275,.F.);
#12275 = EDGE_LOOP('',(#12276));
#12276 = ORIENTED_EDGE('',*,*,#12277,.T.);
#12277 = EDGE_CURVE('',#12278,#12278,#12280,.T.);
#12278 = VERTEX_POINT('',#12279);
#12279 = CARTESIAN_POINT('',(31.75,-51.3334,0.));
#12280 = CIRCLE('',#12281,0.4064);
#12281 = AXIS2_PLACEMENT_3D('',#12282,#12283,#12284);
#12282 = CARTESIAN_POINT('',(31.75,-50.927,0.));
#12283 = DIRECTION('',(-0.,0.,-1.));
#12284 = DIRECTION('',(-0.,-1.,0.));
#12285 = FACE_BOUND('',#12286,.F.);
#12286 = EDGE_LOOP('',(#12287));
#12287 = ORIENTED_EDGE('',*,*,#12288,.T.);
#12288 = EDGE_CURVE('',#12289,#12289,#12291,.T.);
#12289 = VERTEX_POINT('',#12290);
#12290 = CARTESIAN_POINT('',(29.21,-46.7614,0.));
#12291 = CIRCLE('',#12292,0.4064);
#12292 = AXIS2_PLACEMENT_3D('',#12293,#12294,#12295);
#12293 = CARTESIAN_POINT('',(29.21,-46.355,0.));
#12294 = DIRECTION('',(-0.,0.,-1.));
#12295 = DIRECTION('',(-0.,-1.,0.));
#12296 = FACE_BOUND('',#12297,.F.);
#12297 = EDGE_LOOP('',(#12298));
#12298 = ORIENTED_EDGE('',*,*,#12299,.T.);
#12299 = EDGE_CURVE('',#12300,#12300,#12302,.T.);
#12300 = VERTEX_POINT('',#12301);
#12301 = CARTESIAN_POINT('',(36.83,-46.7614,0.));
#12302 = CIRCLE('',#12303,0.4064);
#12303 = AXIS2_PLACEMENT_3D('',#12304,#12305,#12306);
#12304 = CARTESIAN_POINT('',(36.83,-46.355,0.));
#12305 = DIRECTION('',(-0.,0.,-1.));
#12306 = DIRECTION('',(-0.,-1.,0.));
#12307 = FACE_BOUND('',#12308,.F.);
#12308 = EDGE_LOOP('',(#12309));
#12309 = ORIENTED_EDGE('',*,*,#12310,.T.);
#12310 = EDGE_CURVE('',#12311,#12311,#12313,.T.);
#12311 = VERTEX_POINT('',#12312);
#12312 = CARTESIAN_POINT('',(26.67,-43.0574,0.));
#12313 = CIRCLE('',#12314,0.4064);
#12314 = AXIS2_PLACEMENT_3D('',#12315,#12316,#12317);
#12315 = CARTESIAN_POINT('',(26.67,-42.651,0.));
#12316 = DIRECTION('',(-0.,0.,-1.));
#12317 = DIRECTION('',(-0.,-1.,0.));
#12318 = FACE_BOUND('',#12319,.F.);
#12319 = EDGE_LOOP('',(#12320));
#12320 = ORIENTED_EDGE('',*,*,#12321,.T.);
#12321 = EDGE_CURVE('',#12322,#12322,#12324,.T.);
#12322 = VERTEX_POINT('',#12323);
#12323 = CARTESIAN_POINT('',(29.21,-43.0574,0.));
#12324 = CIRCLE('',#12325,0.4064);
#12325 = AXIS2_PLACEMENT_3D('',#12326,#12327,#12328);
#12326 = CARTESIAN_POINT('',(29.21,-42.651,0.));
#12327 = DIRECTION('',(-0.,0.,-1.));
#12328 = DIRECTION('',(-0.,-1.,0.));
#12329 = FACE_BOUND('',#12330,.F.);
#12330 = EDGE_LOOP('',(#12331));
#12331 = ORIENTED_EDGE('',*,*,#12332,.T.);
#12332 = EDGE_CURVE('',#12333,#12333,#12335,.T.);
#12333 = VERTEX_POINT('',#12334);
#12334 = CARTESIAN_POINT('',(31.75,-43.0574,0.));
#12335 = CIRCLE('',#12336,0.4064);
#12336 = AXIS2_PLACEMENT_3D('',#12337,#12338,#12339);
#12337 = CARTESIAN_POINT('',(31.75,-42.651,0.));
#12338 = DIRECTION('',(-0.,0.,-1.));
#12339 = DIRECTION('',(-0.,-1.,0.));
#12340 = FACE_BOUND('',#12341,.F.);
#12341 = EDGE_LOOP('',(#12342));
#12342 = ORIENTED_EDGE('',*,*,#12343,.T.);
#12343 = EDGE_CURVE('',#12344,#12344,#12346,.T.);
#12344 = VERTEX_POINT('',#12345);
#12345 = CARTESIAN_POINT('',(29.25,-38.2524,0.));
#12346 = CIRCLE('',#12347,0.4064);
#12347 = AXIS2_PLACEMENT_3D('',#12348,#12349,#12350);
#12348 = CARTESIAN_POINT('',(29.25,-37.846,0.));
#12349 = DIRECTION('',(-0.,0.,-1.));
#12350 = DIRECTION('',(-0.,-1.,0.));
#12351 = FACE_BOUND('',#12352,.F.);
#12352 = EDGE_LOOP('',(#12353));
#12353 = ORIENTED_EDGE('',*,*,#12354,.T.);
#12354 = EDGE_CURVE('',#12355,#12355,#12357,.T.);
#12355 = VERTEX_POINT('',#12356);
#12356 = CARTESIAN_POINT('',(34.25,-38.2524,0.));
#12357 = CIRCLE('',#12358,0.4064);
#12358 = AXIS2_PLACEMENT_3D('',#12359,#12360,#12361);
#12359 = CARTESIAN_POINT('',(34.25,-37.846,0.));
#12360 = DIRECTION('',(-0.,0.,-1.));
#12361 = DIRECTION('',(-0.,-1.,0.));
#12362 = FACE_BOUND('',#12363,.F.);
#12363 = EDGE_LOOP('',(#12364));
#12364 = ORIENTED_EDGE('',*,*,#12365,.T.);
#12365 = EDGE_CURVE('',#12366,#12366,#12368,.T.);
#12366 = VERTEX_POINT('',#12367);
#12367 = CARTESIAN_POINT('',(26.67,-34.8234,0.));
#12368 = CIRCLE('',#12369,0.4064);
#12369 = AXIS2_PLACEMENT_3D('',#12370,#12371,#12372);
#12370 = CARTESIAN_POINT('',(26.67,-34.417,0.));
#12371 = DIRECTION('',(-0.,0.,-1.));
#12372 = DIRECTION('',(-0.,-1.,0.));
#12373 = FACE_BOUND('',#12374,.F.);
#12374 = EDGE_LOOP('',(#12375));
#12375 = ORIENTED_EDGE('',*,*,#12376,.T.);
#12376 = EDGE_CURVE('',#12377,#12377,#12379,.T.);
#12377 = VERTEX_POINT('',#12378);
#12378 = CARTESIAN_POINT('',(36.83,-34.8234,0.));
#12379 = CIRCLE('',#12380,0.4064);
#12380 = AXIS2_PLACEMENT_3D('',#12381,#12382,#12383);
#12381 = CARTESIAN_POINT('',(36.83,-34.417,0.));
#12382 = DIRECTION('',(-0.,0.,-1.));
#12383 = DIRECTION('',(-0.,-1.,0.));
#12384 = FACE_BOUND('',#12385,.F.);
#12385 = EDGE_LOOP('',(#12386));
#12386 = ORIENTED_EDGE('',*,*,#12387,.T.);
#12387 = EDGE_CURVE('',#12388,#12388,#12390,.T.);
#12388 = VERTEX_POINT('',#12389);
#12389 = CARTESIAN_POINT('',(29.21,-30.81,0.));
#12390 = CIRCLE('',#12391,1.6);
#12391 = AXIS2_PLACEMENT_3D('',#12392,#12393,#12394);
#12392 = CARTESIAN_POINT('',(29.21,-29.21,0.));
#12393 = DIRECTION('',(-0.,0.,-1.));
#12394 = DIRECTION('',(-0.,-1.,0.));
#12395 = FACE_BOUND('',#12396,.F.);
#12396 = EDGE_LOOP('',(#12397));
#12397 = ORIENTED_EDGE('',*,*,#12398,.T.);
#12398 = EDGE_CURVE('',#12399,#12399,#12401,.T.);
#12399 = VERTEX_POINT('',#12400);
#12400 = CARTESIAN_POINT('',(34.885,-29.6214,0.));
#12401 = CIRCLE('',#12402,0.4064);
#12402 = AXIS2_PLACEMENT_3D('',#12403,#12404,#12405);
#12403 = CARTESIAN_POINT('',(34.885,-29.215,0.));
#12404 = DIRECTION('',(-0.,0.,-1.));
#12405 = DIRECTION('',(-1.748382715945E-14,-1.,0.));
#12406 = FACE_BOUND('',#12407,.F.);
#12407 = EDGE_LOOP('',(#12408));
#12408 = ORIENTED_EDGE('',*,*,#12409,.T.);
#12409 = EDGE_CURVE('',#12410,#12410,#12412,.T.);
#12410 = VERTEX_POINT('',#12411);
#12411 = CARTESIAN_POINT('',(34.885,-27.0814,0.));
#12412 = CIRCLE('',#12413,0.4064);
#12413 = AXIS2_PLACEMENT_3D('',#12414,#12415,#12416);
#12414 = CARTESIAN_POINT('',(34.885,-26.675,0.));
#12415 = DIRECTION('',(-0.,0.,-1.));
#12416 = DIRECTION('',(-1.748382715945E-14,-1.,0.));
#12417 = FACE_BOUND('',#12418,.F.);
#12418 = EDGE_LOOP('',(#12419));
#12419 = ORIENTED_EDGE('',*,*,#12420,.T.);
#12420 = EDGE_CURVE('',#12421,#12421,#12423,.T.);
#12421 = VERTEX_POINT('',#12422);
#12422 = CARTESIAN_POINT('',(140.97,-57.0484,0.));
#12423 = CIRCLE('',#12424,0.4064);
#12424 = AXIS2_PLACEMENT_3D('',#12425,#12426,#12427);
#12425 = CARTESIAN_POINT('',(140.97,-56.642,0.));
#12426 = DIRECTION('',(-0.,0.,-1.));
#12427 = DIRECTION('',(-0.,-1.,0.));
#12428 = FACE_BOUND('',#12429,.F.);
#12429 = EDGE_LOOP('',(#12430));
#12430 = ORIENTED_EDGE('',*,*,#12431,.T.);
#12431 = EDGE_CURVE('',#12432,#12432,#12434,.T.);
#12432 = VERTEX_POINT('',#12433);
#12433 = CARTESIAN_POINT('',(148.59,-57.0484,0.));
#12434 = CIRCLE('',#12435,0.4064);
#12435 = AXIS2_PLACEMENT_3D('',#12436,#12437,#12438);
#12436 = CARTESIAN_POINT('',(148.59,-56.642,0.));
#12437 = DIRECTION('',(-0.,0.,-1.));
#12438 = DIRECTION('',(-0.,-1.,0.));
#12439 = FACE_BOUND('',#12440,.F.);
#12440 = EDGE_LOOP('',(#12441));
#12441 = ORIENTED_EDGE('',*,*,#12442,.T.);
#12442 = EDGE_CURVE('',#12443,#12443,#12445,.T.);
#12443 = VERTEX_POINT('',#12444);
#12444 = CARTESIAN_POINT('',(143.59,-53.6194,0.));
#12445 = CIRCLE('',#12446,0.4064);
#12446 = AXIS2_PLACEMENT_3D('',#12447,#12448,#12449);
#12447 = CARTESIAN_POINT('',(143.59,-53.213,0.));
#12448 = DIRECTION('',(-0.,0.,-1.));
#12449 = DIRECTION('',(-0.,-1.,0.));
#12450 = FACE_BOUND('',#12451,.F.);
#12451 = EDGE_LOOP('',(#12452));
#12452 = ORIENTED_EDGE('',*,*,#12453,.T.);
#12453 = EDGE_CURVE('',#12454,#12454,#12456,.T.);
#12454 = VERTEX_POINT('',#12455);
#12455 = CARTESIAN_POINT('',(148.59,-53.6194,0.));
#12456 = CIRCLE('',#12457,0.4064);
#12457 = AXIS2_PLACEMENT_3D('',#12458,#12459,#12460);
#12458 = CARTESIAN_POINT('',(148.59,-53.213,0.));
#12459 = DIRECTION('',(-0.,0.,-1.));
#12460 = DIRECTION('',(-0.,-1.,0.));
#12461 = FACE_BOUND('',#12462,.F.);
#12462 = EDGE_LOOP('',(#12463));
#12463 = ORIENTED_EDGE('',*,*,#12464,.T.);
#12464 = EDGE_CURVE('',#12465,#12465,#12467,.T.);
#12465 = VERTEX_POINT('',#12466);
#12466 = CARTESIAN_POINT('',(140.97,-50.1904,0.));
#12467 = CIRCLE('',#12468,0.4064);
#12468 = AXIS2_PLACEMENT_3D('',#12469,#12470,#12471);
#12469 = CARTESIAN_POINT('',(140.97,-49.784,0.));
#12470 = DIRECTION('',(-0.,0.,-1.));
#12471 = DIRECTION('',(-0.,-1.,0.));
#12472 = FACE_BOUND('',#12473,.F.);
#12473 = EDGE_LOOP('',(#12474));
#12474 = ORIENTED_EDGE('',*,*,#12475,.T.);
#12475 = EDGE_CURVE('',#12476,#12476,#12478,.T.);
#12476 = VERTEX_POINT('',#12477);
#12477 = CARTESIAN_POINT('',(148.59,-50.1904,0.));
#12478 = CIRCLE('',#12479,0.4064);
#12479 = AXIS2_PLACEMENT_3D('',#12480,#12481,#12482);
#12480 = CARTESIAN_POINT('',(148.59,-49.784,0.));
#12481 = DIRECTION('',(-0.,0.,-1.));
#12482 = DIRECTION('',(-0.,-1.,0.));
#12483 = FACE_BOUND('',#12484,.F.);
#12484 = EDGE_LOOP('',(#12485));
#12485 = ORIENTED_EDGE('',*,*,#12486,.T.);
#12486 = EDGE_CURVE('',#12487,#12487,#12489,.T.);
#12487 = VERTEX_POINT('',#12488);
#12488 = CARTESIAN_POINT('',(146.05,-45.6394,0.));
#12489 = CIRCLE('',#12490,0.4064);
#12490 = AXIS2_PLACEMENT_3D('',#12491,#12492,#12493);
#12491 = CARTESIAN_POINT('',(146.05,-45.233,0.));
#12492 = DIRECTION('',(-0.,0.,-1.));
#12493 = DIRECTION('',(-0.,-1.,0.));
#12494 = FACE_BOUND('',#12495,.F.);
#12495 = EDGE_LOOP('',(#12496));
#12496 = ORIENTED_EDGE('',*,*,#12497,.T.);
#12497 = EDGE_CURVE('',#12498,#12498,#12500,.T.);
#12498 = VERTEX_POINT('',#12499);
#12499 = CARTESIAN_POINT('',(148.59,-45.6394,0.));
#12500 = CIRCLE('',#12501,0.4064);
#12501 = AXIS2_PLACEMENT_3D('',#12502,#12503,#12504);
#12502 = CARTESIAN_POINT('',(148.59,-45.233,0.));
#12503 = DIRECTION('',(-0.,0.,-1.));
#12504 = DIRECTION('',(-0.,-1.,0.));
#12505 = FACE_BOUND('',#12506,.F.);
#12506 = EDGE_LOOP('',(#12507));
#12507 = ORIENTED_EDGE('',*,*,#12508,.T.);
#12508 = EDGE_CURVE('',#12509,#12509,#12511,.T.);
#12509 = VERTEX_POINT('',#12510);
#12510 = CARTESIAN_POINT('',(151.13,-45.6394,0.));
#12511 = CIRCLE('',#12512,0.4064);
#12512 = AXIS2_PLACEMENT_3D('',#12513,#12514,#12515);
#12513 = CARTESIAN_POINT('',(151.13,-45.233,0.));
#12514 = DIRECTION('',(-0.,0.,-1.));
#12515 = DIRECTION('',(-0.,-1.,0.));
#12516 = FACE_BOUND('',#12517,.F.);
#12517 = EDGE_LOOP('',(#12518));
#12518 = ORIENTED_EDGE('',*,*,#12519,.T.);
#12519 = EDGE_CURVE('',#12520,#12520,#12522,.T.);
#12520 = VERTEX_POINT('',#12521);
#12521 = CARTESIAN_POINT('',(140.97,-41.8084,0.));
#12522 = CIRCLE('',#12523,0.4064);
#12523 = AXIS2_PLACEMENT_3D('',#12524,#12525,#12526);
#12524 = CARTESIAN_POINT('',(140.97,-41.402,0.));
#12525 = DIRECTION('',(-0.,0.,-1.));
#12526 = DIRECTION('',(-0.,-1.,0.));
#12527 = FACE_BOUND('',#12528,.F.);
#12528 = EDGE_LOOP('',(#12529));
#12529 = ORIENTED_EDGE('',*,*,#12530,.T.);
#12530 = EDGE_CURVE('',#12531,#12531,#12533,.T.);
#12531 = VERTEX_POINT('',#12532);
#12532 = CARTESIAN_POINT('',(148.59,-41.8084,0.));
#12533 = CIRCLE('',#12534,0.4064);
#12534 = AXIS2_PLACEMENT_3D('',#12535,#12536,#12537);
#12535 = CARTESIAN_POINT('',(148.59,-41.402,0.));
#12536 = DIRECTION('',(-0.,0.,-1.));
#12537 = DIRECTION('',(-0.,-1.,0.));
#12538 = FACE_BOUND('',#12539,.F.);
#12539 = EDGE_LOOP('',(#12540));
#12540 = ORIENTED_EDGE('',*,*,#12541,.T.);
#12541 = EDGE_CURVE('',#12542,#12542,#12544,.T.);
#12542 = VERTEX_POINT('',#12543);
#12543 = CARTESIAN_POINT('',(143.51,-38.5064,0.));
#12544 = CIRCLE('',#12545,0.4064);
#12545 = AXIS2_PLACEMENT_3D('',#12546,#12547,#12548);
#12546 = CARTESIAN_POINT('',(143.51,-38.1,0.));
#12547 = DIRECTION('',(-0.,0.,-1.));
#12548 = DIRECTION('',(-0.,-1.,0.));
#12549 = FACE_BOUND('',#12550,.F.);
#12550 = EDGE_LOOP('',(#12551));
#12551 = ORIENTED_EDGE('',*,*,#12552,.T.);
#12552 = EDGE_CURVE('',#12553,#12553,#12555,.T.);
#12553 = VERTEX_POINT('',#12554);
#12554 = CARTESIAN_POINT('',(143.51,-35.0774,0.));
#12555 = CIRCLE('',#12556,0.4064);
#12556 = AXIS2_PLACEMENT_3D('',#12557,#12558,#12559);
#12557 = CARTESIAN_POINT('',(143.51,-34.671,0.));
#12558 = DIRECTION('',(-0.,0.,-1.));
#12559 = DIRECTION('',(-0.,-1.,0.));
#12560 = FACE_BOUND('',#12561,.F.);
#12561 = EDGE_LOOP('',(#12562));
#12562 = ORIENTED_EDGE('',*,*,#12563,.T.);
#12563 = EDGE_CURVE('',#12564,#12564,#12566,.T.);
#12564 = VERTEX_POINT('',#12565);
#12565 = CARTESIAN_POINT('',(148.51,-38.5064,0.));
#12566 = CIRCLE('',#12567,0.4064);
#12567 = AXIS2_PLACEMENT_3D('',#12568,#12569,#12570);
#12568 = CARTESIAN_POINT('',(148.51,-38.1,0.));
#12569 = DIRECTION('',(-0.,0.,-1.));
#12570 = DIRECTION('',(-0.,-1.,0.));
#12571 = FACE_BOUND('',#12572,.F.);
#12572 = EDGE_LOOP('',(#12573));
#12573 = ORIENTED_EDGE('',*,*,#12574,.T.);
#12574 = EDGE_CURVE('',#12575,#12575,#12577,.T.);
#12575 = VERTEX_POINT('',#12576);
#12576 = CARTESIAN_POINT('',(151.13,-35.0774,0.));
#12577 = CIRCLE('',#12578,0.4064);
#12578 = AXIS2_PLACEMENT_3D('',#12579,#12580,#12581);
#12579 = CARTESIAN_POINT('',(151.13,-34.671,0.));
#12580 = DIRECTION('',(-0.,0.,-1.));
#12581 = DIRECTION('',(-0.,-1.,0.));
#12582 = FACE_BOUND('',#12583,.F.);
#12583 = EDGE_LOOP('',(#12584));
#12584 = ORIENTED_EDGE('',*,*,#12585,.T.);
#12585 = EDGE_CURVE('',#12586,#12586,#12588,.T.);
#12586 = VERTEX_POINT('',#12587);
#12587 = CARTESIAN_POINT('',(142.915,-29.6876,0.));
#12588 = CIRCLE('',#12589,0.4826);
#12589 = AXIS2_PLACEMENT_3D('',#12590,#12591,#12592);
#12590 = CARTESIAN_POINT('',(142.915,-29.205,0.));
#12591 = DIRECTION('',(-0.,0.,-1.));
#12592 = DIRECTION('',(-5.889289148447E-14,-1.,0.));
#12593 = FACE_BOUND('',#12594,.F.);
#12594 = EDGE_LOOP('',(#12595));
#12595 = ORIENTED_EDGE('',*,*,#12596,.T.);
#12596 = EDGE_CURVE('',#12597,#12597,#12599,.T.);
#12597 = VERTEX_POINT('',#12598);
#12598 = CARTESIAN_POINT('',(142.915,-27.1476,0.));
#12599 = CIRCLE('',#12600,0.4826);
#12600 = AXIS2_PLACEMENT_3D('',#12601,#12602,#12603);
#12601 = CARTESIAN_POINT('',(142.915,-26.665,0.));
#12602 = DIRECTION('',(-0.,0.,-1.));
#12603 = DIRECTION('',(-5.889289148447E-14,-1.,0.));
#12604 = FACE_BOUND('',#12605,.F.);
#12605 = EDGE_LOOP('',(#12606));
#12606 = ORIENTED_EDGE('',*,*,#12607,.T.);
#12607 = EDGE_CURVE('',#12608,#12608,#12610,.T.);
#12608 = VERTEX_POINT('',#12609);
#12609 = CARTESIAN_POINT('',(148.59,-30.81,0.));
#12610 = CIRCLE('',#12611,1.6);
#12611 = AXIS2_PLACEMENT_3D('',#12612,#12613,#12614);
#12612 = CARTESIAN_POINT('',(148.59,-29.21,0.));
#12613 = DIRECTION('',(-0.,0.,-1.));
#12614 = DIRECTION('',(-0.,-1.,0.));
#12615 = PLANE('',#12616);
#12616 = AXIS2_PLACEMENT_3D('',#12617,#12618,#12619);
#12617 = CARTESIAN_POINT('',(0.,0.,0.));
#12618 = DIRECTION('',(0.,0.,1.));
#12619 = DIRECTION('',(1.,0.,-0.));
#12620 = ADVANCED_FACE('',(#12621,#12843,#12854,#12865,#12876,#12887,
    #12898,#12909,#12920,#12931,#12942,#12953,#12964,#12975,#13011,
    #13022,#13033,#13044,#13055,#13091,#13102,#13138,#13149,#13160,
    #13171,#13182,#13193,#13204,#13215,#13226,#13237,#13248,#13259,
    #13270,#13281,#13292,#13303,#13314,#13325,#13336,#13347,#13358,
    #13369,#13380,#13391,#13402,#13413,#13424,#13435,#13446,#13457,
    #13468,#13479,#13490,#13501,#13512,#13523,#13534,#13545,#13556,
    #13567,#13578,#13589,#13600,#13611,#13622,#13633,#13644,#13655,
    #13666,#13677,#13688,#13699,#13710,#13721,#13732,#13743,#13754,
    #13765,#13776,#13787,#13798,#13809,#13820,#13831,#13842,#13853,
    #13864,#13875,#13886,#13897,#13908,#13919,#13930,#13941,#13952,
    #13963,#13974,#13985,#13996,#14007,#14018,#14029,#14040,#14051,
    #14062,#14073,#14084),#14095,.T.);
#12621 = FACE_BOUND('',#12622,.T.);
#12622 = EDGE_LOOP('',(#12623,#12624,#12625,#12633,#12642,#12650,#12658,
    #12667,#12675,#12683,#12692,#12700,#12709,#12717,#12725,#12734,
    #12742,#12751,#12759,#12768,#12776,#12785,#12793,#12802,#12810,
    #12819,#12827,#12835,#12842));
#12623 = ORIENTED_EDGE('',*,*,#11050,.F.);
#12624 = ORIENTED_EDGE('',*,*,#11092,.F.);
#12625 = ORIENTED_EDGE('',*,*,#12626,.F.);
#12626 = EDGE_CURVE('',#12627,#11085,#12629,.T.);
#12627 = VERTEX_POINT('',#12628);
#12628 = CARTESIAN_POINT('',(27.94,-25.4,1.51));
#12629 = LINE('',#12630,#12631);
#12630 = CARTESIAN_POINT('',(27.94,-25.4,1.51));
#12631 = VECTOR('',#12632,1.);
#12632 = DIRECTION('',(1.,0.,0.));
#12633 = ORIENTED_EDGE('',*,*,#12634,.F.);
#12634 = EDGE_CURVE('',#12635,#12627,#12637,.T.);
#12635 = VERTEX_POINT('',#12636);
#12636 = CARTESIAN_POINT('',(25.4,-27.94,1.51));
#12637 = CIRCLE('',#12638,2.540000765514);
#12638 = AXIS2_PLACEMENT_3D('',#12639,#12640,#12641);
#12639 = CARTESIAN_POINT('',(27.940000765514,-27.94000076551,1.51));
#12640 = DIRECTION('',(0.,0.,-1.));
#12641 = DIRECTION('',(-1.,3.013834460177E-07,0.));
#12642 = ORIENTED_EDGE('',*,*,#12643,.F.);
#12643 = EDGE_CURVE('',#12644,#12635,#12646,.T.);
#12644 = VERTEX_POINT('',#12645);
#12645 = CARTESIAN_POINT('',(25.4,-62.23,1.51));
#12646 = LINE('',#12647,#12648);
#12647 = CARTESIAN_POINT('',(25.4,-62.23,1.51));
#12648 = VECTOR('',#12649,1.);
#12649 = DIRECTION('',(0.,1.,0.));
#12650 = ORIENTED_EDGE('',*,*,#12651,.F.);
#12651 = EDGE_CURVE('',#12652,#12644,#12654,.T.);
#12652 = VERTEX_POINT('',#12653);
#12653 = CARTESIAN_POINT('',(25.4,-86.36,1.51));
#12654 = LINE('',#12655,#12656);
#12655 = CARTESIAN_POINT('',(25.4,-86.36,1.51));
#12656 = VECTOR('',#12657,1.);
#12657 = DIRECTION('',(0.,1.,0.));
#12658 = ORIENTED_EDGE('',*,*,#12659,.F.);
#12659 = EDGE_CURVE('',#12660,#12652,#12662,.T.);
#12660 = VERTEX_POINT('',#12661);
#12661 = CARTESIAN_POINT('',(33.02,-93.98,1.51));
#12662 = CIRCLE('',#12663,7.619998882328);
#12663 = AXIS2_PLACEMENT_3D('',#12664,#12665,#12666);
#12664 = CARTESIAN_POINT('',(33.019998882328,-86.36000111767,1.51));
#12665 = DIRECTION('',(0.,0.,-1.));
#12666 = DIRECTION('',(1.46676091229E-07,-1.,0.));
#12667 = ORIENTED_EDGE('',*,*,#12668,.F.);
#12668 = EDGE_CURVE('',#12669,#12660,#12671,.T.);
#12669 = VERTEX_POINT('',#12670);
#12670 = CARTESIAN_POINT('',(62.738,-93.98,1.51));
#12671 = LINE('',#12672,#12673);
#12672 = CARTESIAN_POINT('',(62.738,-93.98,1.51));
#12673 = VECTOR('',#12674,1.);
#12674 = DIRECTION('',(-1.,0.,0.));
#12675 = ORIENTED_EDGE('',*,*,#12676,.F.);
#12676 = EDGE_CURVE('',#12677,#12669,#12679,.T.);
#12677 = VERTEX_POINT('',#12678);
#12678 = CARTESIAN_POINT('',(62.738,-92.964,1.51));
#12679 = LINE('',#12680,#12681);
#12680 = CARTESIAN_POINT('',(62.738,-92.964,1.51));
#12681 = VECTOR('',#12682,1.);
#12682 = DIRECTION('',(0.,-1.,0.));
#12683 = ORIENTED_EDGE('',*,*,#12684,.F.);
#12684 = EDGE_CURVE('',#12685,#12677,#12687,.T.);
#12685 = VERTEX_POINT('',#12686);
#12686 = CARTESIAN_POINT('',(63.246,-92.456,1.51));
#12687 = CIRCLE('',#12688,0.508000835948);
#12688 = AXIS2_PLACEMENT_3D('',#12689,#12690,#12691);
#12689 = CARTESIAN_POINT('',(63.246000835947,-92.96400083594,1.51));
#12690 = DIRECTION('',(0.,0.,1.));
#12691 = DIRECTION('',(-1.645562502022E-06,0.999999999999,0.));
#12692 = ORIENTED_EDGE('',*,*,#12693,.F.);
#12693 = EDGE_CURVE('',#12694,#12685,#12696,.T.);
#12694 = VERTEX_POINT('',#12695);
#12695 = CARTESIAN_POINT('',(66.802,-92.456,1.51));
#12696 = LINE('',#12697,#12698);
#12697 = CARTESIAN_POINT('',(66.802,-92.456,1.51));
#12698 = VECTOR('',#12699,1.);
#12699 = DIRECTION('',(-1.,0.,0.));
#12700 = ORIENTED_EDGE('',*,*,#12701,.F.);
#12701 = EDGE_CURVE('',#12702,#12694,#12704,.T.);
#12702 = VERTEX_POINT('',#12703);
#12703 = CARTESIAN_POINT('',(67.31,-92.964,1.51));
#12704 = CIRCLE('',#12705,0.508000835948);
#12705 = AXIS2_PLACEMENT_3D('',#12706,#12707,#12708);
#12706 = CARTESIAN_POINT('',(66.801999164053,-92.96400083594,1.51));
#12707 = DIRECTION('',(0.,0.,1.));
#12708 = DIRECTION('',(0.999999999999,1.645562516009E-06,-0.));
#12709 = ORIENTED_EDGE('',*,*,#12710,.F.);
#12710 = EDGE_CURVE('',#12711,#12702,#12713,.T.);
#12711 = VERTEX_POINT('',#12712);
#12712 = CARTESIAN_POINT('',(67.31,-93.98,1.51));
#12713 = LINE('',#12714,#12715);
#12714 = CARTESIAN_POINT('',(67.31,-93.98,1.51));
#12715 = VECTOR('',#12716,1.);
#12716 = DIRECTION('',(0.,1.,0.));
#12717 = ORIENTED_EDGE('',*,*,#12718,.F.);
#12718 = EDGE_CURVE('',#12719,#12711,#12721,.T.);
#12719 = VERTEX_POINT('',#12720);
#12720 = CARTESIAN_POINT('',(79.248,-93.98,1.51));
#12721 = LINE('',#12722,#12723);
#12722 = CARTESIAN_POINT('',(79.248,-93.98,1.51));
#12723 = VECTOR('',#12724,1.);
#12724 = DIRECTION('',(-1.,0.,0.));
#12725 = ORIENTED_EDGE('',*,*,#12726,.F.);
#12726 = EDGE_CURVE('',#12727,#12719,#12729,.T.);
#12727 = VERTEX_POINT('',#12728);
#12728 = CARTESIAN_POINT('',(80.01,-93.218,1.51));
#12729 = CIRCLE('',#12730,0.762001253922);
#12730 = AXIS2_PLACEMENT_3D('',#12731,#12732,#12733);
#12731 = CARTESIAN_POINT('',(79.247998746079,-93.21799874607,1.51));
#12732 = DIRECTION('',(0.,0.,-1.));
#12733 = DIRECTION('',(0.999999999999,-1.645562553308E-06,0.));
#12734 = ORIENTED_EDGE('',*,*,#12735,.F.);
#12735 = EDGE_CURVE('',#12736,#12727,#12738,.T.);
#12736 = VERTEX_POINT('',#12737);
#12737 = CARTESIAN_POINT('',(80.01,-84.582,1.51));
#12738 = LINE('',#12739,#12740);
#12739 = CARTESIAN_POINT('',(80.01,-84.582,1.51));
#12740 = VECTOR('',#12741,1.);
#12741 = DIRECTION('',(0.,-1.,0.));
#12742 = ORIENTED_EDGE('',*,*,#12743,.F.);
#12743 = EDGE_CURVE('',#12744,#12736,#12746,.T.);
#12744 = VERTEX_POINT('',#12745);
#12745 = CARTESIAN_POINT('',(80.772,-83.82,1.51));
#12746 = CIRCLE('',#12747,0.762001253922);
#12747 = AXIS2_PLACEMENT_3D('',#12748,#12749,#12750);
#12748 = CARTESIAN_POINT('',(80.772001253921,-84.58200125392,1.51));
#12749 = DIRECTION('',(0.,0.,1.));
#12750 = DIRECTION('',(-1.645562553308E-06,0.999999999999,0.));
#12751 = ORIENTED_EDGE('',*,*,#12752,.F.);
#12752 = EDGE_CURVE('',#12753,#12744,#12755,.T.);
#12753 = VERTEX_POINT('',#12754);
#12754 = CARTESIAN_POINT('',(97.028,-83.82,1.51));
#12755 = LINE('',#12756,#12757);
#12756 = CARTESIAN_POINT('',(97.028,-83.82,1.51));
#12757 = VECTOR('',#12758,1.);
#12758 = DIRECTION('',(-1.,0.,0.));
#12759 = ORIENTED_EDGE('',*,*,#12760,.F.);
#12760 = EDGE_CURVE('',#12761,#12753,#12763,.T.);
#12761 = VERTEX_POINT('',#12762);
#12762 = CARTESIAN_POINT('',(97.79,-84.582,1.51));
#12763 = CIRCLE('',#12764,0.762001253922);
#12764 = AXIS2_PLACEMENT_3D('',#12765,#12766,#12767);
#12765 = CARTESIAN_POINT('',(97.027998746079,-84.58200125392,1.51));
#12766 = DIRECTION('',(0.,0.,1.));
#12767 = DIRECTION('',(0.999999999999,1.645562553308E-06,-0.));
#12768 = ORIENTED_EDGE('',*,*,#12769,.F.);
#12769 = EDGE_CURVE('',#12770,#12761,#12772,.T.);
#12770 = VERTEX_POINT('',#12771);
#12771 = CARTESIAN_POINT('',(97.79,-93.218,1.51));
#12772 = LINE('',#12773,#12774);
#12773 = CARTESIAN_POINT('',(97.79,-93.218,1.51));
#12774 = VECTOR('',#12775,1.);
#12775 = DIRECTION('',(0.,1.,0.));
#12776 = ORIENTED_EDGE('',*,*,#12777,.F.);
#12777 = EDGE_CURVE('',#12778,#12770,#12780,.T.);
#12778 = VERTEX_POINT('',#12779);
#12779 = CARTESIAN_POINT('',(98.552,-93.98,1.51));
#12780 = CIRCLE('',#12781,0.762001253922);
#12781 = AXIS2_PLACEMENT_3D('',#12782,#12783,#12784);
#12782 = CARTESIAN_POINT('',(98.552001253921,-93.21799874607,1.51));
#12783 = DIRECTION('',(0.,0.,-1.));
#12784 = DIRECTION('',(-1.645562516009E-06,-0.999999999999,-0.));
#12785 = ORIENTED_EDGE('',*,*,#12786,.F.);
#12786 = EDGE_CURVE('',#12787,#12778,#12789,.T.);
#12787 = VERTEX_POINT('',#12788);
#12788 = CARTESIAN_POINT('',(144.78,-93.98,1.51));
#12789 = LINE('',#12790,#12791);
#12790 = CARTESIAN_POINT('',(144.78,-93.98,1.51));
#12791 = VECTOR('',#12792,1.);
#12792 = DIRECTION('',(-1.,0.,0.));
#12793 = ORIENTED_EDGE('',*,*,#12794,.F.);
#12794 = EDGE_CURVE('',#12795,#12787,#12797,.T.);
#12795 = VERTEX_POINT('',#12796);
#12796 = CARTESIAN_POINT('',(152.4,-86.36,1.51));
#12797 = CIRCLE('',#12798,7.619998882328);
#12798 = AXIS2_PLACEMENT_3D('',#12799,#12800,#12801);
#12799 = CARTESIAN_POINT('',(144.78000111767,-86.36000111767,1.51));
#12800 = DIRECTION('',(0.,0.,-1.));
#12801 = DIRECTION('',(1.,1.466760884316E-07,0.));
#12802 = ORIENTED_EDGE('',*,*,#12803,.F.);
#12803 = EDGE_CURVE('',#12804,#12795,#12806,.T.);
#12804 = VERTEX_POINT('',#12805);
#12805 = CARTESIAN_POINT('',(152.4,-27.94,1.51));
#12806 = LINE('',#12807,#12808);
#12807 = CARTESIAN_POINT('',(152.4,-27.94,1.51));
#12808 = VECTOR('',#12809,1.);
#12809 = DIRECTION('',(0.,-1.,0.));
#12810 = ORIENTED_EDGE('',*,*,#12811,.F.);
#12811 = EDGE_CURVE('',#12812,#12804,#12814,.T.);
#12812 = VERTEX_POINT('',#12813);
#12813 = CARTESIAN_POINT('',(149.86,-25.4,1.51));
#12814 = CIRCLE('',#12815,2.540000765514);
#12815 = AXIS2_PLACEMENT_3D('',#12816,#12817,#12818);
#12816 = CARTESIAN_POINT('',(149.85999923448,-27.94000076551,1.51));
#12817 = DIRECTION('',(0.,0.,-1.));
#12818 = DIRECTION('',(3.01383458606E-07,1.,0.));
#12819 = ORIENTED_EDGE('',*,*,#12820,.F.);
#12820 = EDGE_CURVE('',#12821,#12812,#12823,.T.);
#12821 = VERTEX_POINT('',#12822);
#12822 = CARTESIAN_POINT('',(139.7,-25.4,1.51));
#12823 = LINE('',#12824,#12825);
#12824 = CARTESIAN_POINT('',(139.7,-25.4,1.51));
#12825 = VECTOR('',#12826,1.);
#12826 = DIRECTION('',(1.,0.,0.));
#12827 = ORIENTED_EDGE('',*,*,#12828,.F.);
#12828 = EDGE_CURVE('',#12829,#12821,#12831,.T.);
#12829 = VERTEX_POINT('',#12830);
#12830 = CARTESIAN_POINT('',(139.7,-64.77,1.51));
#12831 = LINE('',#12832,#12833);
#12832 = CARTESIAN_POINT('',(139.7,-64.77,1.51));
#12833 = VECTOR('',#12834,1.);
#12834 = DIRECTION('',(0.,1.,0.));
#12835 = ORIENTED_EDGE('',*,*,#12836,.F.);
#12836 = EDGE_CURVE('',#11115,#12829,#12837,.T.);
#12837 = CIRCLE('',#12838,3.809999441164);
#12838 = AXIS2_PLACEMENT_3D('',#12839,#12840,#12841);
#12839 = CARTESIAN_POINT('',(135.89000055883,-64.77000055883,1.51));
#12840 = DIRECTION('',(0.,0.,1.));
#12841 = DIRECTION('',(-1.466761014862E-07,-1.,0.));
#12842 = ORIENTED_EDGE('',*,*,#11114,.F.);
#12843 = FACE_BOUND('',#12844,.T.);
#12844 = EDGE_LOOP('',(#12845));
#12845 = ORIENTED_EDGE('',*,*,#12846,.T.);
#12846 = EDGE_CURVE('',#12847,#12847,#12849,.T.);
#12847 = VERTEX_POINT('',#12848);
#12848 = CARTESIAN_POINT('',(30.48,-90.5,1.51));
#12849 = CIRCLE('',#12850,1.6);
#12850 = AXIS2_PLACEMENT_3D('',#12851,#12852,#12853);
#12851 = CARTESIAN_POINT('',(30.48,-88.9,1.51));
#12852 = DIRECTION('',(-0.,0.,-1.));
#12853 = DIRECTION('',(2.22044604925E-15,-1.,-0.));
#12854 = FACE_BOUND('',#12855,.T.);
#12855 = EDGE_LOOP('',(#12856));
#12856 = ORIENTED_EDGE('',*,*,#12857,.T.);
#12857 = EDGE_CURVE('',#12858,#12858,#12860,.T.);
#12858 = VERTEX_POINT('',#12859);
#12859 = CARTESIAN_POINT('',(48.514,-93.1164,1.51));
#12860 = CIRCLE('',#12861,0.4064);
#12861 = AXIS2_PLACEMENT_3D('',#12862,#12863,#12864);
#12862 = CARTESIAN_POINT('',(48.514,-92.71,1.51));
#12863 = DIRECTION('',(-0.,0.,-1.));
#12864 = DIRECTION('',(1.748382715945E-14,-1.,-0.));
#12865 = FACE_BOUND('',#12866,.T.);
#12866 = EDGE_LOOP('',(#12867));
#12867 = ORIENTED_EDGE('',*,*,#12868,.T.);
#12868 = EDGE_CURVE('',#12869,#12869,#12871,.T.);
#12869 = VERTEX_POINT('',#12870);
#12870 = CARTESIAN_POINT('',(48.514,-90.5764,1.51));
#12871 = CIRCLE('',#12872,0.4064);
#12872 = AXIS2_PLACEMENT_3D('',#12873,#12874,#12875);
#12873 = CARTESIAN_POINT('',(48.514,-90.17,1.51));
#12874 = DIRECTION('',(-0.,0.,-1.));
#12875 = DIRECTION('',(1.748382715945E-14,-1.,-0.));
#12876 = FACE_BOUND('',#12877,.T.);
#12877 = EDGE_LOOP('',(#12878));
#12878 = ORIENTED_EDGE('',*,*,#12879,.T.);
#12879 = EDGE_CURVE('',#12880,#12880,#12882,.T.);
#12880 = VERTEX_POINT('',#12881);
#12881 = CARTESIAN_POINT('',(54.356,-93.1164,1.51));
#12882 = CIRCLE('',#12883,0.4064);
#12883 = AXIS2_PLACEMENT_3D('',#12884,#12885,#12886);
#12884 = CARTESIAN_POINT('',(54.356,-92.71,1.51));
#12885 = DIRECTION('',(-0.,0.,-1.));
#12886 = DIRECTION('',(1.748382715945E-14,-1.,-0.));
#12887 = FACE_BOUND('',#12888,.T.);
#12888 = EDGE_LOOP('',(#12889));
#12889 = ORIENTED_EDGE('',*,*,#12890,.T.);
#12890 = EDGE_CURVE('',#12891,#12891,#12893,.T.);
#12891 = VERTEX_POINT('',#12892);
#12892 = CARTESIAN_POINT('',(54.356,-90.5764,1.51));
#12893 = CIRCLE('',#12894,0.4064);
#12894 = AXIS2_PLACEMENT_3D('',#12895,#12896,#12897);
#12895 = CARTESIAN_POINT('',(54.356,-90.17,1.51));
#12896 = DIRECTION('',(-0.,0.,-1.));
#12897 = DIRECTION('',(1.748382715945E-14,-1.,-0.));
#12898 = FACE_BOUND('',#12899,.T.);
#12899 = EDGE_LOOP('',(#12900));
#12900 = ORIENTED_EDGE('',*,*,#12901,.T.);
#12901 = EDGE_CURVE('',#12902,#12902,#12904,.T.);
#12902 = VERTEX_POINT('',#12903);
#12903 = CARTESIAN_POINT('',(48.514,-88.0364,1.51));
#12904 = CIRCLE('',#12905,0.4064);
#12905 = AXIS2_PLACEMENT_3D('',#12906,#12907,#12908);
#12906 = CARTESIAN_POINT('',(48.514,-87.63,1.51));
#12907 = DIRECTION('',(-0.,0.,-1.));
#12908 = DIRECTION('',(1.748382715945E-14,-1.,-0.));
#12909 = FACE_BOUND('',#12910,.T.);
#12910 = EDGE_LOOP('',(#12911));
#12911 = ORIENTED_EDGE('',*,*,#12912,.T.);
#12912 = EDGE_CURVE('',#12913,#12913,#12915,.T.);
#12913 = VERTEX_POINT('',#12914);
#12914 = CARTESIAN_POINT('',(54.356,-88.0364,1.51));
#12915 = CIRCLE('',#12916,0.4064);
#12916 = AXIS2_PLACEMENT_3D('',#12917,#12918,#12919);
#12917 = CARTESIAN_POINT('',(54.356,-87.63,1.51));
#12918 = DIRECTION('',(-0.,0.,-1.));
#12919 = DIRECTION('',(1.748382715945E-14,-1.,-0.));
#12920 = FACE_BOUND('',#12921,.T.);
#12921 = EDGE_LOOP('',(#12922));
#12922 = ORIENTED_EDGE('',*,*,#12923,.T.);
#12923 = EDGE_CURVE('',#12924,#12924,#12926,.T.);
#12924 = VERTEX_POINT('',#12925);
#12925 = CARTESIAN_POINT('',(48.006,-82.4484,1.51));
#12926 = CIRCLE('',#12927,0.4064);
#12927 = AXIS2_PLACEMENT_3D('',#12928,#12929,#12930);
#12928 = CARTESIAN_POINT('',(48.006,-82.042,1.51));
#12929 = DIRECTION('',(-0.,0.,-1.));
#12930 = DIRECTION('',(-0.,-1.,0.));
#12931 = FACE_BOUND('',#12932,.T.);
#12932 = EDGE_LOOP('',(#12933));
#12933 = ORIENTED_EDGE('',*,*,#12934,.T.);
#12934 = EDGE_CURVE('',#12935,#12935,#12937,.T.);
#12935 = VERTEX_POINT('',#12936);
#12936 = CARTESIAN_POINT('',(52.324,-82.4484,1.51));
#12937 = CIRCLE('',#12938,0.4064);
#12938 = AXIS2_PLACEMENT_3D('',#12939,#12940,#12941);
#12939 = CARTESIAN_POINT('',(52.324,-82.042,1.51));
#12940 = DIRECTION('',(-0.,0.,-1.));
#12941 = DIRECTION('',(-0.,-1.,0.));
#12942 = FACE_BOUND('',#12943,.T.);
#12943 = EDGE_LOOP('',(#12944));
#12944 = ORIENTED_EDGE('',*,*,#12945,.T.);
#12945 = EDGE_CURVE('',#12946,#12946,#12948,.T.);
#12946 = VERTEX_POINT('',#12947);
#12947 = CARTESIAN_POINT('',(56.007,-80.4164,1.51));
#12948 = CIRCLE('',#12949,0.4064);
#12949 = AXIS2_PLACEMENT_3D('',#12950,#12951,#12952);
#12950 = CARTESIAN_POINT('',(56.007,-80.01,1.51));
#12951 = DIRECTION('',(-0.,0.,-1.));
#12952 = DIRECTION('',(-1.748382715945E-14,-1.,0.));
#12953 = FACE_BOUND('',#12954,.T.);
#12954 = EDGE_LOOP('',(#12955));
#12955 = ORIENTED_EDGE('',*,*,#12956,.T.);
#12956 = EDGE_CURVE('',#12957,#12957,#12959,.T.);
#12957 = VERTEX_POINT('',#12958);
#12958 = CARTESIAN_POINT('',(60.024,-92.508,1.51));
#12959 = CIRCLE('',#12960,0.6);
#12960 = AXIS2_PLACEMENT_3D('',#12961,#12962,#12963);
#12961 = CARTESIAN_POINT('',(60.024,-91.908,1.51));
#12962 = DIRECTION('',(-0.,0.,-1.));
#12963 = DIRECTION('',(-0.,-1.,0.));
#12964 = FACE_BOUND('',#12965,.T.);
#12965 = EDGE_LOOP('',(#12966));
#12966 = ORIENTED_EDGE('',*,*,#12967,.T.);
#12967 = EDGE_CURVE('',#12968,#12968,#12970,.T.);
#12968 = VERTEX_POINT('',#12969);
#12969 = CARTESIAN_POINT('',(60.024,-90.008,1.51));
#12970 = CIRCLE('',#12971,0.6);
#12971 = AXIS2_PLACEMENT_3D('',#12972,#12973,#12974);
#12972 = CARTESIAN_POINT('',(60.024,-89.408,1.51));
#12973 = DIRECTION('',(-0.,0.,-1.));
#12974 = DIRECTION('',(-0.,-1.,0.));
#12975 = FACE_BOUND('',#12976,.T.);
#12976 = EDGE_LOOP('',(#12977,#12988,#12996,#13005));
#12977 = ORIENTED_EDGE('',*,*,#12978,.T.);
#12978 = EDGE_CURVE('',#12979,#12981,#12983,.T.);
#12979 = VERTEX_POINT('',#12980);
#12980 = CARTESIAN_POINT('',(65.3288,-89.0016,1.51));
#12981 = VERTEX_POINT('',#12982);
#12982 = CARTESIAN_POINT('',(65.3288,-89.8144,1.51));
#12983 = CIRCLE('',#12984,0.4064);
#12984 = AXIS2_PLACEMENT_3D('',#12985,#12986,#12987);
#12985 = CARTESIAN_POINT('',(65.3288,-89.408,1.51));
#12986 = DIRECTION('',(-0.,0.,-1.));
#12987 = DIRECTION('',(-3.49676543189E-14,-1.,0.));
#12988 = ORIENTED_EDGE('',*,*,#12989,.T.);
#12989 = EDGE_CURVE('',#12981,#12990,#12992,.T.);
#12990 = VERTEX_POINT('',#12991);
#12991 = CARTESIAN_POINT('',(64.7192,-89.8144,1.51));
#12992 = LINE('',#12993,#12994);
#12993 = CARTESIAN_POINT('',(32.3596,-89.8144,1.51));
#12994 = VECTOR('',#12995,1.);
#12995 = DIRECTION('',(-1.,0.,0.));
#12996 = ORIENTED_EDGE('',*,*,#12997,.T.);
#12997 = EDGE_CURVE('',#12990,#12998,#13000,.T.);
#12998 = VERTEX_POINT('',#12999);
#12999 = CARTESIAN_POINT('',(64.7192,-89.0016,1.51));
#13000 = CIRCLE('',#13001,0.4064);
#13001 = AXIS2_PLACEMENT_3D('',#13002,#13003,#13004);
#13002 = CARTESIAN_POINT('',(64.7192,-89.408,1.51));
#13003 = DIRECTION('',(0.,-0.,-1.));
#13004 = DIRECTION('',(3.49676543189E-14,1.,-0.));
#13005 = ORIENTED_EDGE('',*,*,#13006,.T.);
#13006 = EDGE_CURVE('',#12998,#12979,#13007,.T.);
#13007 = LINE('',#13008,#13009);
#13008 = CARTESIAN_POINT('',(32.6644,-89.0016,1.51));
#13009 = VECTOR('',#13010,1.);
#13010 = DIRECTION('',(1.,0.,-0.));
#13011 = FACE_BOUND('',#13012,.T.);
#13012 = EDGE_LOOP('',(#13013));
#13013 = ORIENTED_EDGE('',*,*,#13014,.T.);
#13014 = EDGE_CURVE('',#13015,#13015,#13017,.T.);
#13015 = VERTEX_POINT('',#13016);
#13016 = CARTESIAN_POINT('',(70.024,-92.508,1.51));
#13017 = CIRCLE('',#13018,0.6);
#13018 = AXIS2_PLACEMENT_3D('',#13019,#13020,#13021);
#13019 = CARTESIAN_POINT('',(70.024,-91.908,1.51));
#13020 = DIRECTION('',(-0.,0.,-1.));
#13021 = DIRECTION('',(-0.,-1.,0.));
#13022 = FACE_BOUND('',#13023,.T.);
#13023 = EDGE_LOOP('',(#13024));
#13024 = ORIENTED_EDGE('',*,*,#13025,.T.);
#13025 = EDGE_CURVE('',#13026,#13026,#13028,.T.);
#13026 = VERTEX_POINT('',#13027);
#13027 = CARTESIAN_POINT('',(70.024,-90.008,1.51));
#13028 = CIRCLE('',#13029,0.6);
#13029 = AXIS2_PLACEMENT_3D('',#13030,#13031,#13032);
#13030 = CARTESIAN_POINT('',(70.024,-89.408,1.51));
#13031 = DIRECTION('',(-0.,0.,-1.));
#13032 = DIRECTION('',(-0.,-1.,0.));
#13033 = FACE_BOUND('',#13034,.T.);
#13034 = EDGE_LOOP('',(#13035));
#13035 = ORIENTED_EDGE('',*,*,#13036,.T.);
#13036 = EDGE_CURVE('',#13037,#13037,#13039,.T.);
#13037 = VERTEX_POINT('',#13038);
#13038 = CARTESIAN_POINT('',(74.549,-92.3144,1.51));
#13039 = CIRCLE('',#13040,0.4064);
#13040 = AXIS2_PLACEMENT_3D('',#13041,#13042,#13043);
#13041 = CARTESIAN_POINT('',(74.549,-91.908,1.51));
#13042 = DIRECTION('',(-0.,0.,-1.));
#13043 = DIRECTION('',(-0.,-1.,0.));
#13044 = FACE_BOUND('',#13045,.T.);
#13045 = EDGE_LOOP('',(#13046));
#13046 = ORIENTED_EDGE('',*,*,#13047,.T.);
#13047 = EDGE_CURVE('',#13048,#13048,#13050,.T.);
#13048 = VERTEX_POINT('',#13049);
#13049 = CARTESIAN_POINT('',(74.549,-87.3144,1.51));
#13050 = CIRCLE('',#13051,0.4064);
#13051 = AXIS2_PLACEMENT_3D('',#13052,#13053,#13054);
#13052 = CARTESIAN_POINT('',(74.549,-86.908,1.51));
#13053 = DIRECTION('',(-0.,0.,-1.));
#13054 = DIRECTION('',(-0.,-1.,0.));
#13055 = FACE_BOUND('',#13056,.T.);
#13056 = EDGE_LOOP('',(#13057,#13068,#13076,#13085));
#13057 = ORIENTED_EDGE('',*,*,#13058,.T.);
#13058 = EDGE_CURVE('',#13059,#13061,#13063,.T.);
#13059 = VERTEX_POINT('',#13060);
#13060 = CARTESIAN_POINT('',(60.4304,-84.7128,1.51));
#13061 = VERTEX_POINT('',#13062);
#13062 = CARTESIAN_POINT('',(59.6176,-84.7128,1.51));
#13063 = CIRCLE('',#13064,0.4064);
#13064 = AXIS2_PLACEMENT_3D('',#13065,#13066,#13067);
#13065 = CARTESIAN_POINT('',(60.024,-84.7128,1.51));
#13066 = DIRECTION('',(-0.,0.,-1.));
#13067 = DIRECTION('',(-1.,0.,0.));
#13068 = ORIENTED_EDGE('',*,*,#13069,.T.);
#13069 = EDGE_CURVE('',#13061,#13070,#13072,.T.);
#13070 = VERTEX_POINT('',#13071);
#13071 = CARTESIAN_POINT('',(59.6176,-84.1032,1.51));
#13072 = LINE('',#13073,#13074);
#13073 = CARTESIAN_POINT('',(59.6176,-42.0516,1.51));
#13074 = VECTOR('',#13075,1.);
#13075 = DIRECTION('',(-0.,1.,0.));
#13076 = ORIENTED_EDGE('',*,*,#13077,.T.);
#13077 = EDGE_CURVE('',#13070,#13078,#13080,.T.);
#13078 = VERTEX_POINT('',#13079);
#13079 = CARTESIAN_POINT('',(60.4304,-84.1032,1.51));
#13080 = CIRCLE('',#13081,0.4064);
#13081 = AXIS2_PLACEMENT_3D('',#13082,#13083,#13084);
#13082 = CARTESIAN_POINT('',(60.024,-84.1032,1.51));
#13083 = DIRECTION('',(0.,-0.,-1.));
#13084 = DIRECTION('',(1.,0.,-0.));
#13085 = ORIENTED_EDGE('',*,*,#13086,.T.);
#13086 = EDGE_CURVE('',#13078,#13059,#13087,.T.);
#13087 = LINE('',#13088,#13089);
#13088 = CARTESIAN_POINT('',(60.4304,-42.3564,1.51));
#13089 = VECTOR('',#13090,1.);
#13090 = DIRECTION('',(0.,-1.,0.));
#13091 = FACE_BOUND('',#13092,.T.);
#13092 = EDGE_LOOP('',(#13093));
#13093 = ORIENTED_EDGE('',*,*,#13094,.T.);
#13094 = EDGE_CURVE('',#13095,#13095,#13097,.T.);
#13095 = VERTEX_POINT('',#13096);
#13096 = CARTESIAN_POINT('',(65.024,-85.008,1.51));
#13097 = CIRCLE('',#13098,0.6);
#13098 = AXIS2_PLACEMENT_3D('',#13099,#13100,#13101);
#13099 = CARTESIAN_POINT('',(65.024,-84.408,1.51));
#13100 = DIRECTION('',(-0.,0.,-1.));
#13101 = DIRECTION('',(-0.,-1.,0.));
#13102 = FACE_BOUND('',#13103,.T.);
#13103 = EDGE_LOOP('',(#13104,#13115,#13123,#13132));
#13104 = ORIENTED_EDGE('',*,*,#13105,.T.);
#13105 = EDGE_CURVE('',#13106,#13108,#13110,.T.);
#13106 = VERTEX_POINT('',#13107);
#13107 = CARTESIAN_POINT('',(69.6176,-84.1032,1.51));
#13108 = VERTEX_POINT('',#13109);
#13109 = CARTESIAN_POINT('',(70.4304,-84.1032,1.51));
#13110 = CIRCLE('',#13111,0.4064);
#13111 = AXIS2_PLACEMENT_3D('',#13112,#13113,#13114);
#13112 = CARTESIAN_POINT('',(70.024,-84.1032,1.51));
#13113 = DIRECTION('',(0.,-0.,-1.));
#13114 = DIRECTION('',(1.,3.49676543189E-14,-0.));
#13115 = ORIENTED_EDGE('',*,*,#13116,.T.);
#13116 = EDGE_CURVE('',#13108,#13117,#13119,.T.);
#13117 = VERTEX_POINT('',#13118);
#13118 = CARTESIAN_POINT('',(70.4304,-84.7128,1.51));
#13119 = LINE('',#13120,#13121);
#13120 = CARTESIAN_POINT('',(70.4304,-42.3564,1.51));
#13121 = VECTOR('',#13122,1.);
#13122 = DIRECTION('',(0.,-1.,0.));
#13123 = ORIENTED_EDGE('',*,*,#13124,.T.);
#13124 = EDGE_CURVE('',#13117,#13125,#13127,.T.);
#13125 = VERTEX_POINT('',#13126);
#13126 = CARTESIAN_POINT('',(69.6176,-84.7128,1.51));
#13127 = CIRCLE('',#13128,0.4064);
#13128 = AXIS2_PLACEMENT_3D('',#13129,#13130,#13131);
#13129 = CARTESIAN_POINT('',(70.024,-84.7128,1.51));
#13130 = DIRECTION('',(-0.,0.,-1.));
#13131 = DIRECTION('',(-1.,-3.49676543189E-14,0.));
#13132 = ORIENTED_EDGE('',*,*,#13133,.T.);
#13133 = EDGE_CURVE('',#13125,#13106,#13134,.T.);
#13134 = LINE('',#13135,#13136);
#13135 = CARTESIAN_POINT('',(69.6176,-42.0516,1.51));
#13136 = VECTOR('',#13137,1.);
#13137 = DIRECTION('',(-0.,1.,0.));
#13138 = FACE_BOUND('',#13139,.T.);
#13139 = EDGE_LOOP('',(#13140));
#13140 = ORIENTED_EDGE('',*,*,#13141,.T.);
#13141 = EDGE_CURVE('',#13142,#13142,#13144,.T.);
#13142 = VERTEX_POINT('',#13143);
#13143 = CARTESIAN_POINT('',(59.817,-80.4164,1.51));
#13144 = CIRCLE('',#13145,0.4064);
#13145 = AXIS2_PLACEMENT_3D('',#13146,#13147,#13148);
#13146 = CARTESIAN_POINT('',(59.817,-80.01,1.51));
#13147 = DIRECTION('',(-0.,0.,-1.));
#13148 = DIRECTION('',(-0.,-1.,0.));
#13149 = FACE_BOUND('',#13150,.T.);
#13150 = EDGE_LOOP('',(#13151));
#13151 = ORIENTED_EDGE('',*,*,#13152,.T.);
#13152 = EDGE_CURVE('',#13153,#13153,#13155,.T.);
#13153 = VERTEX_POINT('',#13154);
#13154 = CARTESIAN_POINT('',(65.024,-79.507,1.51));
#13155 = CIRCLE('',#13156,0.508);
#13156 = AXIS2_PLACEMENT_3D('',#13157,#13158,#13159);
#13157 = CARTESIAN_POINT('',(65.024,-78.999,1.51));
#13158 = DIRECTION('',(-0.,0.,-1.));
#13159 = DIRECTION('',(-0.,-1.,0.));
#13160 = FACE_BOUND('',#13161,.T.);
#13161 = EDGE_LOOP('',(#13162));
#13162 = ORIENTED_EDGE('',*,*,#13163,.T.);
#13163 = EDGE_CURVE('',#13164,#13164,#13166,.T.);
#13164 = VERTEX_POINT('',#13165);
#13165 = CARTESIAN_POINT('',(65.024,-76.967,1.51));
#13166 = CIRCLE('',#13167,0.508);
#13167 = AXIS2_PLACEMENT_3D('',#13168,#13169,#13170);
#13168 = CARTESIAN_POINT('',(65.024,-76.459,1.51));
#13169 = DIRECTION('',(-0.,0.,-1.));
#13170 = DIRECTION('',(-0.,-1.,0.));
#13171 = FACE_BOUND('',#13172,.T.);
#13172 = EDGE_LOOP('',(#13173));
#13173 = ORIENTED_EDGE('',*,*,#13174,.T.);
#13174 = EDGE_CURVE('',#13175,#13175,#13177,.T.);
#13175 = VERTEX_POINT('',#13176);
#13176 = CARTESIAN_POINT('',(74.069,-81.4324,1.51));
#13177 = CIRCLE('',#13178,0.4064);
#13178 = AXIS2_PLACEMENT_3D('',#13179,#13180,#13181);
#13179 = CARTESIAN_POINT('',(74.069,-81.026,1.51));
#13180 = DIRECTION('',(-0.,0.,-1.));
#13181 = DIRECTION('',(3.49676543189E-14,-1.,-0.));
#13182 = FACE_BOUND('',#13183,.T.);
#13183 = EDGE_LOOP('',(#13184));
#13184 = ORIENTED_EDGE('',*,*,#13185,.T.);
#13185 = EDGE_CURVE('',#13186,#13186,#13188,.T.);
#13186 = VERTEX_POINT('',#13187);
#13187 = CARTESIAN_POINT('',(77.569,-81.4324,1.51));
#13188 = CIRCLE('',#13189,0.4064);
#13189 = AXIS2_PLACEMENT_3D('',#13190,#13191,#13192);
#13190 = CARTESIAN_POINT('',(77.569,-81.026,1.51));
#13191 = DIRECTION('',(-0.,0.,-1.));
#13192 = DIRECTION('',(3.49676543189E-14,-1.,-0.));
#13193 = FACE_BOUND('',#13194,.T.);
#13194 = EDGE_LOOP('',(#13195));
#13195 = ORIENTED_EDGE('',*,*,#13196,.T.);
#13196 = EDGE_CURVE('',#13197,#13197,#13199,.T.);
#13197 = VERTEX_POINT('',#13198);
#13198 = CARTESIAN_POINT('',(48.006,-72.2884,1.51));
#13199 = CIRCLE('',#13200,0.4064);
#13200 = AXIS2_PLACEMENT_3D('',#13201,#13202,#13203);
#13201 = CARTESIAN_POINT('',(48.006,-71.882,1.51));
#13202 = DIRECTION('',(-0.,0.,-1.));
#13203 = DIRECTION('',(-0.,-1.,0.));
#13204 = FACE_BOUND('',#13205,.T.);
#13205 = EDGE_LOOP('',(#13206));
#13206 = ORIENTED_EDGE('',*,*,#13207,.T.);
#13207 = EDGE_CURVE('',#13208,#13208,#13210,.T.);
#13208 = VERTEX_POINT('',#13209);
#13209 = CARTESIAN_POINT('',(52.324,-72.2884,1.51));
#13210 = CIRCLE('',#13211,0.4064);
#13211 = AXIS2_PLACEMENT_3D('',#13212,#13213,#13214);
#13212 = CARTESIAN_POINT('',(52.324,-71.882,1.51));
#13213 = DIRECTION('',(-0.,0.,-1.));
#13214 = DIRECTION('',(-0.,-1.,0.));
#13215 = FACE_BOUND('',#13216,.T.);
#13216 = EDGE_LOOP('',(#13217));
#13217 = ORIENTED_EDGE('',*,*,#13218,.T.);
#13218 = EDGE_CURVE('',#13219,#13219,#13221,.T.);
#13219 = VERTEX_POINT('',#13220);
#13220 = CARTESIAN_POINT('',(56.007,-70.2564,1.51));
#13221 = CIRCLE('',#13222,0.4064);
#13222 = AXIS2_PLACEMENT_3D('',#13223,#13224,#13225);
#13223 = CARTESIAN_POINT('',(56.007,-69.85,1.51));
#13224 = DIRECTION('',(-0.,0.,-1.));
#13225 = DIRECTION('',(-1.748382715945E-14,-1.,0.));
#13226 = FACE_BOUND('',#13227,.T.);
#13227 = EDGE_LOOP('',(#13228));
#13228 = ORIENTED_EDGE('',*,*,#13229,.T.);
#13229 = EDGE_CURVE('',#13230,#13230,#13232,.T.);
#13230 = VERTEX_POINT('',#13231);
#13231 = CARTESIAN_POINT('',(72.049,-74.9554,1.51));
#13232 = CIRCLE('',#13233,0.4064);
#13233 = AXIS2_PLACEMENT_3D('',#13234,#13235,#13236);
#13234 = CARTESIAN_POINT('',(72.049,-74.549,1.51));
#13235 = DIRECTION('',(-0.,0.,-1.));
#13236 = DIRECTION('',(-0.,-1.,0.));
#13237 = FACE_BOUND('',#13238,.T.);
#13238 = EDGE_LOOP('',(#13239));
#13239 = ORIENTED_EDGE('',*,*,#13240,.T.);
#13240 = EDGE_CURVE('',#13241,#13241,#13243,.T.);
#13241 = VERTEX_POINT('',#13242);
#13242 = CARTESIAN_POINT('',(59.817,-70.2564,1.51));
#13243 = CIRCLE('',#13244,0.4064);
#13244 = AXIS2_PLACEMENT_3D('',#13245,#13246,#13247);
#13245 = CARTESIAN_POINT('',(59.817,-69.85,1.51));
#13246 = DIRECTION('',(-0.,0.,-1.));
#13247 = DIRECTION('',(-0.,-1.,0.));
#13248 = FACE_BOUND('',#13249,.T.);
#13249 = EDGE_LOOP('',(#13250));
#13250 = ORIENTED_EDGE('',*,*,#13251,.T.);
#13251 = EDGE_CURVE('',#13252,#13252,#13254,.T.);
#13252 = VERTEX_POINT('',#13253);
#13253 = CARTESIAN_POINT('',(77.049,-74.9554,1.51));
#13254 = CIRCLE('',#13255,0.4064);
#13255 = AXIS2_PLACEMENT_3D('',#13256,#13257,#13258);
#13256 = CARTESIAN_POINT('',(77.049,-74.549,1.51));
#13257 = DIRECTION('',(-0.,0.,-1.));
#13258 = DIRECTION('',(-0.,-1.,0.));
#13259 = FACE_BOUND('',#13260,.T.);
#13260 = EDGE_LOOP('',(#13261));
#13261 = ORIENTED_EDGE('',*,*,#13262,.T.);
#13262 = EDGE_CURVE('',#13263,#13263,#13265,.T.);
#13263 = VERTEX_POINT('',#13264);
#13264 = CARTESIAN_POINT('',(104.394,-87.1944,1.51));
#13265 = CIRCLE('',#13266,0.4064);
#13266 = AXIS2_PLACEMENT_3D('',#13267,#13268,#13269);
#13267 = CARTESIAN_POINT('',(104.394,-86.788,1.51));
#13268 = DIRECTION('',(-0.,0.,-1.));
#13269 = DIRECTION('',(-0.,-1.,0.));
#13270 = FACE_BOUND('',#13271,.T.);
#13271 = EDGE_LOOP('',(#13272));
#13272 = ORIENTED_EDGE('',*,*,#13273,.T.);
#13273 = EDGE_CURVE('',#13274,#13274,#13276,.T.);
#13274 = VERTEX_POINT('',#13275);
#13275 = CARTESIAN_POINT('',(108.077,-92.7354,1.51));
#13276 = CIRCLE('',#13277,0.4064);
#13277 = AXIS2_PLACEMENT_3D('',#13278,#13279,#13280);
#13278 = CARTESIAN_POINT('',(108.077,-92.329,1.51));
#13279 = DIRECTION('',(-0.,0.,-1.));
#13280 = DIRECTION('',(-0.,-1.,0.));
#13281 = FACE_BOUND('',#13282,.T.);
#13282 = EDGE_LOOP('',(#13283));
#13283 = ORIENTED_EDGE('',*,*,#13284,.T.);
#13284 = EDGE_CURVE('',#13285,#13285,#13287,.T.);
#13285 = VERTEX_POINT('',#13286);
#13286 = CARTESIAN_POINT('',(113.284,-89.1794,1.51));
#13287 = CIRCLE('',#13288,0.4064);
#13288 = AXIS2_PLACEMENT_3D('',#13289,#13290,#13291);
#13289 = CARTESIAN_POINT('',(113.284,-88.773,1.51));
#13290 = DIRECTION('',(-0.,0.,-1.));
#13291 = DIRECTION('',(3.49676543189E-14,-1.,-0.));
#13292 = FACE_BOUND('',#13293,.T.);
#13293 = EDGE_LOOP('',(#13294));
#13294 = ORIENTED_EDGE('',*,*,#13295,.T.);
#13295 = EDGE_CURVE('',#13296,#13296,#13298,.T.);
#13296 = VERTEX_POINT('',#13297);
#13297 = CARTESIAN_POINT('',(113.284,-86.6394,1.51));
#13298 = CIRCLE('',#13299,0.4064);
#13299 = AXIS2_PLACEMENT_3D('',#13300,#13301,#13302);
#13300 = CARTESIAN_POINT('',(113.284,-86.233,1.51));
#13301 = DIRECTION('',(-0.,0.,-1.));
#13302 = DIRECTION('',(3.49676543189E-14,-1.,-0.));
#13303 = FACE_BOUND('',#13304,.T.);
#13304 = EDGE_LOOP('',(#13305));
#13305 = ORIENTED_EDGE('',*,*,#13306,.T.);
#13306 = EDGE_CURVE('',#13307,#13307,#13309,.T.);
#13307 = VERTEX_POINT('',#13308);
#13308 = CARTESIAN_POINT('',(100.838,-84.7344,1.51));
#13309 = CIRCLE('',#13310,0.4064);
#13310 = AXIS2_PLACEMENT_3D('',#13311,#13312,#13313);
#13311 = CARTESIAN_POINT('',(100.838,-84.328,1.51));
#13312 = DIRECTION('',(-0.,0.,-1.));
#13313 = DIRECTION('',(-0.,-1.,0.));
#13314 = FACE_BOUND('',#13315,.T.);
#13315 = EDGE_LOOP('',(#13316));
#13316 = ORIENTED_EDGE('',*,*,#13317,.T.);
#13317 = EDGE_CURVE('',#13318,#13318,#13320,.T.);
#13318 = VERTEX_POINT('',#13319);
#13319 = CARTESIAN_POINT('',(104.394,-82.1944,1.51));
#13320 = CIRCLE('',#13321,0.4064);
#13321 = AXIS2_PLACEMENT_3D('',#13322,#13323,#13324);
#13322 = CARTESIAN_POINT('',(104.394,-81.788,1.51));
#13323 = DIRECTION('',(-0.,0.,-1.));
#13324 = DIRECTION('',(-0.,-1.,0.));
#13325 = FACE_BOUND('',#13326,.T.);
#13326 = EDGE_LOOP('',(#13327));
#13327 = ORIENTED_EDGE('',*,*,#13328,.T.);
#13328 = EDGE_CURVE('',#13329,#13329,#13331,.T.);
#13329 = VERTEX_POINT('',#13330);
#13330 = CARTESIAN_POINT('',(97.028,-80.4164,1.51));
#13331 = CIRCLE('',#13332,0.4064);
#13332 = AXIS2_PLACEMENT_3D('',#13333,#13334,#13335);
#13333 = CARTESIAN_POINT('',(97.028,-80.01,1.51));
#13334 = DIRECTION('',(-0.,0.,-1.));
#13335 = DIRECTION('',(3.49676543189E-14,-1.,-0.));
#13336 = FACE_BOUND('',#13337,.T.);
#13337 = EDGE_LOOP('',(#13338));
#13338 = ORIENTED_EDGE('',*,*,#13339,.T.);
#13339 = EDGE_CURVE('',#13340,#13340,#13342,.T.);
#13340 = VERTEX_POINT('',#13341);
#13341 = CARTESIAN_POINT('',(108.077,-85.1154,1.51));
#13342 = CIRCLE('',#13343,0.4064);
#13343 = AXIS2_PLACEMENT_3D('',#13344,#13345,#13346);
#13344 = CARTESIAN_POINT('',(108.077,-84.709,1.51));
#13345 = DIRECTION('',(-0.,0.,-1.));
#13346 = DIRECTION('',(-0.,-1.,0.));
#13347 = FACE_BOUND('',#13348,.T.);
#13348 = EDGE_LOOP('',(#13349));
#13349 = ORIENTED_EDGE('',*,*,#13350,.T.);
#13350 = EDGE_CURVE('',#13351,#13351,#13353,.T.);
#13351 = VERTEX_POINT('',#13352);
#13352 = CARTESIAN_POINT('',(108.077,-82.1944,1.51));
#13353 = CIRCLE('',#13354,0.4064);
#13354 = AXIS2_PLACEMENT_3D('',#13355,#13356,#13357);
#13355 = CARTESIAN_POINT('',(108.077,-81.788,1.51));
#13356 = DIRECTION('',(-0.,0.,-1.));
#13357 = DIRECTION('',(-0.,-1.,0.));
#13358 = FACE_BOUND('',#13359,.T.);
#13359 = EDGE_LOOP('',(#13360));
#13360 = ORIENTED_EDGE('',*,*,#13361,.T.);
#13361 = EDGE_CURVE('',#13362,#13362,#13364,.T.);
#13362 = VERTEX_POINT('',#13363);
#13363 = CARTESIAN_POINT('',(113.284,-84.0994,1.51));
#13364 = CIRCLE('',#13365,0.4064);
#13365 = AXIS2_PLACEMENT_3D('',#13366,#13367,#13368);
#13366 = CARTESIAN_POINT('',(113.284,-83.693,1.51));
#13367 = DIRECTION('',(-0.,0.,-1.));
#13368 = DIRECTION('',(3.49676543189E-14,-1.,-0.));
#13369 = FACE_BOUND('',#13370,.T.);
#13370 = EDGE_LOOP('',(#13371));
#13371 = ORIENTED_EDGE('',*,*,#13372,.T.);
#13372 = EDGE_CURVE('',#13373,#13373,#13375,.T.);
#13373 = VERTEX_POINT('',#13374);
#13374 = CARTESIAN_POINT('',(113.284,-81.5594,1.51));
#13375 = CIRCLE('',#13376,0.4064);
#13376 = AXIS2_PLACEMENT_3D('',#13377,#13378,#13379);
#13377 = CARTESIAN_POINT('',(113.284,-81.153,1.51));
#13378 = DIRECTION('',(-0.,0.,-1.));
#13379 = DIRECTION('',(3.49676543189E-14,-1.,-0.));
#13380 = FACE_BOUND('',#13381,.T.);
#13381 = EDGE_LOOP('',(#13382));
#13382 = ORIENTED_EDGE('',*,*,#13383,.T.);
#13383 = EDGE_CURVE('',#13384,#13384,#13386,.T.);
#13384 = VERTEX_POINT('',#13385);
#13385 = CARTESIAN_POINT('',(115.904,-77.8764,1.51));
#13386 = CIRCLE('',#13387,0.4064);
#13387 = AXIS2_PLACEMENT_3D('',#13388,#13389,#13390);
#13388 = CARTESIAN_POINT('',(115.904,-77.47,1.51));
#13389 = DIRECTION('',(-0.,0.,-1.));
#13390 = DIRECTION('',(-0.,-1.,0.));
#13391 = FACE_BOUND('',#13392,.T.);
#13392 = EDGE_LOOP('',(#13393));
#13393 = ORIENTED_EDGE('',*,*,#13394,.T.);
#13394 = EDGE_CURVE('',#13395,#13395,#13397,.T.);
#13395 = VERTEX_POINT('',#13396);
#13396 = CARTESIAN_POINT('',(128.651,-92.7354,1.51));
#13397 = CIRCLE('',#13398,0.4064);
#13398 = AXIS2_PLACEMENT_3D('',#13399,#13400,#13401);
#13399 = CARTESIAN_POINT('',(128.651,-92.329,1.51));
#13400 = DIRECTION('',(-0.,0.,-1.));
#13401 = DIRECTION('',(-0.,-1.,0.));
#13402 = FACE_BOUND('',#13403,.T.);
#13403 = EDGE_LOOP('',(#13404));
#13404 = ORIENTED_EDGE('',*,*,#13405,.T.);
#13405 = EDGE_CURVE('',#13406,#13406,#13408,.T.);
#13406 = VERTEX_POINT('',#13407);
#13407 = CARTESIAN_POINT('',(120.904,-89.1794,1.51));
#13408 = CIRCLE('',#13409,0.4064);
#13409 = AXIS2_PLACEMENT_3D('',#13410,#13411,#13412);
#13410 = CARTESIAN_POINT('',(120.904,-88.773,1.51));
#13411 = DIRECTION('',(-0.,0.,-1.));
#13412 = DIRECTION('',(-0.,-1.,0.));
#13413 = FACE_BOUND('',#13414,.T.);
#13414 = EDGE_LOOP('',(#13415));
#13415 = ORIENTED_EDGE('',*,*,#13416,.T.);
#13416 = EDGE_CURVE('',#13417,#13417,#13419,.T.);
#13417 = VERTEX_POINT('',#13418);
#13418 = CARTESIAN_POINT('',(120.904,-86.6394,1.51));
#13419 = CIRCLE('',#13420,0.4064);
#13420 = AXIS2_PLACEMENT_3D('',#13421,#13422,#13423);
#13421 = CARTESIAN_POINT('',(120.904,-86.233,1.51));
#13422 = DIRECTION('',(-0.,0.,-1.));
#13423 = DIRECTION('',(-0.,-1.,0.));
#13424 = FACE_BOUND('',#13425,.T.);
#13425 = EDGE_LOOP('',(#13426));
#13426 = ORIENTED_EDGE('',*,*,#13427,.T.);
#13427 = EDGE_CURVE('',#13428,#13428,#13430,.T.);
#13428 = VERTEX_POINT('',#13429);
#13429 = CARTESIAN_POINT('',(124.841,-87.0204,1.51));
#13430 = CIRCLE('',#13431,0.4064);
#13431 = AXIS2_PLACEMENT_3D('',#13432,#13433,#13434);
#13432 = CARTESIAN_POINT('',(124.841,-86.614,1.51));
#13433 = DIRECTION('',(-0.,0.,-1.));
#13434 = DIRECTION('',(-3.49676543189E-14,-1.,0.));
#13435 = FACE_BOUND('',#13436,.T.);
#13436 = EDGE_LOOP('',(#13437));
#13437 = ORIENTED_EDGE('',*,*,#13438,.T.);
#13438 = EDGE_CURVE('',#13439,#13439,#13441,.T.);
#13439 = VERTEX_POINT('',#13440);
#13440 = CARTESIAN_POINT('',(147.32,-90.5,1.51));
#13441 = CIRCLE('',#13442,1.6);
#13442 = AXIS2_PLACEMENT_3D('',#13443,#13444,#13445);
#13443 = CARTESIAN_POINT('',(147.32,-88.9,1.51));
#13444 = DIRECTION('',(-0.,0.,-1.));
#13445 = DIRECTION('',(-0.,-1.,0.));
#13446 = FACE_BOUND('',#13447,.T.);
#13447 = EDGE_LOOP('',(#13448));
#13448 = ORIENTED_EDGE('',*,*,#13449,.T.);
#13449 = EDGE_CURVE('',#13450,#13450,#13452,.T.);
#13450 = VERTEX_POINT('',#13451);
#13451 = CARTESIAN_POINT('',(120.904,-84.0994,1.51));
#13452 = CIRCLE('',#13453,0.4064);
#13453 = AXIS2_PLACEMENT_3D('',#13454,#13455,#13456);
#13454 = CARTESIAN_POINT('',(120.904,-83.693,1.51));
#13455 = DIRECTION('',(-0.,0.,-1.));
#13456 = DIRECTION('',(-0.,-1.,0.));
#13457 = FACE_BOUND('',#13458,.T.);
#13458 = EDGE_LOOP('',(#13459));
#13459 = ORIENTED_EDGE('',*,*,#13460,.T.);
#13460 = EDGE_CURVE('',#13461,#13461,#13463,.T.);
#13461 = VERTEX_POINT('',#13462);
#13462 = CARTESIAN_POINT('',(120.904,-81.5594,1.51));
#13463 = CIRCLE('',#13464,0.4064);
#13464 = AXIS2_PLACEMENT_3D('',#13465,#13466,#13467);
#13465 = CARTESIAN_POINT('',(120.904,-81.153,1.51));
#13466 = DIRECTION('',(-0.,0.,-1.));
#13467 = DIRECTION('',(-0.,-1.,0.));
#13468 = FACE_BOUND('',#13469,.T.);
#13469 = EDGE_LOOP('',(#13470));
#13470 = ORIENTED_EDGE('',*,*,#13471,.T.);
#13471 = EDGE_CURVE('',#13472,#13472,#13474,.T.);
#13472 = VERTEX_POINT('',#13473);
#13473 = CARTESIAN_POINT('',(128.651,-82.5754,1.51));
#13474 = CIRCLE('',#13475,0.4064);
#13475 = AXIS2_PLACEMENT_3D('',#13476,#13477,#13478);
#13476 = CARTESIAN_POINT('',(128.651,-82.169,1.51));
#13477 = DIRECTION('',(-0.,0.,-1.));
#13478 = DIRECTION('',(-0.,-1.,0.));
#13479 = FACE_BOUND('',#13480,.T.);
#13480 = EDGE_LOOP('',(#13481));
#13481 = ORIENTED_EDGE('',*,*,#13482,.T.);
#13482 = EDGE_CURVE('',#13483,#13483,#13485,.T.);
#13483 = VERTEX_POINT('',#13484);
#13484 = CARTESIAN_POINT('',(120.904,-77.8764,1.51));
#13485 = CIRCLE('',#13486,0.4064);
#13486 = AXIS2_PLACEMENT_3D('',#13487,#13488,#13489);
#13487 = CARTESIAN_POINT('',(120.904,-77.47,1.51));
#13488 = DIRECTION('',(-0.,0.,-1.));
#13489 = DIRECTION('',(-0.,-1.,0.));
#13490 = FACE_BOUND('',#13491,.T.);
#13491 = EDGE_LOOP('',(#13492));
#13492 = ORIENTED_EDGE('',*,*,#13493,.T.);
#13493 = EDGE_CURVE('',#13494,#13494,#13496,.T.);
#13494 = VERTEX_POINT('',#13495);
#13495 = CARTESIAN_POINT('',(124.841,-76.8604,1.51));
#13496 = CIRCLE('',#13497,0.4064);
#13497 = AXIS2_PLACEMENT_3D('',#13498,#13499,#13500);
#13498 = CARTESIAN_POINT('',(124.841,-76.454,1.51));
#13499 = DIRECTION('',(-0.,0.,-1.));
#13500 = DIRECTION('',(-3.49676543189E-14,-1.,0.));
#13501 = FACE_BOUND('',#13502,.T.);
#13502 = EDGE_LOOP('',(#13503));
#13503 = ORIENTED_EDGE('',*,*,#13504,.T.);
#13504 = EDGE_CURVE('',#13505,#13505,#13507,.T.);
#13505 = VERTEX_POINT('',#13506);
#13506 = CARTESIAN_POINT('',(128.651,-80.4164,1.51));
#13507 = CIRCLE('',#13508,0.4064);
#13508 = AXIS2_PLACEMENT_3D('',#13509,#13510,#13511);
#13509 = CARTESIAN_POINT('',(128.651,-80.01,1.51));
#13510 = DIRECTION('',(-0.,0.,-1.));
#13511 = DIRECTION('',(-0.,-1.,0.));
#13512 = FACE_BOUND('',#13513,.T.);
#13513 = EDGE_LOOP('',(#13514));
#13514 = ORIENTED_EDGE('',*,*,#13515,.T.);
#13515 = EDGE_CURVE('',#13516,#13516,#13518,.T.);
#13516 = VERTEX_POINT('',#13517);
#13517 = CARTESIAN_POINT('',(88.9,-77.8,1.51));
#13518 = CIRCLE('',#13519,1.6);
#13519 = AXIS2_PLACEMENT_3D('',#13520,#13521,#13522);
#13520 = CARTESIAN_POINT('',(88.9,-76.2,1.51));
#13521 = DIRECTION('',(-0.,0.,-1.));
#13522 = DIRECTION('',(-0.,-1.,0.));
#13523 = FACE_BOUND('',#13524,.T.);
#13524 = EDGE_LOOP('',(#13525));
#13525 = ORIENTED_EDGE('',*,*,#13526,.T.);
#13526 = EDGE_CURVE('',#13527,#13527,#13529,.T.);
#13527 = VERTEX_POINT('',#13528);
#13528 = CARTESIAN_POINT('',(100.838,-74.5744,1.51));
#13529 = CIRCLE('',#13530,0.4064);
#13530 = AXIS2_PLACEMENT_3D('',#13531,#13532,#13533);
#13531 = CARTESIAN_POINT('',(100.838,-74.168,1.51));
#13532 = DIRECTION('',(-0.,0.,-1.));
#13533 = DIRECTION('',(-0.,-1.,0.));
#13534 = FACE_BOUND('',#13535,.T.);
#13535 = EDGE_LOOP('',(#13536));
#13536 = ORIENTED_EDGE('',*,*,#13537,.T.);
#13537 = EDGE_CURVE('',#13538,#13538,#13540,.T.);
#13538 = VERTEX_POINT('',#13539);
#13539 = CARTESIAN_POINT('',(97.028,-70.2564,1.51));
#13540 = CIRCLE('',#13541,0.4064);
#13541 = AXIS2_PLACEMENT_3D('',#13542,#13543,#13544);
#13542 = CARTESIAN_POINT('',(97.028,-69.85,1.51));
#13543 = DIRECTION('',(-0.,0.,-1.));
#13544 = DIRECTION('',(3.49676543189E-14,-1.,-0.));
#13545 = FACE_BOUND('',#13546,.T.);
#13546 = EDGE_LOOP('',(#13547));
#13547 = ORIENTED_EDGE('',*,*,#13548,.T.);
#13548 = EDGE_CURVE('',#13549,#13549,#13551,.T.);
#13549 = VERTEX_POINT('',#13550);
#13550 = CARTESIAN_POINT('',(108.077,-74.5744,1.51));
#13551 = CIRCLE('',#13552,0.4064);
#13552 = AXIS2_PLACEMENT_3D('',#13553,#13554,#13555);
#13553 = CARTESIAN_POINT('',(108.077,-74.168,1.51));
#13554 = DIRECTION('',(-0.,0.,-1.));
#13555 = DIRECTION('',(-0.,-1.,0.));
#13556 = FACE_BOUND('',#13557,.T.);
#13557 = EDGE_LOOP('',(#13558));
#13558 = ORIENTED_EDGE('',*,*,#13559,.T.);
#13559 = EDGE_CURVE('',#13560,#13560,#13562,.T.);
#13560 = VERTEX_POINT('',#13561);
#13561 = CARTESIAN_POINT('',(115.904,-74.1934,1.51));
#13562 = CIRCLE('',#13563,0.4064);
#13563 = AXIS2_PLACEMENT_3D('',#13564,#13565,#13566);
#13564 = CARTESIAN_POINT('',(115.904,-73.787,1.51));
#13565 = DIRECTION('',(-0.,0.,-1.));
#13566 = DIRECTION('',(-0.,-1.,0.));
#13567 = FACE_BOUND('',#13568,.T.);
#13568 = EDGE_LOOP('',(#13569));
#13569 = ORIENTED_EDGE('',*,*,#13570,.T.);
#13570 = EDGE_CURVE('',#13571,#13571,#13573,.T.);
#13571 = VERTEX_POINT('',#13572);
#13572 = CARTESIAN_POINT('',(120.904,-74.1934,1.51));
#13573 = CIRCLE('',#13574,0.4064);
#13574 = AXIS2_PLACEMENT_3D('',#13575,#13576,#13577);
#13575 = CARTESIAN_POINT('',(120.904,-73.787,1.51));
#13576 = DIRECTION('',(-0.,0.,-1.));
#13577 = DIRECTION('',(-0.,-1.,0.));
#13578 = FACE_BOUND('',#13579,.T.);
#13579 = EDGE_LOOP('',(#13580));
#13580 = ORIENTED_EDGE('',*,*,#13581,.T.);
#13581 = EDGE_CURVE('',#13582,#13582,#13584,.T.);
#13582 = VERTEX_POINT('',#13583);
#13583 = CARTESIAN_POINT('',(128.651,-70.2564,1.51));
#13584 = CIRCLE('',#13585,0.4064);
#13585 = AXIS2_PLACEMENT_3D('',#13586,#13587,#13588);
#13586 = CARTESIAN_POINT('',(128.651,-69.85,1.51));
#13587 = DIRECTION('',(-0.,0.,-1.));
#13588 = DIRECTION('',(-0.,-1.,0.));
#13589 = FACE_BOUND('',#13590,.T.);
#13590 = EDGE_LOOP('',(#13591));
#13591 = ORIENTED_EDGE('',*,*,#13592,.T.);
#13592 = EDGE_CURVE('',#13593,#13593,#13595,.T.);
#13593 = VERTEX_POINT('',#13594);
#13594 = CARTESIAN_POINT('',(146.13,-75.9714,1.51));
#13595 = CIRCLE('',#13596,0.4064);
#13596 = AXIS2_PLACEMENT_3D('',#13597,#13598,#13599);
#13597 = CARTESIAN_POINT('',(146.13,-75.565,1.51));
#13598 = DIRECTION('',(-0.,0.,-1.));
#13599 = DIRECTION('',(-0.,-1.,0.));
#13600 = FACE_BOUND('',#13601,.T.);
#13601 = EDGE_LOOP('',(#13602));
#13602 = ORIENTED_EDGE('',*,*,#13603,.T.);
#13603 = EDGE_CURVE('',#13604,#13604,#13606,.T.);
#13604 = VERTEX_POINT('',#13605);
#13605 = CARTESIAN_POINT('',(151.13,-75.9714,1.51));
#13606 = CIRCLE('',#13607,0.4064);
#13607 = AXIS2_PLACEMENT_3D('',#13608,#13609,#13610);
#13608 = CARTESIAN_POINT('',(151.13,-75.565,1.51));
#13609 = DIRECTION('',(-0.,0.,-1.));
#13610 = DIRECTION('',(-0.,-1.,0.));
#13611 = FACE_BOUND('',#13612,.T.);
#13612 = EDGE_LOOP('',(#13613));
#13613 = ORIENTED_EDGE('',*,*,#13614,.T.);
#13614 = EDGE_CURVE('',#13615,#13615,#13617,.T.);
#13615 = VERTEX_POINT('',#13616);
#13616 = CARTESIAN_POINT('',(140.97,-72.5424,1.51));
#13617 = CIRCLE('',#13618,0.4064);
#13618 = AXIS2_PLACEMENT_3D('',#13619,#13620,#13621);
#13619 = CARTESIAN_POINT('',(140.97,-72.136,1.51));
#13620 = DIRECTION('',(-0.,0.,-1.));
#13621 = DIRECTION('',(-0.,-1.,0.));
#13622 = FACE_BOUND('',#13623,.T.);
#13623 = EDGE_LOOP('',(#13624));
#13624 = ORIENTED_EDGE('',*,*,#13625,.T.);
#13625 = EDGE_CURVE('',#13626,#13626,#13628,.T.);
#13626 = VERTEX_POINT('',#13627);
#13627 = CARTESIAN_POINT('',(141.478,-69.2404,1.51));
#13628 = CIRCLE('',#13629,0.4064);
#13629 = AXIS2_PLACEMENT_3D('',#13630,#13631,#13632);
#13630 = CARTESIAN_POINT('',(141.478,-68.834,1.51));
#13631 = DIRECTION('',(-0.,0.,-1.));
#13632 = DIRECTION('',(-0.,-1.,0.));
#13633 = FACE_BOUND('',#13634,.T.);
#13634 = EDGE_LOOP('',(#13635));
#13635 = ORIENTED_EDGE('',*,*,#13636,.T.);
#13636 = EDGE_CURVE('',#13637,#13637,#13639,.T.);
#13637 = VERTEX_POINT('',#13638);
#13638 = CARTESIAN_POINT('',(151.13,-72.5424,1.51));
#13639 = CIRCLE('',#13640,0.4064);
#13640 = AXIS2_PLACEMENT_3D('',#13641,#13642,#13643);
#13641 = CARTESIAN_POINT('',(151.13,-72.136,1.51));
#13642 = DIRECTION('',(-0.,0.,-1.));
#13643 = DIRECTION('',(-0.,-1.,0.));
#13644 = FACE_BOUND('',#13645,.T.);
#13645 = EDGE_LOOP('',(#13646));
#13646 = ORIENTED_EDGE('',*,*,#13647,.T.);
#13647 = EDGE_CURVE('',#13648,#13648,#13650,.T.);
#13648 = VERTEX_POINT('',#13649);
#13649 = CARTESIAN_POINT('',(149.098,-69.2404,1.51));
#13650 = CIRCLE('',#13651,0.4064);
#13651 = AXIS2_PLACEMENT_3D('',#13652,#13653,#13654);
#13652 = CARTESIAN_POINT('',(149.098,-68.834,1.51));
#13653 = DIRECTION('',(-0.,0.,-1.));
#13654 = DIRECTION('',(-0.,-1.,0.));
#13655 = FACE_BOUND('',#13656,.T.);
#13656 = EDGE_LOOP('',(#13657));
#13657 = ORIENTED_EDGE('',*,*,#13658,.T.);
#13658 = EDGE_CURVE('',#13659,#13659,#13661,.T.);
#13659 = VERTEX_POINT('',#13660);
#13660 = CARTESIAN_POINT('',(140.97,-65.6844,1.51));
#13661 = CIRCLE('',#13662,0.4064);
#13662 = AXIS2_PLACEMENT_3D('',#13663,#13664,#13665);
#13663 = CARTESIAN_POINT('',(140.97,-65.278,1.51));
#13664 = DIRECTION('',(-0.,0.,-1.));
#13665 = DIRECTION('',(-0.,-1.,0.));
#13666 = FACE_BOUND('',#13667,.T.);
#13667 = EDGE_LOOP('',(#13668));
#13668 = ORIENTED_EDGE('',*,*,#13669,.T.);
#13669 = EDGE_CURVE('',#13670,#13670,#13672,.T.);
#13670 = VERTEX_POINT('',#13671);
#13671 = CARTESIAN_POINT('',(148.59,-65.6844,1.51));
#13672 = CIRCLE('',#13673,0.4064);
#13673 = AXIS2_PLACEMENT_3D('',#13674,#13675,#13676);
#13674 = CARTESIAN_POINT('',(148.59,-65.278,1.51));
#13675 = DIRECTION('',(-0.,0.,-1.));
#13676 = DIRECTION('',(-0.,-1.,0.));
#13677 = FACE_BOUND('',#13678,.T.);
#13678 = EDGE_LOOP('',(#13679));
#13679 = ORIENTED_EDGE('',*,*,#13680,.T.);
#13680 = EDGE_CURVE('',#13681,#13681,#13683,.T.);
#13681 = VERTEX_POINT('',#13682);
#13682 = CARTESIAN_POINT('',(146.05,-60.9854,1.51));
#13683 = CIRCLE('',#13684,0.4064);
#13684 = AXIS2_PLACEMENT_3D('',#13685,#13686,#13687);
#13685 = CARTESIAN_POINT('',(146.05,-60.579,1.51));
#13686 = DIRECTION('',(-0.,0.,-1.));
#13687 = DIRECTION('',(-0.,-1.,0.));
#13688 = FACE_BOUND('',#13689,.T.);
#13689 = EDGE_LOOP('',(#13690));
#13690 = ORIENTED_EDGE('',*,*,#13691,.T.);
#13691 = EDGE_CURVE('',#13692,#13692,#13694,.T.);
#13692 = VERTEX_POINT('',#13693);
#13693 = CARTESIAN_POINT('',(148.59,-60.9854,1.51));
#13694 = CIRCLE('',#13695,0.4064);
#13695 = AXIS2_PLACEMENT_3D('',#13696,#13697,#13698);
#13696 = CARTESIAN_POINT('',(148.59,-60.579,1.51));
#13697 = DIRECTION('',(-0.,0.,-1.));
#13698 = DIRECTION('',(-0.,-1.,0.));
#13699 = FACE_BOUND('',#13700,.T.);
#13700 = EDGE_LOOP('',(#13701));
#13701 = ORIENTED_EDGE('',*,*,#13702,.T.);
#13702 = EDGE_CURVE('',#13703,#13703,#13705,.T.);
#13703 = VERTEX_POINT('',#13704);
#13704 = CARTESIAN_POINT('',(151.13,-60.9854,1.51));
#13705 = CIRCLE('',#13706,0.4064);
#13706 = AXIS2_PLACEMENT_3D('',#13707,#13708,#13709);
#13707 = CARTESIAN_POINT('',(151.13,-60.579,1.51));
#13708 = DIRECTION('',(-0.,0.,-1.));
#13709 = DIRECTION('',(-0.,-1.,0.));
#13710 = FACE_BOUND('',#13711,.T.);
#13711 = EDGE_LOOP('',(#13712));
#13712 = ORIENTED_EDGE('',*,*,#13713,.T.);
#13713 = EDGE_CURVE('',#13714,#13714,#13716,.T.);
#13714 = VERTEX_POINT('',#13715);
#13715 = CARTESIAN_POINT('',(29.21,-55.1434,1.51));
#13716 = CIRCLE('',#13717,0.4064);
#13717 = AXIS2_PLACEMENT_3D('',#13718,#13719,#13720);
#13718 = CARTESIAN_POINT('',(29.21,-54.737,1.51));
#13719 = DIRECTION('',(-0.,0.,-1.));
#13720 = DIRECTION('',(-0.,-1.,0.));
#13721 = FACE_BOUND('',#13722,.T.);
#13722 = EDGE_LOOP('',(#13723));
#13723 = ORIENTED_EDGE('',*,*,#13724,.T.);
#13724 = EDGE_CURVE('',#13725,#13725,#13727,.T.);
#13725 = VERTEX_POINT('',#13726);
#13726 = CARTESIAN_POINT('',(36.83,-55.1434,1.51));
#13727 = CIRCLE('',#13728,0.4064);
#13728 = AXIS2_PLACEMENT_3D('',#13729,#13730,#13731);
#13729 = CARTESIAN_POINT('',(36.83,-54.737,1.51));
#13730 = DIRECTION('',(-0.,0.,-1.));
#13731 = DIRECTION('',(-0.,-1.,0.));
#13732 = FACE_BOUND('',#13733,.T.);
#13733 = EDGE_LOOP('',(#13734));
#13734 = ORIENTED_EDGE('',*,*,#13735,.T.);
#13735 = EDGE_CURVE('',#13736,#13736,#13738,.T.);
#13736 = VERTEX_POINT('',#13737);
#13737 = CARTESIAN_POINT('',(26.67,-51.3334,1.51));
#13738 = CIRCLE('',#13739,0.4064);
#13739 = AXIS2_PLACEMENT_3D('',#13740,#13741,#13742);
#13740 = CARTESIAN_POINT('',(26.67,-50.927,1.51));
#13741 = DIRECTION('',(-0.,0.,-1.));
#13742 = DIRECTION('',(-0.,-1.,0.));
#13743 = FACE_BOUND('',#13744,.T.);
#13744 = EDGE_LOOP('',(#13745));
#13745 = ORIENTED_EDGE('',*,*,#13746,.T.);
#13746 = EDGE_CURVE('',#13747,#13747,#13749,.T.);
#13747 = VERTEX_POINT('',#13748);
#13748 = CARTESIAN_POINT('',(29.21,-51.3334,1.51));
#13749 = CIRCLE('',#13750,0.4064);
#13750 = AXIS2_PLACEMENT_3D('',#13751,#13752,#13753);
#13751 = CARTESIAN_POINT('',(29.21,-50.927,1.51));
#13752 = DIRECTION('',(-0.,0.,-1.));
#13753 = DIRECTION('',(-0.,-1.,0.));
#13754 = FACE_BOUND('',#13755,.T.);
#13755 = EDGE_LOOP('',(#13756));
#13756 = ORIENTED_EDGE('',*,*,#13757,.T.);
#13757 = EDGE_CURVE('',#13758,#13758,#13760,.T.);
#13758 = VERTEX_POINT('',#13759);
#13759 = CARTESIAN_POINT('',(31.75,-51.3334,1.51));
#13760 = CIRCLE('',#13761,0.4064);
#13761 = AXIS2_PLACEMENT_3D('',#13762,#13763,#13764);
#13762 = CARTESIAN_POINT('',(31.75,-50.927,1.51));
#13763 = DIRECTION('',(-0.,0.,-1.));
#13764 = DIRECTION('',(-0.,-1.,0.));
#13765 = FACE_BOUND('',#13766,.T.);
#13766 = EDGE_LOOP('',(#13767));
#13767 = ORIENTED_EDGE('',*,*,#13768,.T.);
#13768 = EDGE_CURVE('',#13769,#13769,#13771,.T.);
#13769 = VERTEX_POINT('',#13770);
#13770 = CARTESIAN_POINT('',(29.21,-46.7614,1.51));
#13771 = CIRCLE('',#13772,0.4064);
#13772 = AXIS2_PLACEMENT_3D('',#13773,#13774,#13775);
#13773 = CARTESIAN_POINT('',(29.21,-46.355,1.51));
#13774 = DIRECTION('',(-0.,0.,-1.));
#13775 = DIRECTION('',(-0.,-1.,0.));
#13776 = FACE_BOUND('',#13777,.T.);
#13777 = EDGE_LOOP('',(#13778));
#13778 = ORIENTED_EDGE('',*,*,#13779,.T.);
#13779 = EDGE_CURVE('',#13780,#13780,#13782,.T.);
#13780 = VERTEX_POINT('',#13781);
#13781 = CARTESIAN_POINT('',(36.83,-46.7614,1.51));
#13782 = CIRCLE('',#13783,0.4064);
#13783 = AXIS2_PLACEMENT_3D('',#13784,#13785,#13786);
#13784 = CARTESIAN_POINT('',(36.83,-46.355,1.51));
#13785 = DIRECTION('',(-0.,0.,-1.));
#13786 = DIRECTION('',(-0.,-1.,0.));
#13787 = FACE_BOUND('',#13788,.T.);
#13788 = EDGE_LOOP('',(#13789));
#13789 = ORIENTED_EDGE('',*,*,#13790,.T.);
#13790 = EDGE_CURVE('',#13791,#13791,#13793,.T.);
#13791 = VERTEX_POINT('',#13792);
#13792 = CARTESIAN_POINT('',(26.67,-43.0574,1.51));
#13793 = CIRCLE('',#13794,0.4064);
#13794 = AXIS2_PLACEMENT_3D('',#13795,#13796,#13797);
#13795 = CARTESIAN_POINT('',(26.67,-42.651,1.51));
#13796 = DIRECTION('',(-0.,0.,-1.));
#13797 = DIRECTION('',(-0.,-1.,0.));
#13798 = FACE_BOUND('',#13799,.T.);
#13799 = EDGE_LOOP('',(#13800));
#13800 = ORIENTED_EDGE('',*,*,#13801,.T.);
#13801 = EDGE_CURVE('',#13802,#13802,#13804,.T.);
#13802 = VERTEX_POINT('',#13803);
#13803 = CARTESIAN_POINT('',(29.21,-43.0574,1.51));
#13804 = CIRCLE('',#13805,0.4064);
#13805 = AXIS2_PLACEMENT_3D('',#13806,#13807,#13808);
#13806 = CARTESIAN_POINT('',(29.21,-42.651,1.51));
#13807 = DIRECTION('',(-0.,0.,-1.));
#13808 = DIRECTION('',(-0.,-1.,0.));
#13809 = FACE_BOUND('',#13810,.T.);
#13810 = EDGE_LOOP('',(#13811));
#13811 = ORIENTED_EDGE('',*,*,#13812,.T.);
#13812 = EDGE_CURVE('',#13813,#13813,#13815,.T.);
#13813 = VERTEX_POINT('',#13814);
#13814 = CARTESIAN_POINT('',(31.75,-43.0574,1.51));
#13815 = CIRCLE('',#13816,0.4064);
#13816 = AXIS2_PLACEMENT_3D('',#13817,#13818,#13819);
#13817 = CARTESIAN_POINT('',(31.75,-42.651,1.51));
#13818 = DIRECTION('',(-0.,0.,-1.));
#13819 = DIRECTION('',(-0.,-1.,0.));
#13820 = FACE_BOUND('',#13821,.T.);
#13821 = EDGE_LOOP('',(#13822));
#13822 = ORIENTED_EDGE('',*,*,#13823,.T.);
#13823 = EDGE_CURVE('',#13824,#13824,#13826,.T.);
#13824 = VERTEX_POINT('',#13825);
#13825 = CARTESIAN_POINT('',(29.25,-38.2524,1.51));
#13826 = CIRCLE('',#13827,0.4064);
#13827 = AXIS2_PLACEMENT_3D('',#13828,#13829,#13830);
#13828 = CARTESIAN_POINT('',(29.25,-37.846,1.51));
#13829 = DIRECTION('',(-0.,0.,-1.));
#13830 = DIRECTION('',(-0.,-1.,0.));
#13831 = FACE_BOUND('',#13832,.T.);
#13832 = EDGE_LOOP('',(#13833));
#13833 = ORIENTED_EDGE('',*,*,#13834,.T.);
#13834 = EDGE_CURVE('',#13835,#13835,#13837,.T.);
#13835 = VERTEX_POINT('',#13836);
#13836 = CARTESIAN_POINT('',(34.25,-38.2524,1.51));
#13837 = CIRCLE('',#13838,0.4064);
#13838 = AXIS2_PLACEMENT_3D('',#13839,#13840,#13841);
#13839 = CARTESIAN_POINT('',(34.25,-37.846,1.51));
#13840 = DIRECTION('',(-0.,0.,-1.));
#13841 = DIRECTION('',(-0.,-1.,0.));
#13842 = FACE_BOUND('',#13843,.T.);
#13843 = EDGE_LOOP('',(#13844));
#13844 = ORIENTED_EDGE('',*,*,#13845,.T.);
#13845 = EDGE_CURVE('',#13846,#13846,#13848,.T.);
#13846 = VERTEX_POINT('',#13847);
#13847 = CARTESIAN_POINT('',(26.67,-34.8234,1.51));
#13848 = CIRCLE('',#13849,0.4064);
#13849 = AXIS2_PLACEMENT_3D('',#13850,#13851,#13852);
#13850 = CARTESIAN_POINT('',(26.67,-34.417,1.51));
#13851 = DIRECTION('',(-0.,0.,-1.));
#13852 = DIRECTION('',(-0.,-1.,0.));
#13853 = FACE_BOUND('',#13854,.T.);
#13854 = EDGE_LOOP('',(#13855));
#13855 = ORIENTED_EDGE('',*,*,#13856,.T.);
#13856 = EDGE_CURVE('',#13857,#13857,#13859,.T.);
#13857 = VERTEX_POINT('',#13858);
#13858 = CARTESIAN_POINT('',(36.83,-34.8234,1.51));
#13859 = CIRCLE('',#13860,0.4064);
#13860 = AXIS2_PLACEMENT_3D('',#13861,#13862,#13863);
#13861 = CARTESIAN_POINT('',(36.83,-34.417,1.51));
#13862 = DIRECTION('',(-0.,0.,-1.));
#13863 = DIRECTION('',(-0.,-1.,0.));
#13864 = FACE_BOUND('',#13865,.T.);
#13865 = EDGE_LOOP('',(#13866));
#13866 = ORIENTED_EDGE('',*,*,#13867,.T.);
#13867 = EDGE_CURVE('',#13868,#13868,#13870,.T.);
#13868 = VERTEX_POINT('',#13869);
#13869 = CARTESIAN_POINT('',(29.21,-30.81,1.51));
#13870 = CIRCLE('',#13871,1.6);
#13871 = AXIS2_PLACEMENT_3D('',#13872,#13873,#13874);
#13872 = CARTESIAN_POINT('',(29.21,-29.21,1.51));
#13873 = DIRECTION('',(-0.,0.,-1.));
#13874 = DIRECTION('',(-0.,-1.,0.));
#13875 = FACE_BOUND('',#13876,.T.);
#13876 = EDGE_LOOP('',(#13877));
#13877 = ORIENTED_EDGE('',*,*,#13878,.T.);
#13878 = EDGE_CURVE('',#13879,#13879,#13881,.T.);
#13879 = VERTEX_POINT('',#13880);
#13880 = CARTESIAN_POINT('',(34.885,-29.6214,1.51));
#13881 = CIRCLE('',#13882,0.4064);
#13882 = AXIS2_PLACEMENT_3D('',#13883,#13884,#13885);
#13883 = CARTESIAN_POINT('',(34.885,-29.215,1.51));
#13884 = DIRECTION('',(-0.,0.,-1.));
#13885 = DIRECTION('',(-1.748382715945E-14,-1.,0.));
#13886 = FACE_BOUND('',#13887,.T.);
#13887 = EDGE_LOOP('',(#13888));
#13888 = ORIENTED_EDGE('',*,*,#13889,.T.);
#13889 = EDGE_CURVE('',#13890,#13890,#13892,.T.);
#13890 = VERTEX_POINT('',#13891);
#13891 = CARTESIAN_POINT('',(34.885,-27.0814,1.51));
#13892 = CIRCLE('',#13893,0.4064);
#13893 = AXIS2_PLACEMENT_3D('',#13894,#13895,#13896);
#13894 = CARTESIAN_POINT('',(34.885,-26.675,1.51));
#13895 = DIRECTION('',(-0.,0.,-1.));
#13896 = DIRECTION('',(-1.748382715945E-14,-1.,0.));
#13897 = FACE_BOUND('',#13898,.T.);
#13898 = EDGE_LOOP('',(#13899));
#13899 = ORIENTED_EDGE('',*,*,#13900,.T.);
#13900 = EDGE_CURVE('',#13901,#13901,#13903,.T.);
#13901 = VERTEX_POINT('',#13902);
#13902 = CARTESIAN_POINT('',(140.97,-57.0484,1.51));
#13903 = CIRCLE('',#13904,0.4064);
#13904 = AXIS2_PLACEMENT_3D('',#13905,#13906,#13907);
#13905 = CARTESIAN_POINT('',(140.97,-56.642,1.51));
#13906 = DIRECTION('',(-0.,0.,-1.));
#13907 = DIRECTION('',(-0.,-1.,0.));
#13908 = FACE_BOUND('',#13909,.T.);
#13909 = EDGE_LOOP('',(#13910));
#13910 = ORIENTED_EDGE('',*,*,#13911,.T.);
#13911 = EDGE_CURVE('',#13912,#13912,#13914,.T.);
#13912 = VERTEX_POINT('',#13913);
#13913 = CARTESIAN_POINT('',(148.59,-57.0484,1.51));
#13914 = CIRCLE('',#13915,0.4064);
#13915 = AXIS2_PLACEMENT_3D('',#13916,#13917,#13918);
#13916 = CARTESIAN_POINT('',(148.59,-56.642,1.51));
#13917 = DIRECTION('',(-0.,0.,-1.));
#13918 = DIRECTION('',(-0.,-1.,0.));
#13919 = FACE_BOUND('',#13920,.T.);
#13920 = EDGE_LOOP('',(#13921));
#13921 = ORIENTED_EDGE('',*,*,#13922,.T.);
#13922 = EDGE_CURVE('',#13923,#13923,#13925,.T.);
#13923 = VERTEX_POINT('',#13924);
#13924 = CARTESIAN_POINT('',(143.59,-53.6194,1.51));
#13925 = CIRCLE('',#13926,0.4064);
#13926 = AXIS2_PLACEMENT_3D('',#13927,#13928,#13929);
#13927 = CARTESIAN_POINT('',(143.59,-53.213,1.51));
#13928 = DIRECTION('',(-0.,0.,-1.));
#13929 = DIRECTION('',(-0.,-1.,0.));
#13930 = FACE_BOUND('',#13931,.T.);
#13931 = EDGE_LOOP('',(#13932));
#13932 = ORIENTED_EDGE('',*,*,#13933,.T.);
#13933 = EDGE_CURVE('',#13934,#13934,#13936,.T.);
#13934 = VERTEX_POINT('',#13935);
#13935 = CARTESIAN_POINT('',(148.59,-53.6194,1.51));
#13936 = CIRCLE('',#13937,0.4064);
#13937 = AXIS2_PLACEMENT_3D('',#13938,#13939,#13940);
#13938 = CARTESIAN_POINT('',(148.59,-53.213,1.51));
#13939 = DIRECTION('',(-0.,0.,-1.));
#13940 = DIRECTION('',(-0.,-1.,0.));
#13941 = FACE_BOUND('',#13942,.T.);
#13942 = EDGE_LOOP('',(#13943));
#13943 = ORIENTED_EDGE('',*,*,#13944,.T.);
#13944 = EDGE_CURVE('',#13945,#13945,#13947,.T.);
#13945 = VERTEX_POINT('',#13946);
#13946 = CARTESIAN_POINT('',(140.97,-50.1904,1.51));
#13947 = CIRCLE('',#13948,0.4064);
#13948 = AXIS2_PLACEMENT_3D('',#13949,#13950,#13951);
#13949 = CARTESIAN_POINT('',(140.97,-49.784,1.51));
#13950 = DIRECTION('',(-0.,0.,-1.));
#13951 = DIRECTION('',(-0.,-1.,0.));
#13952 = FACE_BOUND('',#13953,.T.);
#13953 = EDGE_LOOP('',(#13954));
#13954 = ORIENTED_EDGE('',*,*,#13955,.T.);
#13955 = EDGE_CURVE('',#13956,#13956,#13958,.T.);
#13956 = VERTEX_POINT('',#13957);
#13957 = CARTESIAN_POINT('',(148.59,-50.1904,1.51));
#13958 = CIRCLE('',#13959,0.4064);
#13959 = AXIS2_PLACEMENT_3D('',#13960,#13961,#13962);
#13960 = CARTESIAN_POINT('',(148.59,-49.784,1.51));
#13961 = DIRECTION('',(-0.,0.,-1.));
#13962 = DIRECTION('',(-0.,-1.,0.));
#13963 = FACE_BOUND('',#13964,.T.);
#13964 = EDGE_LOOP('',(#13965));
#13965 = ORIENTED_EDGE('',*,*,#13966,.T.);
#13966 = EDGE_CURVE('',#13967,#13967,#13969,.T.);
#13967 = VERTEX_POINT('',#13968);
#13968 = CARTESIAN_POINT('',(146.05,-45.6394,1.51));
#13969 = CIRCLE('',#13970,0.4064);
#13970 = AXIS2_PLACEMENT_3D('',#13971,#13972,#13973);
#13971 = CARTESIAN_POINT('',(146.05,-45.233,1.51));
#13972 = DIRECTION('',(-0.,0.,-1.));
#13973 = DIRECTION('',(-0.,-1.,0.));
#13974 = FACE_BOUND('',#13975,.T.);
#13975 = EDGE_LOOP('',(#13976));
#13976 = ORIENTED_EDGE('',*,*,#13977,.T.);
#13977 = EDGE_CURVE('',#13978,#13978,#13980,.T.);
#13978 = VERTEX_POINT('',#13979);
#13979 = CARTESIAN_POINT('',(148.59,-45.6394,1.51));
#13980 = CIRCLE('',#13981,0.4064);
#13981 = AXIS2_PLACEMENT_3D('',#13982,#13983,#13984);
#13982 = CARTESIAN_POINT('',(148.59,-45.233,1.51));
#13983 = DIRECTION('',(-0.,0.,-1.));
#13984 = DIRECTION('',(-0.,-1.,0.));
#13985 = FACE_BOUND('',#13986,.T.);
#13986 = EDGE_LOOP('',(#13987));
#13987 = ORIENTED_EDGE('',*,*,#13988,.T.);
#13988 = EDGE_CURVE('',#13989,#13989,#13991,.T.);
#13989 = VERTEX_POINT('',#13990);
#13990 = CARTESIAN_POINT('',(151.13,-45.6394,1.51));
#13991 = CIRCLE('',#13992,0.4064);
#13992 = AXIS2_PLACEMENT_3D('',#13993,#13994,#13995);
#13993 = CARTESIAN_POINT('',(151.13,-45.233,1.51));
#13994 = DIRECTION('',(-0.,0.,-1.));
#13995 = DIRECTION('',(-0.,-1.,0.));
#13996 = FACE_BOUND('',#13997,.T.);
#13997 = EDGE_LOOP('',(#13998));
#13998 = ORIENTED_EDGE('',*,*,#13999,.T.);
#13999 = EDGE_CURVE('',#14000,#14000,#14002,.T.);
#14000 = VERTEX_POINT('',#14001);
#14001 = CARTESIAN_POINT('',(140.97,-41.8084,1.51));
#14002 = CIRCLE('',#14003,0.4064);
#14003 = AXIS2_PLACEMENT_3D('',#14004,#14005,#14006);
#14004 = CARTESIAN_POINT('',(140.97,-41.402,1.51));
#14005 = DIRECTION('',(-0.,0.,-1.));
#14006 = DIRECTION('',(-0.,-1.,0.));
#14007 = FACE_BOUND('',#14008,.T.);
#14008 = EDGE_LOOP('',(#14009));
#14009 = ORIENTED_EDGE('',*,*,#14010,.T.);
#14010 = EDGE_CURVE('',#14011,#14011,#14013,.T.);
#14011 = VERTEX_POINT('',#14012);
#14012 = CARTESIAN_POINT('',(148.59,-41.8084,1.51));
#14013 = CIRCLE('',#14014,0.4064);
#14014 = AXIS2_PLACEMENT_3D('',#14015,#14016,#14017);
#14015 = CARTESIAN_POINT('',(148.59,-41.402,1.51));
#14016 = DIRECTION('',(-0.,0.,-1.));
#14017 = DIRECTION('',(-0.,-1.,0.));
#14018 = FACE_BOUND('',#14019,.T.);
#14019 = EDGE_LOOP('',(#14020));
#14020 = ORIENTED_EDGE('',*,*,#14021,.T.);
#14021 = EDGE_CURVE('',#14022,#14022,#14024,.T.);
#14022 = VERTEX_POINT('',#14023);
#14023 = CARTESIAN_POINT('',(143.51,-38.5064,1.51));
#14024 = CIRCLE('',#14025,0.4064);
#14025 = AXIS2_PLACEMENT_3D('',#14026,#14027,#14028);
#14026 = CARTESIAN_POINT('',(143.51,-38.1,1.51));
#14027 = DIRECTION('',(-0.,0.,-1.));
#14028 = DIRECTION('',(-0.,-1.,0.));
#14029 = FACE_BOUND('',#14030,.T.);
#14030 = EDGE_LOOP('',(#14031));
#14031 = ORIENTED_EDGE('',*,*,#14032,.T.);
#14032 = EDGE_CURVE('',#14033,#14033,#14035,.T.);
#14033 = VERTEX_POINT('',#14034);
#14034 = CARTESIAN_POINT('',(143.51,-35.0774,1.51));
#14035 = CIRCLE('',#14036,0.4064);
#14036 = AXIS2_PLACEMENT_3D('',#14037,#14038,#14039);
#14037 = CARTESIAN_POINT('',(143.51,-34.671,1.51));
#14038 = DIRECTION('',(-0.,0.,-1.));
#14039 = DIRECTION('',(-0.,-1.,0.));
#14040 = FACE_BOUND('',#14041,.T.);
#14041 = EDGE_LOOP('',(#14042));
#14042 = ORIENTED_EDGE('',*,*,#14043,.T.);
#14043 = EDGE_CURVE('',#14044,#14044,#14046,.T.);
#14044 = VERTEX_POINT('',#14045);
#14045 = CARTESIAN_POINT('',(148.51,-38.5064,1.51));
#14046 = CIRCLE('',#14047,0.4064);
#14047 = AXIS2_PLACEMENT_3D('',#14048,#14049,#14050);
#14048 = CARTESIAN_POINT('',(148.51,-38.1,1.51));
#14049 = DIRECTION('',(-0.,0.,-1.));
#14050 = DIRECTION('',(-0.,-1.,0.));
#14051 = FACE_BOUND('',#14052,.T.);
#14052 = EDGE_LOOP('',(#14053));
#14053 = ORIENTED_EDGE('',*,*,#14054,.T.);
#14054 = EDGE_CURVE('',#14055,#14055,#14057,.T.);
#14055 = VERTEX_POINT('',#14056);
#14056 = CARTESIAN_POINT('',(151.13,-35.0774,1.51));
#14057 = CIRCLE('',#14058,0.4064);
#14058 = AXIS2_PLACEMENT_3D('',#14059,#14060,#14061);
#14059 = CARTESIAN_POINT('',(151.13,-34.671,1.51));
#14060 = DIRECTION('',(-0.,0.,-1.));
#14061 = DIRECTION('',(-0.,-1.,0.));
#14062 = FACE_BOUND('',#14063,.T.);
#14063 = EDGE_LOOP('',(#14064));
#14064 = ORIENTED_EDGE('',*,*,#14065,.T.);
#14065 = EDGE_CURVE('',#14066,#14066,#14068,.T.);
#14066 = VERTEX_POINT('',#14067);
#14067 = CARTESIAN_POINT('',(142.915,-29.6876,1.51));
#14068 = CIRCLE('',#14069,0.4826);
#14069 = AXIS2_PLACEMENT_3D('',#14070,#14071,#14072);
#14070 = CARTESIAN_POINT('',(142.915,-29.205,1.51));
#14071 = DIRECTION('',(-0.,0.,-1.));
#14072 = DIRECTION('',(-5.889289148447E-14,-1.,0.));
#14073 = FACE_BOUND('',#14074,.T.);
#14074 = EDGE_LOOP('',(#14075));
#14075 = ORIENTED_EDGE('',*,*,#14076,.T.);
#14076 = EDGE_CURVE('',#14077,#14077,#14079,.T.);
#14077 = VERTEX_POINT('',#14078);
#14078 = CARTESIAN_POINT('',(142.915,-27.1476,1.51));
#14079 = CIRCLE('',#14080,0.4826);
#14080 = AXIS2_PLACEMENT_3D('',#14081,#14082,#14083);
#14081 = CARTESIAN_POINT('',(142.915,-26.665,1.51));
#14082 = DIRECTION('',(-0.,0.,-1.));
#14083 = DIRECTION('',(-5.889289148447E-14,-1.,0.));
#14084 = FACE_BOUND('',#14085,.T.);
#14085 = EDGE_LOOP('',(#14086));
#14086 = ORIENTED_EDGE('',*,*,#14087,.T.);
#14087 = EDGE_CURVE('',#14088,#14088,#14090,.T.);
#14088 = VERTEX_POINT('',#14089);
#14089 = CARTESIAN_POINT('',(148.59,-30.81,1.51));
#14090 = CIRCLE('',#14091,1.6);
#14091 = AXIS2_PLACEMENT_3D('',#14092,#14093,#14094);
#14092 = CARTESIAN_POINT('',(148.59,-29.21,1.51));
#14093 = DIRECTION('',(-0.,0.,-1.));
#14094 = DIRECTION('',(-0.,-1.,0.));
#14095 = PLANE('',#14096);
#14096 = AXIS2_PLACEMENT_3D('',#14097,#14098,#14099);
#14097 = CARTESIAN_POINT('',(0.,0.,1.51));
#14098 = DIRECTION('',(0.,0.,1.));
#14099 = DIRECTION('',(1.,0.,-0.));
#14100 = ADVANCED_FACE('',(#14101),#14112,.T.);
#14101 = FACE_BOUND('',#14102,.T.);
#14102 = EDGE_LOOP('',(#14103,#14109,#14110,#14111));
#14103 = ORIENTED_EDGE('',*,*,#14104,.T.);
#14104 = EDGE_CURVE('',#11147,#12627,#14105,.T.);
#14105 = LINE('',#14106,#14107);
#14106 = CARTESIAN_POINT('',(27.94,-25.4,0.));
#14107 = VECTOR('',#14108,1.);
#14108 = DIRECTION('',(0.,0.,1.));
#14109 = ORIENTED_EDGE('',*,*,#12626,.T.);
#14110 = ORIENTED_EDGE('',*,*,#11082,.F.);
#14111 = ORIENTED_EDGE('',*,*,#11146,.F.);
#14112 = PLANE('',#14113);
#14113 = AXIS2_PLACEMENT_3D('',#14114,#14115,#14116);
#14114 = CARTESIAN_POINT('',(27.94,-25.4,0.));
#14115 = DIRECTION('',(0.,1.,0.));
#14116 = DIRECTION('',(1.,0.,0.));
#14117 = ADVANCED_FACE('',(#14118),#14129,.F.);
#14118 = FACE_BOUND('',#14119,.T.);
#14119 = EDGE_LOOP('',(#14120,#14121,#14122,#14128));
#14120 = ORIENTED_EDGE('',*,*,#11122,.T.);
#14121 = ORIENTED_EDGE('',*,*,#12836,.T.);
#14122 = ORIENTED_EDGE('',*,*,#14123,.F.);
#14123 = EDGE_CURVE('',#11349,#12829,#14124,.T.);
#14124 = LINE('',#14125,#14126);
#14125 = CARTESIAN_POINT('',(139.7,-64.77,0.));
#14126 = VECTOR('',#14127,1.);
#14127 = DIRECTION('',(0.,0.,1.));
#14128 = ORIENTED_EDGE('',*,*,#11356,.F.);
#14129 = CYLINDRICAL_SURFACE('',#14130,3.809999441164);
#14130 = AXIS2_PLACEMENT_3D('',#14131,#14132,#14133);
#14131 = CARTESIAN_POINT('',(135.89000055883,-64.77000055883,0.));
#14132 = DIRECTION('',(-0.,-0.,-1.));
#14133 = DIRECTION('',(-1.466761014862E-07,-1.,0.));
#14134 = ADVANCED_FACE('',(#14135),#14146,.T.);
#14135 = FACE_BOUND('',#14136,.T.);
#14136 = EDGE_LOOP('',(#14137,#14143,#14144,#14145));
#14137 = ORIENTED_EDGE('',*,*,#14138,.T.);
#14138 = EDGE_CURVE('',#11155,#12635,#14139,.T.);
#14139 = LINE('',#14140,#14141);
#14140 = CARTESIAN_POINT('',(25.4,-27.94,0.));
#14141 = VECTOR('',#14142,1.);
#14142 = DIRECTION('',(0.,0.,1.));
#14143 = ORIENTED_EDGE('',*,*,#12634,.T.);
#14144 = ORIENTED_EDGE('',*,*,#14104,.F.);
#14145 = ORIENTED_EDGE('',*,*,#11154,.F.);
#14146 = CYLINDRICAL_SURFACE('',#14147,2.540000765514);
#14147 = AXIS2_PLACEMENT_3D('',#14148,#14149,#14150);
#14148 = CARTESIAN_POINT('',(27.940000765514,-27.94000076551,0.));
#14149 = DIRECTION('',(0.,0.,-1.));
#14150 = DIRECTION('',(-1.,3.013834460177E-07,0.));
#14151 = ADVANCED_FACE('',(#14152),#14163,.T.);
#14152 = FACE_BOUND('',#14153,.T.);
#14153 = EDGE_LOOP('',(#14154,#14155,#14156,#14162));
#14154 = ORIENTED_EDGE('',*,*,#14123,.T.);
#14155 = ORIENTED_EDGE('',*,*,#12828,.T.);
#14156 = ORIENTED_EDGE('',*,*,#14157,.F.);
#14157 = EDGE_CURVE('',#11341,#12821,#14158,.T.);
#14158 = LINE('',#14159,#14160);
#14159 = CARTESIAN_POINT('',(139.7,-25.4,0.));
#14160 = VECTOR('',#14161,1.);
#14161 = DIRECTION('',(0.,0.,1.));
#14162 = ORIENTED_EDGE('',*,*,#11348,.F.);
#14163 = PLANE('',#14164);
#14164 = AXIS2_PLACEMENT_3D('',#14165,#14166,#14167);
#14165 = CARTESIAN_POINT('',(139.7,-64.77,0.));
#14166 = DIRECTION('',(-1.,0.,0.));
#14167 = DIRECTION('',(0.,1.,0.));
#14168 = ADVANCED_FACE('',(#14169),#14180,.T.);
#14169 = FACE_BOUND('',#14170,.T.);
#14170 = EDGE_LOOP('',(#14171,#14177,#14178,#14179));
#14171 = ORIENTED_EDGE('',*,*,#14172,.T.);
#14172 = EDGE_CURVE('',#11164,#12644,#14173,.T.);
#14173 = LINE('',#14174,#14175);
#14174 = CARTESIAN_POINT('',(25.4,-62.23,0.));
#14175 = VECTOR('',#14176,1.);
#14176 = DIRECTION('',(0.,0.,1.));
#14177 = ORIENTED_EDGE('',*,*,#12643,.T.);
#14178 = ORIENTED_EDGE('',*,*,#14138,.F.);
#14179 = ORIENTED_EDGE('',*,*,#11163,.F.);
#14180 = PLANE('',#14181);
#14181 = AXIS2_PLACEMENT_3D('',#14182,#14183,#14184);
#14182 = CARTESIAN_POINT('',(25.4,-62.23,0.));
#14183 = DIRECTION('',(-1.,0.,0.));
#14184 = DIRECTION('',(0.,1.,0.));
#14185 = ADVANCED_FACE('',(#14186),#14197,.T.);
#14186 = FACE_BOUND('',#14187,.T.);
#14187 = EDGE_LOOP('',(#14188,#14189,#14190,#14196));
#14188 = ORIENTED_EDGE('',*,*,#14157,.T.);
#14189 = ORIENTED_EDGE('',*,*,#12820,.T.);
#14190 = ORIENTED_EDGE('',*,*,#14191,.F.);
#14191 = EDGE_CURVE('',#11332,#12812,#14192,.T.);
#14192 = LINE('',#14193,#14194);
#14193 = CARTESIAN_POINT('',(149.86,-25.4,0.));
#14194 = VECTOR('',#14195,1.);
#14195 = DIRECTION('',(0.,0.,1.));
#14196 = ORIENTED_EDGE('',*,*,#11340,.F.);
#14197 = PLANE('',#14198);
#14198 = AXIS2_PLACEMENT_3D('',#14199,#14200,#14201);
#14199 = CARTESIAN_POINT('',(139.7,-25.4,0.));
#14200 = DIRECTION('',(0.,1.,0.));
#14201 = DIRECTION('',(1.,0.,0.));
#14202 = ADVANCED_FACE('',(#14203),#14214,.T.);
#14203 = FACE_BOUND('',#14204,.T.);
#14204 = EDGE_LOOP('',(#14205,#14211,#14212,#14213));
#14205 = ORIENTED_EDGE('',*,*,#14206,.T.);
#14206 = EDGE_CURVE('',#11172,#12652,#14207,.T.);
#14207 = LINE('',#14208,#14209);
#14208 = CARTESIAN_POINT('',(25.4,-86.36,0.));
#14209 = VECTOR('',#14210,1.);
#14210 = DIRECTION('',(0.,0.,1.));
#14211 = ORIENTED_EDGE('',*,*,#12651,.T.);
#14212 = ORIENTED_EDGE('',*,*,#14172,.F.);
#14213 = ORIENTED_EDGE('',*,*,#11171,.F.);
#14214 = PLANE('',#14215);
#14215 = AXIS2_PLACEMENT_3D('',#14216,#14217,#14218);
#14216 = CARTESIAN_POINT('',(25.4,-86.36,0.));
#14217 = DIRECTION('',(-1.,0.,0.));
#14218 = DIRECTION('',(0.,1.,0.));
#14219 = ADVANCED_FACE('',(#14220),#14231,.T.);
#14220 = FACE_BOUND('',#14221,.T.);
#14221 = EDGE_LOOP('',(#14222,#14223,#14224,#14230));
#14222 = ORIENTED_EDGE('',*,*,#14191,.T.);
#14223 = ORIENTED_EDGE('',*,*,#12811,.T.);
#14224 = ORIENTED_EDGE('',*,*,#14225,.F.);
#14225 = EDGE_CURVE('',#11324,#12804,#14226,.T.);
#14226 = LINE('',#14227,#14228);
#14227 = CARTESIAN_POINT('',(152.4,-27.94,0.));
#14228 = VECTOR('',#14229,1.);
#14229 = DIRECTION('',(0.,0.,1.));
#14230 = ORIENTED_EDGE('',*,*,#11331,.F.);
#14231 = CYLINDRICAL_SURFACE('',#14232,2.540000765514);
#14232 = AXIS2_PLACEMENT_3D('',#14233,#14234,#14235);
#14233 = CARTESIAN_POINT('',(149.85999923448,-27.94000076551,0.));
#14234 = DIRECTION('',(0.,0.,-1.));
#14235 = DIRECTION('',(3.01383458606E-07,1.,0.));
#14236 = ADVANCED_FACE('',(#14237),#14248,.T.);
#14237 = FACE_BOUND('',#14238,.T.);
#14238 = EDGE_LOOP('',(#14239,#14245,#14246,#14247));
#14239 = ORIENTED_EDGE('',*,*,#14240,.T.);
#14240 = EDGE_CURVE('',#11180,#12660,#14241,.T.);
#14241 = LINE('',#14242,#14243);
#14242 = CARTESIAN_POINT('',(33.02,-93.98,0.));
#14243 = VECTOR('',#14244,1.);
#14244 = DIRECTION('',(0.,0.,1.));
#14245 = ORIENTED_EDGE('',*,*,#12659,.T.);
#14246 = ORIENTED_EDGE('',*,*,#14206,.F.);
#14247 = ORIENTED_EDGE('',*,*,#11179,.F.);
#14248 = CYLINDRICAL_SURFACE('',#14249,7.619998882328);
#14249 = AXIS2_PLACEMENT_3D('',#14250,#14251,#14252);
#14250 = CARTESIAN_POINT('',(33.019998882328,-86.36000111767,0.));
#14251 = DIRECTION('',(0.,0.,-1.));
#14252 = DIRECTION('',(1.46676091229E-07,-1.,0.));
#14253 = ADVANCED_FACE('',(#14254),#14265,.T.);
#14254 = FACE_BOUND('',#14255,.T.);
#14255 = EDGE_LOOP('',(#14256,#14257,#14258,#14264));
#14256 = ORIENTED_EDGE('',*,*,#14225,.T.);
#14257 = ORIENTED_EDGE('',*,*,#12803,.T.);
#14258 = ORIENTED_EDGE('',*,*,#14259,.F.);
#14259 = EDGE_CURVE('',#11315,#12795,#14260,.T.);
#14260 = LINE('',#14261,#14262);
#14261 = CARTESIAN_POINT('',(152.4,-86.36,0.));
#14262 = VECTOR('',#14263,1.);
#14263 = DIRECTION('',(0.,0.,1.));
#14264 = ORIENTED_EDGE('',*,*,#11323,.F.);
#14265 = PLANE('',#14266);
#14266 = AXIS2_PLACEMENT_3D('',#14267,#14268,#14269);
#14267 = CARTESIAN_POINT('',(152.4,-27.94,0.));
#14268 = DIRECTION('',(1.,0.,-0.));
#14269 = DIRECTION('',(0.,-1.,0.));
#14270 = ADVANCED_FACE('',(#14271),#14282,.T.);
#14271 = FACE_BOUND('',#14272,.T.);
#14272 = EDGE_LOOP('',(#14273,#14279,#14280,#14281));
#14273 = ORIENTED_EDGE('',*,*,#14274,.T.);
#14274 = EDGE_CURVE('',#11189,#12669,#14275,.T.);
#14275 = LINE('',#14276,#14277);
#14276 = CARTESIAN_POINT('',(62.738,-93.98,0.));
#14277 = VECTOR('',#14278,1.);
#14278 = DIRECTION('',(0.,0.,1.));
#14279 = ORIENTED_EDGE('',*,*,#12668,.T.);
#14280 = ORIENTED_EDGE('',*,*,#14240,.F.);
#14281 = ORIENTED_EDGE('',*,*,#11188,.F.);
#14282 = PLANE('',#14283);
#14283 = AXIS2_PLACEMENT_3D('',#14284,#14285,#14286);
#14284 = CARTESIAN_POINT('',(62.738,-93.98,0.));
#14285 = DIRECTION('',(0.,-1.,0.));
#14286 = DIRECTION('',(-1.,0.,0.));
#14287 = ADVANCED_FACE('',(#14288),#14299,.T.);
#14288 = FACE_BOUND('',#14289,.T.);
#14289 = EDGE_LOOP('',(#14290,#14291,#14292,#14298));
#14290 = ORIENTED_EDGE('',*,*,#14259,.T.);
#14291 = ORIENTED_EDGE('',*,*,#12794,.T.);
#14292 = ORIENTED_EDGE('',*,*,#14293,.F.);
#14293 = EDGE_CURVE('',#11307,#12787,#14294,.T.);
#14294 = LINE('',#14295,#14296);
#14295 = CARTESIAN_POINT('',(144.78,-93.98,0.));
#14296 = VECTOR('',#14297,1.);
#14297 = DIRECTION('',(0.,0.,1.));
#14298 = ORIENTED_EDGE('',*,*,#11314,.F.);
#14299 = CYLINDRICAL_SURFACE('',#14300,7.619998882328);
#14300 = AXIS2_PLACEMENT_3D('',#14301,#14302,#14303);
#14301 = CARTESIAN_POINT('',(144.78000111767,-86.36000111767,0.));
#14302 = DIRECTION('',(0.,0.,-1.));
#14303 = DIRECTION('',(1.,1.466760884316E-07,0.));
#14304 = ADVANCED_FACE('',(#14305),#14316,.T.);
#14305 = FACE_BOUND('',#14306,.T.);
#14306 = EDGE_LOOP('',(#14307,#14313,#14314,#14315));
#14307 = ORIENTED_EDGE('',*,*,#14308,.T.);
#14308 = EDGE_CURVE('',#11197,#12677,#14309,.T.);
#14309 = LINE('',#14310,#14311);
#14310 = CARTESIAN_POINT('',(62.738,-92.964,0.));
#14311 = VECTOR('',#14312,1.);
#14312 = DIRECTION('',(0.,0.,1.));
#14313 = ORIENTED_EDGE('',*,*,#12676,.T.);
#14314 = ORIENTED_EDGE('',*,*,#14274,.F.);
#14315 = ORIENTED_EDGE('',*,*,#11196,.F.);
#14316 = PLANE('',#14317);
#14317 = AXIS2_PLACEMENT_3D('',#14318,#14319,#14320);
#14318 = CARTESIAN_POINT('',(62.738,-92.964,0.));
#14319 = DIRECTION('',(1.,0.,-0.));
#14320 = DIRECTION('',(0.,-1.,0.));
#14321 = ADVANCED_FACE('',(#14322),#14333,.T.);
#14322 = FACE_BOUND('',#14323,.T.);
#14323 = EDGE_LOOP('',(#14324,#14325,#14326,#14332));
#14324 = ORIENTED_EDGE('',*,*,#14293,.T.);
#14325 = ORIENTED_EDGE('',*,*,#12786,.T.);
#14326 = ORIENTED_EDGE('',*,*,#14327,.F.);
#14327 = EDGE_CURVE('',#11298,#12778,#14328,.T.);
#14328 = LINE('',#14329,#14330);
#14329 = CARTESIAN_POINT('',(98.552,-93.98,0.));
#14330 = VECTOR('',#14331,1.);
#14331 = DIRECTION('',(0.,0.,1.));
#14332 = ORIENTED_EDGE('',*,*,#11306,.F.);
#14333 = PLANE('',#14334);
#14334 = AXIS2_PLACEMENT_3D('',#14335,#14336,#14337);
#14335 = CARTESIAN_POINT('',(144.78,-93.98,0.));
#14336 = DIRECTION('',(0.,-1.,0.));
#14337 = DIRECTION('',(-1.,0.,0.));
#14338 = ADVANCED_FACE('',(#14339),#14350,.F.);
#14339 = FACE_BOUND('',#14340,.T.);
#14340 = EDGE_LOOP('',(#14341,#14347,#14348,#14349));
#14341 = ORIENTED_EDGE('',*,*,#14342,.T.);
#14342 = EDGE_CURVE('',#11205,#12685,#14343,.T.);
#14343 = LINE('',#14344,#14345);
#14344 = CARTESIAN_POINT('',(63.246,-92.456,0.));
#14345 = VECTOR('',#14346,1.);
#14346 = DIRECTION('',(0.,0.,1.));
#14347 = ORIENTED_EDGE('',*,*,#12684,.T.);
#14348 = ORIENTED_EDGE('',*,*,#14308,.F.);
#14349 = ORIENTED_EDGE('',*,*,#11204,.F.);
#14350 = CYLINDRICAL_SURFACE('',#14351,0.508000835948);
#14351 = AXIS2_PLACEMENT_3D('',#14352,#14353,#14354);
#14352 = CARTESIAN_POINT('',(63.246000835947,-92.96400083594,0.));
#14353 = DIRECTION('',(-0.,-0.,-1.));
#14354 = DIRECTION('',(-1.645562502022E-06,0.999999999999,0.));
#14355 = ADVANCED_FACE('',(#14356),#14367,.T.);
#14356 = FACE_BOUND('',#14357,.T.);
#14357 = EDGE_LOOP('',(#14358,#14359,#14360,#14366));
#14358 = ORIENTED_EDGE('',*,*,#14327,.T.);
#14359 = ORIENTED_EDGE('',*,*,#12777,.T.);
#14360 = ORIENTED_EDGE('',*,*,#14361,.F.);
#14361 = EDGE_CURVE('',#11290,#12770,#14362,.T.);
#14362 = LINE('',#14363,#14364);
#14363 = CARTESIAN_POINT('',(97.79,-93.218,0.));
#14364 = VECTOR('',#14365,1.);
#14365 = DIRECTION('',(0.,0.,1.));
#14366 = ORIENTED_EDGE('',*,*,#11297,.F.);
#14367 = CYLINDRICAL_SURFACE('',#14368,0.762001253922);
#14368 = AXIS2_PLACEMENT_3D('',#14369,#14370,#14371);
#14369 = CARTESIAN_POINT('',(98.552001253921,-93.21799874607,0.));
#14370 = DIRECTION('',(0.,0.,-1.));
#14371 = DIRECTION('',(-1.645562516009E-06,-0.999999999999,-0.));
#14372 = ADVANCED_FACE('',(#14373),#14384,.T.);
#14373 = FACE_BOUND('',#14374,.T.);
#14374 = EDGE_LOOP('',(#14375,#14381,#14382,#14383));
#14375 = ORIENTED_EDGE('',*,*,#14376,.T.);
#14376 = EDGE_CURVE('',#11214,#12694,#14377,.T.);
#14377 = LINE('',#14378,#14379);
#14378 = CARTESIAN_POINT('',(66.802,-92.456,0.));
#14379 = VECTOR('',#14380,1.);
#14380 = DIRECTION('',(0.,0.,1.));
#14381 = ORIENTED_EDGE('',*,*,#12693,.T.);
#14382 = ORIENTED_EDGE('',*,*,#14342,.F.);
#14383 = ORIENTED_EDGE('',*,*,#11213,.F.);
#14384 = PLANE('',#14385);
#14385 = AXIS2_PLACEMENT_3D('',#14386,#14387,#14388);
#14386 = CARTESIAN_POINT('',(66.802,-92.456,0.));
#14387 = DIRECTION('',(0.,-1.,0.));
#14388 = DIRECTION('',(-1.,0.,0.));
#14389 = ADVANCED_FACE('',(#14390),#14401,.T.);
#14390 = FACE_BOUND('',#14391,.T.);
#14391 = EDGE_LOOP('',(#14392,#14393,#14394,#14400));
#14392 = ORIENTED_EDGE('',*,*,#14361,.T.);
#14393 = ORIENTED_EDGE('',*,*,#12769,.T.);
#14394 = ORIENTED_EDGE('',*,*,#14395,.F.);
#14395 = EDGE_CURVE('',#11281,#12761,#14396,.T.);
#14396 = LINE('',#14397,#14398);
#14397 = CARTESIAN_POINT('',(97.79,-84.582,0.));
#14398 = VECTOR('',#14399,1.);
#14399 = DIRECTION('',(0.,0.,1.));
#14400 = ORIENTED_EDGE('',*,*,#11289,.F.);
#14401 = PLANE('',#14402);
#14402 = AXIS2_PLACEMENT_3D('',#14403,#14404,#14405);
#14403 = CARTESIAN_POINT('',(97.79,-93.218,0.));
#14404 = DIRECTION('',(-1.,0.,0.));
#14405 = DIRECTION('',(0.,1.,0.));
#14406 = ADVANCED_FACE('',(#14407),#14418,.F.);
#14407 = FACE_BOUND('',#14408,.T.);
#14408 = EDGE_LOOP('',(#14409,#14415,#14416,#14417));
#14409 = ORIENTED_EDGE('',*,*,#14410,.T.);
#14410 = EDGE_CURVE('',#11222,#12702,#14411,.T.);
#14411 = LINE('',#14412,#14413);
#14412 = CARTESIAN_POINT('',(67.31,-92.964,0.));
#14413 = VECTOR('',#14414,1.);
#14414 = DIRECTION('',(0.,0.,1.));
#14415 = ORIENTED_EDGE('',*,*,#12701,.T.);
#14416 = ORIENTED_EDGE('',*,*,#14376,.F.);
#14417 = ORIENTED_EDGE('',*,*,#11221,.F.);
#14418 = CYLINDRICAL_SURFACE('',#14419,0.508000835948);
#14419 = AXIS2_PLACEMENT_3D('',#14420,#14421,#14422);
#14420 = CARTESIAN_POINT('',(66.801999164053,-92.96400083594,0.));
#14421 = DIRECTION('',(-0.,-0.,-1.));
#14422 = DIRECTION('',(0.999999999999,1.645562516009E-06,-0.));
#14423 = ADVANCED_FACE('',(#14424),#14435,.F.);
#14424 = FACE_BOUND('',#14425,.T.);
#14425 = EDGE_LOOP('',(#14426,#14427,#14428,#14434));
#14426 = ORIENTED_EDGE('',*,*,#14395,.T.);
#14427 = ORIENTED_EDGE('',*,*,#12760,.T.);
#14428 = ORIENTED_EDGE('',*,*,#14429,.F.);
#14429 = EDGE_CURVE('',#11273,#12753,#14430,.T.);
#14430 = LINE('',#14431,#14432);
#14431 = CARTESIAN_POINT('',(97.028,-83.82,0.));
#14432 = VECTOR('',#14433,1.);
#14433 = DIRECTION('',(0.,0.,1.));
#14434 = ORIENTED_EDGE('',*,*,#11280,.F.);
#14435 = CYLINDRICAL_SURFACE('',#14436,0.762001253922);
#14436 = AXIS2_PLACEMENT_3D('',#14437,#14438,#14439);
#14437 = CARTESIAN_POINT('',(97.027998746079,-84.58200125392,0.));
#14438 = DIRECTION('',(-0.,-0.,-1.));
#14439 = DIRECTION('',(0.999999999999,1.645562553308E-06,-0.));
#14440 = ADVANCED_FACE('',(#14441),#14452,.T.);
#14441 = FACE_BOUND('',#14442,.T.);
#14442 = EDGE_LOOP('',(#14443,#14449,#14450,#14451));
#14443 = ORIENTED_EDGE('',*,*,#14444,.T.);
#14444 = EDGE_CURVE('',#11231,#12711,#14445,.T.);
#14445 = LINE('',#14446,#14447);
#14446 = CARTESIAN_POINT('',(67.31,-93.98,0.));
#14447 = VECTOR('',#14448,1.);
#14448 = DIRECTION('',(0.,0.,1.));
#14449 = ORIENTED_EDGE('',*,*,#12710,.T.);
#14450 = ORIENTED_EDGE('',*,*,#14410,.F.);
#14451 = ORIENTED_EDGE('',*,*,#11230,.F.);
#14452 = PLANE('',#14453);
#14453 = AXIS2_PLACEMENT_3D('',#14454,#14455,#14456);
#14454 = CARTESIAN_POINT('',(67.31,-93.98,0.));
#14455 = DIRECTION('',(-1.,0.,0.));
#14456 = DIRECTION('',(0.,1.,0.));
#14457 = ADVANCED_FACE('',(#14458),#14469,.T.);
#14458 = FACE_BOUND('',#14459,.T.);
#14459 = EDGE_LOOP('',(#14460,#14461,#14462,#14468));
#14460 = ORIENTED_EDGE('',*,*,#14429,.T.);
#14461 = ORIENTED_EDGE('',*,*,#12752,.T.);
#14462 = ORIENTED_EDGE('',*,*,#14463,.F.);
#14463 = EDGE_CURVE('',#11264,#12744,#14464,.T.);
#14464 = LINE('',#14465,#14466);
#14465 = CARTESIAN_POINT('',(80.772,-83.82,0.));
#14466 = VECTOR('',#14467,1.);
#14467 = DIRECTION('',(0.,0.,1.));
#14468 = ORIENTED_EDGE('',*,*,#11272,.F.);
#14469 = PLANE('',#14470);
#14470 = AXIS2_PLACEMENT_3D('',#14471,#14472,#14473);
#14471 = CARTESIAN_POINT('',(97.028,-83.82,0.));
#14472 = DIRECTION('',(0.,-1.,0.));
#14473 = DIRECTION('',(-1.,0.,0.));
#14474 = ADVANCED_FACE('',(#14475),#14486,.T.);
#14475 = FACE_BOUND('',#14476,.T.);
#14476 = EDGE_LOOP('',(#14477,#14483,#14484,#14485));
#14477 = ORIENTED_EDGE('',*,*,#14478,.T.);
#14478 = EDGE_CURVE('',#11239,#12719,#14479,.T.);
#14479 = LINE('',#14480,#14481);
#14480 = CARTESIAN_POINT('',(79.248,-93.98,0.));
#14481 = VECTOR('',#14482,1.);
#14482 = DIRECTION('',(0.,0.,1.));
#14483 = ORIENTED_EDGE('',*,*,#12718,.T.);
#14484 = ORIENTED_EDGE('',*,*,#14444,.F.);
#14485 = ORIENTED_EDGE('',*,*,#11238,.F.);
#14486 = PLANE('',#14487);
#14487 = AXIS2_PLACEMENT_3D('',#14488,#14489,#14490);
#14488 = CARTESIAN_POINT('',(79.248,-93.98,0.));
#14489 = DIRECTION('',(0.,-1.,0.));
#14490 = DIRECTION('',(-1.,0.,0.));
#14491 = ADVANCED_FACE('',(#14492),#14503,.F.);
#14492 = FACE_BOUND('',#14493,.T.);
#14493 = EDGE_LOOP('',(#14494,#14495,#14496,#14502));
#14494 = ORIENTED_EDGE('',*,*,#14463,.T.);
#14495 = ORIENTED_EDGE('',*,*,#12743,.T.);
#14496 = ORIENTED_EDGE('',*,*,#14497,.F.);
#14497 = EDGE_CURVE('',#11256,#12736,#14498,.T.);
#14498 = LINE('',#14499,#14500);
#14499 = CARTESIAN_POINT('',(80.01,-84.582,0.));
#14500 = VECTOR('',#14501,1.);
#14501 = DIRECTION('',(0.,0.,1.));
#14502 = ORIENTED_EDGE('',*,*,#11263,.F.);
#14503 = CYLINDRICAL_SURFACE('',#14504,0.762001253922);
#14504 = AXIS2_PLACEMENT_3D('',#14505,#14506,#14507);
#14505 = CARTESIAN_POINT('',(80.772001253921,-84.58200125392,0.));
#14506 = DIRECTION('',(-0.,-0.,-1.));
#14507 = DIRECTION('',(-1.645562553308E-06,0.999999999999,0.));
#14508 = ADVANCED_FACE('',(#14509),#14520,.T.);
#14509 = FACE_BOUND('',#14510,.T.);
#14510 = EDGE_LOOP('',(#14511,#14517,#14518,#14519));
#14511 = ORIENTED_EDGE('',*,*,#14512,.T.);
#14512 = EDGE_CURVE('',#11247,#12727,#14513,.T.);
#14513 = LINE('',#14514,#14515);
#14514 = CARTESIAN_POINT('',(80.01,-93.218,0.));
#14515 = VECTOR('',#14516,1.);
#14516 = DIRECTION('',(0.,0.,1.));
#14517 = ORIENTED_EDGE('',*,*,#12726,.T.);
#14518 = ORIENTED_EDGE('',*,*,#14478,.F.);
#14519 = ORIENTED_EDGE('',*,*,#11246,.F.);
#14520 = CYLINDRICAL_SURFACE('',#14521,0.762001253922);
#14521 = AXIS2_PLACEMENT_3D('',#14522,#14523,#14524);
#14522 = CARTESIAN_POINT('',(79.247998746079,-93.21799874607,0.));
#14523 = DIRECTION('',(0.,0.,-1.));
#14524 = DIRECTION('',(0.999999999999,-1.645562553308E-06,0.));
#14525 = ADVANCED_FACE('',(#14526),#14532,.T.);
#14526 = FACE_BOUND('',#14527,.T.);
#14527 = EDGE_LOOP('',(#14528,#14529,#14530,#14531));
#14528 = ORIENTED_EDGE('',*,*,#14497,.T.);
#14529 = ORIENTED_EDGE('',*,*,#12735,.T.);
#14530 = ORIENTED_EDGE('',*,*,#14512,.F.);
#14531 = ORIENTED_EDGE('',*,*,#11255,.F.);
#14532 = PLANE('',#14533);
#14533 = AXIS2_PLACEMENT_3D('',#14534,#14535,#14536);
#14534 = CARTESIAN_POINT('',(80.01,-84.582,0.));
#14535 = DIRECTION('',(1.,0.,-0.));
#14536 = DIRECTION('',(0.,-1.,0.));
#14537 = ADVANCED_FACE('',(#14538),#14549,.F.);
#14538 = FACE_BOUND('',#14539,.T.);
#14539 = EDGE_LOOP('',(#14540,#14541,#14547,#14548));
#14540 = ORIENTED_EDGE('',*,*,#11366,.T.);
#14541 = ORIENTED_EDGE('',*,*,#14542,.T.);
#14542 = EDGE_CURVE('',#11367,#12847,#14543,.T.);
#14543 = LINE('',#14544,#14545);
#14544 = CARTESIAN_POINT('',(30.48,-90.5,-4.6E-02));
#14545 = VECTOR('',#14546,1.);
#14546 = DIRECTION('',(0.,0.,1.));
#14547 = ORIENTED_EDGE('',*,*,#12846,.F.);
#14548 = ORIENTED_EDGE('',*,*,#14542,.F.);
#14549 = CYLINDRICAL_SURFACE('',#14550,1.6);
#14550 = AXIS2_PLACEMENT_3D('',#14551,#14552,#14553);
#14551 = CARTESIAN_POINT('',(30.48,-88.9,-4.6E-02));
#14552 = DIRECTION('',(-0.,0.,-1.));
#14553 = DIRECTION('',(2.22044604925E-15,-1.,-0.));
#14554 = ADVANCED_FACE('',(#14555),#14566,.F.);
#14555 = FACE_BOUND('',#14556,.T.);
#14556 = EDGE_LOOP('',(#14557,#14558,#14564,#14565));
#14557 = ORIENTED_EDGE('',*,*,#11377,.T.);
#14558 = ORIENTED_EDGE('',*,*,#14559,.T.);
#14559 = EDGE_CURVE('',#11378,#12858,#14560,.T.);
#14560 = LINE('',#14561,#14562);
#14561 = CARTESIAN_POINT('',(48.514,-93.1164,-4.6E-02));
#14562 = VECTOR('',#14563,1.);
#14563 = DIRECTION('',(0.,0.,1.));
#14564 = ORIENTED_EDGE('',*,*,#12857,.F.);
#14565 = ORIENTED_EDGE('',*,*,#14559,.F.);
#14566 = CYLINDRICAL_SURFACE('',#14567,0.4064);
#14567 = AXIS2_PLACEMENT_3D('',#14568,#14569,#14570);
#14568 = CARTESIAN_POINT('',(48.514,-92.71,-4.6E-02));
#14569 = DIRECTION('',(-0.,0.,-1.));
#14570 = DIRECTION('',(1.748382715945E-14,-1.,-0.));
#14571 = ADVANCED_FACE('',(#14572),#14583,.F.);
#14572 = FACE_BOUND('',#14573,.T.);
#14573 = EDGE_LOOP('',(#14574,#14575,#14581,#14582));
#14574 = ORIENTED_EDGE('',*,*,#11388,.T.);
#14575 = ORIENTED_EDGE('',*,*,#14576,.T.);
#14576 = EDGE_CURVE('',#11389,#12869,#14577,.T.);
#14577 = LINE('',#14578,#14579);
#14578 = CARTESIAN_POINT('',(48.514,-90.5764,-4.6E-02));
#14579 = VECTOR('',#14580,1.);
#14580 = DIRECTION('',(0.,0.,1.));
#14581 = ORIENTED_EDGE('',*,*,#12868,.F.);
#14582 = ORIENTED_EDGE('',*,*,#14576,.F.);
#14583 = CYLINDRICAL_SURFACE('',#14584,0.4064);
#14584 = AXIS2_PLACEMENT_3D('',#14585,#14586,#14587);
#14585 = CARTESIAN_POINT('',(48.514,-90.17,-4.6E-02));
#14586 = DIRECTION('',(-0.,0.,-1.));
#14587 = DIRECTION('',(1.748382715945E-14,-1.,-0.));
#14588 = ADVANCED_FACE('',(#14589),#14600,.F.);
#14589 = FACE_BOUND('',#14590,.T.);
#14590 = EDGE_LOOP('',(#14591,#14592,#14598,#14599));
#14591 = ORIENTED_EDGE('',*,*,#11399,.T.);
#14592 = ORIENTED_EDGE('',*,*,#14593,.T.);
#14593 = EDGE_CURVE('',#11400,#12880,#14594,.T.);
#14594 = LINE('',#14595,#14596);
#14595 = CARTESIAN_POINT('',(54.356,-93.1164,-4.6E-02));
#14596 = VECTOR('',#14597,1.);
#14597 = DIRECTION('',(0.,0.,1.));
#14598 = ORIENTED_EDGE('',*,*,#12879,.F.);
#14599 = ORIENTED_EDGE('',*,*,#14593,.F.);
#14600 = CYLINDRICAL_SURFACE('',#14601,0.4064);
#14601 = AXIS2_PLACEMENT_3D('',#14602,#14603,#14604);
#14602 = CARTESIAN_POINT('',(54.356,-92.71,-4.6E-02));
#14603 = DIRECTION('',(-0.,0.,-1.));
#14604 = DIRECTION('',(1.748382715945E-14,-1.,-0.));
#14605 = ADVANCED_FACE('',(#14606),#14617,.F.);
#14606 = FACE_BOUND('',#14607,.T.);
#14607 = EDGE_LOOP('',(#14608,#14609,#14615,#14616));
#14608 = ORIENTED_EDGE('',*,*,#11410,.T.);
#14609 = ORIENTED_EDGE('',*,*,#14610,.T.);
#14610 = EDGE_CURVE('',#11411,#12891,#14611,.T.);
#14611 = LINE('',#14612,#14613);
#14612 = CARTESIAN_POINT('',(54.356,-90.5764,-4.6E-02));
#14613 = VECTOR('',#14614,1.);
#14614 = DIRECTION('',(0.,0.,1.));
#14615 = ORIENTED_EDGE('',*,*,#12890,.F.);
#14616 = ORIENTED_EDGE('',*,*,#14610,.F.);
#14617 = CYLINDRICAL_SURFACE('',#14618,0.4064);
#14618 = AXIS2_PLACEMENT_3D('',#14619,#14620,#14621);
#14619 = CARTESIAN_POINT('',(54.356,-90.17,-4.6E-02));
#14620 = DIRECTION('',(-0.,0.,-1.));
#14621 = DIRECTION('',(1.748382715945E-14,-1.,-0.));
#14622 = ADVANCED_FACE('',(#14623),#14634,.F.);
#14623 = FACE_BOUND('',#14624,.T.);
#14624 = EDGE_LOOP('',(#14625,#14626,#14632,#14633));
#14625 = ORIENTED_EDGE('',*,*,#11421,.T.);
#14626 = ORIENTED_EDGE('',*,*,#14627,.T.);
#14627 = EDGE_CURVE('',#11422,#12902,#14628,.T.);
#14628 = LINE('',#14629,#14630);
#14629 = CARTESIAN_POINT('',(48.514,-88.0364,-4.6E-02));
#14630 = VECTOR('',#14631,1.);
#14631 = DIRECTION('',(0.,0.,1.));
#14632 = ORIENTED_EDGE('',*,*,#12901,.F.);
#14633 = ORIENTED_EDGE('',*,*,#14627,.F.);
#14634 = CYLINDRICAL_SURFACE('',#14635,0.4064);
#14635 = AXIS2_PLACEMENT_3D('',#14636,#14637,#14638);
#14636 = CARTESIAN_POINT('',(48.514,-87.63,-4.6E-02));
#14637 = DIRECTION('',(-0.,0.,-1.));
#14638 = DIRECTION('',(1.748382715945E-14,-1.,-0.));
#14639 = ADVANCED_FACE('',(#14640),#14651,.F.);
#14640 = FACE_BOUND('',#14641,.T.);
#14641 = EDGE_LOOP('',(#14642,#14643,#14649,#14650));
#14642 = ORIENTED_EDGE('',*,*,#11432,.T.);
#14643 = ORIENTED_EDGE('',*,*,#14644,.T.);
#14644 = EDGE_CURVE('',#11433,#12913,#14645,.T.);
#14645 = LINE('',#14646,#14647);
#14646 = CARTESIAN_POINT('',(54.356,-88.0364,-4.6E-02));
#14647 = VECTOR('',#14648,1.);
#14648 = DIRECTION('',(0.,0.,1.));
#14649 = ORIENTED_EDGE('',*,*,#12912,.F.);
#14650 = ORIENTED_EDGE('',*,*,#14644,.F.);
#14651 = CYLINDRICAL_SURFACE('',#14652,0.4064);
#14652 = AXIS2_PLACEMENT_3D('',#14653,#14654,#14655);
#14653 = CARTESIAN_POINT('',(54.356,-87.63,-4.6E-02));
#14654 = DIRECTION('',(-0.,0.,-1.));
#14655 = DIRECTION('',(1.748382715945E-14,-1.,-0.));
#14656 = ADVANCED_FACE('',(#14657),#14668,.F.);
#14657 = FACE_BOUND('',#14658,.T.);
#14658 = EDGE_LOOP('',(#14659,#14660,#14666,#14667));
#14659 = ORIENTED_EDGE('',*,*,#11443,.T.);
#14660 = ORIENTED_EDGE('',*,*,#14661,.T.);
#14661 = EDGE_CURVE('',#11444,#12924,#14662,.T.);
#14662 = LINE('',#14663,#14664);
#14663 = CARTESIAN_POINT('',(48.006,-82.4484,-4.6E-02));
#14664 = VECTOR('',#14665,1.);
#14665 = DIRECTION('',(0.,0.,1.));
#14666 = ORIENTED_EDGE('',*,*,#12923,.F.);
#14667 = ORIENTED_EDGE('',*,*,#14661,.F.);
#14668 = CYLINDRICAL_SURFACE('',#14669,0.4064);
#14669 = AXIS2_PLACEMENT_3D('',#14670,#14671,#14672);
#14670 = CARTESIAN_POINT('',(48.006,-82.042,-4.6E-02));
#14671 = DIRECTION('',(-0.,-0.,-1.));
#14672 = DIRECTION('',(-0.,-1.,0.));
#14673 = ADVANCED_FACE('',(#14674),#14685,.F.);
#14674 = FACE_BOUND('',#14675,.T.);
#14675 = EDGE_LOOP('',(#14676,#14677,#14683,#14684));
#14676 = ORIENTED_EDGE('',*,*,#11454,.T.);
#14677 = ORIENTED_EDGE('',*,*,#14678,.T.);
#14678 = EDGE_CURVE('',#11455,#12935,#14679,.T.);
#14679 = LINE('',#14680,#14681);
#14680 = CARTESIAN_POINT('',(52.324,-82.4484,-4.6E-02));
#14681 = VECTOR('',#14682,1.);
#14682 = DIRECTION('',(0.,0.,1.));
#14683 = ORIENTED_EDGE('',*,*,#12934,.F.);
#14684 = ORIENTED_EDGE('',*,*,#14678,.F.);
#14685 = CYLINDRICAL_SURFACE('',#14686,0.4064);
#14686 = AXIS2_PLACEMENT_3D('',#14687,#14688,#14689);
#14687 = CARTESIAN_POINT('',(52.324,-82.042,-4.6E-02));
#14688 = DIRECTION('',(-0.,-0.,-1.));
#14689 = DIRECTION('',(-0.,-1.,0.));
#14690 = ADVANCED_FACE('',(#14691),#14702,.F.);
#14691 = FACE_BOUND('',#14692,.T.);
#14692 = EDGE_LOOP('',(#14693,#14694,#14700,#14701));
#14693 = ORIENTED_EDGE('',*,*,#11465,.T.);
#14694 = ORIENTED_EDGE('',*,*,#14695,.T.);
#14695 = EDGE_CURVE('',#11466,#12946,#14696,.T.);
#14696 = LINE('',#14697,#14698);
#14697 = CARTESIAN_POINT('',(56.007,-80.4164,-4.6E-02));
#14698 = VECTOR('',#14699,1.);
#14699 = DIRECTION('',(0.,0.,1.));
#14700 = ORIENTED_EDGE('',*,*,#12945,.F.);
#14701 = ORIENTED_EDGE('',*,*,#14695,.F.);
#14702 = CYLINDRICAL_SURFACE('',#14703,0.4064);
#14703 = AXIS2_PLACEMENT_3D('',#14704,#14705,#14706);
#14704 = CARTESIAN_POINT('',(56.007,-80.01,-4.6E-02));
#14705 = DIRECTION('',(-0.,-0.,-1.));
#14706 = DIRECTION('',(-1.748382715945E-14,-1.,0.));
#14707 = ADVANCED_FACE('',(#14708),#14719,.F.);
#14708 = FACE_BOUND('',#14709,.T.);
#14709 = EDGE_LOOP('',(#14710,#14711,#14717,#14718));
#14710 = ORIENTED_EDGE('',*,*,#11476,.T.);
#14711 = ORIENTED_EDGE('',*,*,#14712,.T.);
#14712 = EDGE_CURVE('',#11477,#12957,#14713,.T.);
#14713 = LINE('',#14714,#14715);
#14714 = CARTESIAN_POINT('',(60.024,-92.508,-4.6E-02));
#14715 = VECTOR('',#14716,1.);
#14716 = DIRECTION('',(0.,0.,1.));
#14717 = ORIENTED_EDGE('',*,*,#12956,.F.);
#14718 = ORIENTED_EDGE('',*,*,#14712,.F.);
#14719 = CYLINDRICAL_SURFACE('',#14720,0.6);
#14720 = AXIS2_PLACEMENT_3D('',#14721,#14722,#14723);
#14721 = CARTESIAN_POINT('',(60.024,-91.908,-4.6E-02));
#14722 = DIRECTION('',(-0.,-0.,-1.));
#14723 = DIRECTION('',(-0.,-1.,0.));
#14724 = ADVANCED_FACE('',(#14725),#14736,.F.);
#14725 = FACE_BOUND('',#14726,.T.);
#14726 = EDGE_LOOP('',(#14727,#14728,#14734,#14735));
#14727 = ORIENTED_EDGE('',*,*,#11487,.T.);
#14728 = ORIENTED_EDGE('',*,*,#14729,.T.);
#14729 = EDGE_CURVE('',#11488,#12968,#14730,.T.);
#14730 = LINE('',#14731,#14732);
#14731 = CARTESIAN_POINT('',(60.024,-90.008,-4.6E-02));
#14732 = VECTOR('',#14733,1.);
#14733 = DIRECTION('',(0.,0.,1.));
#14734 = ORIENTED_EDGE('',*,*,#12967,.F.);
#14735 = ORIENTED_EDGE('',*,*,#14729,.F.);
#14736 = CYLINDRICAL_SURFACE('',#14737,0.6);
#14737 = AXIS2_PLACEMENT_3D('',#14738,#14739,#14740);
#14738 = CARTESIAN_POINT('',(60.024,-89.408,-4.6E-02));
#14739 = DIRECTION('',(-0.,-0.,-1.));
#14740 = DIRECTION('',(-0.,-1.,0.));
#14741 = ADVANCED_FACE('',(#14742),#14758,.F.);
#14742 = FACE_BOUND('',#14743,.T.);
#14743 = EDGE_LOOP('',(#14744,#14745,#14751,#14752));
#14744 = ORIENTED_EDGE('',*,*,#11498,.T.);
#14745 = ORIENTED_EDGE('',*,*,#14746,.T.);
#14746 = EDGE_CURVE('',#11501,#12981,#14747,.T.);
#14747 = LINE('',#14748,#14749);
#14748 = CARTESIAN_POINT('',(65.3288,-89.8144,-4.6E-02));
#14749 = VECTOR('',#14750,1.);
#14750 = DIRECTION('',(0.,0.,1.));
#14751 = ORIENTED_EDGE('',*,*,#12978,.F.);
#14752 = ORIENTED_EDGE('',*,*,#14753,.F.);
#14753 = EDGE_CURVE('',#11499,#12979,#14754,.T.);
#14754 = LINE('',#14755,#14756);
#14755 = CARTESIAN_POINT('',(65.3288,-89.0016,-4.6E-02));
#14756 = VECTOR('',#14757,1.);
#14757 = DIRECTION('',(0.,0.,1.));
#14758 = CYLINDRICAL_SURFACE('',#14759,0.4064);
#14759 = AXIS2_PLACEMENT_3D('',#14760,#14761,#14762);
#14760 = CARTESIAN_POINT('',(65.3288,-89.408,-4.6E-02));
#14761 = DIRECTION('',(-0.,-0.,-1.));
#14762 = DIRECTION('',(-3.49676543189E-14,-1.,0.));
#14763 = ADVANCED_FACE('',(#14764),#14775,.T.);
#14764 = FACE_BOUND('',#14765,.T.);
#14765 = EDGE_LOOP('',(#14766,#14767,#14768,#14769));
#14766 = ORIENTED_EDGE('',*,*,#11526,.T.);
#14767 = ORIENTED_EDGE('',*,*,#14753,.T.);
#14768 = ORIENTED_EDGE('',*,*,#13006,.F.);
#14769 = ORIENTED_EDGE('',*,*,#14770,.F.);
#14770 = EDGE_CURVE('',#11518,#12998,#14771,.T.);
#14771 = LINE('',#14772,#14773);
#14772 = CARTESIAN_POINT('',(64.7192,-89.0016,-4.6E-02));
#14773 = VECTOR('',#14774,1.);
#14774 = DIRECTION('',(0.,0.,1.));
#14775 = PLANE('',#14776);
#14776 = AXIS2_PLACEMENT_3D('',#14777,#14778,#14779);
#14777 = CARTESIAN_POINT('',(65.3288,-89.0016,-4.6E-02));
#14778 = DIRECTION('',(0.,-1.,0.));
#14779 = DIRECTION('',(-1.,0.,0.));
#14780 = ADVANCED_FACE('',(#14781),#14792,.F.);
#14781 = FACE_BOUND('',#14782,.T.);
#14782 = EDGE_LOOP('',(#14783,#14784,#14785,#14786));
#14783 = ORIENTED_EDGE('',*,*,#11517,.T.);
#14784 = ORIENTED_EDGE('',*,*,#14770,.T.);
#14785 = ORIENTED_EDGE('',*,*,#12997,.F.);
#14786 = ORIENTED_EDGE('',*,*,#14787,.F.);
#14787 = EDGE_CURVE('',#11510,#12990,#14788,.T.);
#14788 = LINE('',#14789,#14790);
#14789 = CARTESIAN_POINT('',(64.7192,-89.8144,-4.6E-02));
#14790 = VECTOR('',#14791,1.);
#14791 = DIRECTION('',(0.,0.,1.));
#14792 = CYLINDRICAL_SURFACE('',#14793,0.4064);
#14793 = AXIS2_PLACEMENT_3D('',#14794,#14795,#14796);
#14794 = CARTESIAN_POINT('',(64.7192,-89.408,-4.6E-02));
#14795 = DIRECTION('',(-0.,-0.,-1.));
#14796 = DIRECTION('',(3.49676543189E-14,1.,-0.));
#14797 = ADVANCED_FACE('',(#14798),#14804,.T.);
#14798 = FACE_BOUND('',#14799,.T.);
#14799 = EDGE_LOOP('',(#14800,#14801,#14802,#14803));
#14800 = ORIENTED_EDGE('',*,*,#11509,.T.);
#14801 = ORIENTED_EDGE('',*,*,#14787,.T.);
#14802 = ORIENTED_EDGE('',*,*,#12989,.F.);
#14803 = ORIENTED_EDGE('',*,*,#14746,.F.);
#14804 = PLANE('',#14805);
#14805 = AXIS2_PLACEMENT_3D('',#14806,#14807,#14808);
#14806 = CARTESIAN_POINT('',(64.7192,-89.8144,-4.6E-02));
#14807 = DIRECTION('',(0.,1.,0.));
#14808 = DIRECTION('',(1.,0.,0.));
#14809 = ADVANCED_FACE('',(#14810),#14821,.F.);
#14810 = FACE_BOUND('',#14811,.T.);
#14811 = EDGE_LOOP('',(#14812,#14813,#14819,#14820));
#14812 = ORIENTED_EDGE('',*,*,#11534,.T.);
#14813 = ORIENTED_EDGE('',*,*,#14814,.T.);
#14814 = EDGE_CURVE('',#11535,#13015,#14815,.T.);
#14815 = LINE('',#14816,#14817);
#14816 = CARTESIAN_POINT('',(70.024,-92.508,-4.6E-02));
#14817 = VECTOR('',#14818,1.);
#14818 = DIRECTION('',(0.,0.,1.));
#14819 = ORIENTED_EDGE('',*,*,#13014,.F.);
#14820 = ORIENTED_EDGE('',*,*,#14814,.F.);
#14821 = CYLINDRICAL_SURFACE('',#14822,0.6);
#14822 = AXIS2_PLACEMENT_3D('',#14823,#14824,#14825);
#14823 = CARTESIAN_POINT('',(70.024,-91.908,-4.6E-02));
#14824 = DIRECTION('',(-0.,-0.,-1.));
#14825 = DIRECTION('',(-0.,-1.,0.));
#14826 = ADVANCED_FACE('',(#14827),#14838,.F.);
#14827 = FACE_BOUND('',#14828,.T.);
#14828 = EDGE_LOOP('',(#14829,#14830,#14836,#14837));
#14829 = ORIENTED_EDGE('',*,*,#11545,.T.);
#14830 = ORIENTED_EDGE('',*,*,#14831,.T.);
#14831 = EDGE_CURVE('',#11546,#13026,#14832,.T.);
#14832 = LINE('',#14833,#14834);
#14833 = CARTESIAN_POINT('',(70.024,-90.008,-4.6E-02));
#14834 = VECTOR('',#14835,1.);
#14835 = DIRECTION('',(0.,0.,1.));
#14836 = ORIENTED_EDGE('',*,*,#13025,.F.);
#14837 = ORIENTED_EDGE('',*,*,#14831,.F.);
#14838 = CYLINDRICAL_SURFACE('',#14839,0.6);
#14839 = AXIS2_PLACEMENT_3D('',#14840,#14841,#14842);
#14840 = CARTESIAN_POINT('',(70.024,-89.408,-4.6E-02));
#14841 = DIRECTION('',(-0.,-0.,-1.));
#14842 = DIRECTION('',(-0.,-1.,0.));
#14843 = ADVANCED_FACE('',(#14844),#14855,.F.);
#14844 = FACE_BOUND('',#14845,.T.);
#14845 = EDGE_LOOP('',(#14846,#14847,#14853,#14854));
#14846 = ORIENTED_EDGE('',*,*,#11556,.T.);
#14847 = ORIENTED_EDGE('',*,*,#14848,.T.);
#14848 = EDGE_CURVE('',#11557,#13037,#14849,.T.);
#14849 = LINE('',#14850,#14851);
#14850 = CARTESIAN_POINT('',(74.549,-92.3144,-4.6E-02));
#14851 = VECTOR('',#14852,1.);
#14852 = DIRECTION('',(0.,0.,1.));
#14853 = ORIENTED_EDGE('',*,*,#13036,.F.);
#14854 = ORIENTED_EDGE('',*,*,#14848,.F.);
#14855 = CYLINDRICAL_SURFACE('',#14856,0.4064);
#14856 = AXIS2_PLACEMENT_3D('',#14857,#14858,#14859);
#14857 = CARTESIAN_POINT('',(74.549,-91.908,-4.6E-02));
#14858 = DIRECTION('',(-0.,-0.,-1.));
#14859 = DIRECTION('',(-0.,-1.,0.));
#14860 = ADVANCED_FACE('',(#14861),#14872,.F.);
#14861 = FACE_BOUND('',#14862,.T.);
#14862 = EDGE_LOOP('',(#14863,#14864,#14870,#14871));
#14863 = ORIENTED_EDGE('',*,*,#11567,.T.);
#14864 = ORIENTED_EDGE('',*,*,#14865,.T.);
#14865 = EDGE_CURVE('',#11568,#13048,#14866,.T.);
#14866 = LINE('',#14867,#14868);
#14867 = CARTESIAN_POINT('',(74.549,-87.3144,-4.6E-02));
#14868 = VECTOR('',#14869,1.);
#14869 = DIRECTION('',(0.,0.,1.));
#14870 = ORIENTED_EDGE('',*,*,#13047,.F.);
#14871 = ORIENTED_EDGE('',*,*,#14865,.F.);
#14872 = CYLINDRICAL_SURFACE('',#14873,0.4064);
#14873 = AXIS2_PLACEMENT_3D('',#14874,#14875,#14876);
#14874 = CARTESIAN_POINT('',(74.549,-86.908,-4.6E-02));
#14875 = DIRECTION('',(-0.,-0.,-1.));
#14876 = DIRECTION('',(-0.,-1.,0.));
#14877 = ADVANCED_FACE('',(#14878),#14894,.F.);
#14878 = FACE_BOUND('',#14879,.T.);
#14879 = EDGE_LOOP('',(#14880,#14881,#14887,#14888));
#14880 = ORIENTED_EDGE('',*,*,#11578,.T.);
#14881 = ORIENTED_EDGE('',*,*,#14882,.T.);
#14882 = EDGE_CURVE('',#11581,#13061,#14883,.T.);
#14883 = LINE('',#14884,#14885);
#14884 = CARTESIAN_POINT('',(59.6176,-84.7128,-4.6E-02));
#14885 = VECTOR('',#14886,1.);
#14886 = DIRECTION('',(0.,0.,1.));
#14887 = ORIENTED_EDGE('',*,*,#13058,.F.);
#14888 = ORIENTED_EDGE('',*,*,#14889,.F.);
#14889 = EDGE_CURVE('',#11579,#13059,#14890,.T.);
#14890 = LINE('',#14891,#14892);
#14891 = CARTESIAN_POINT('',(60.4304,-84.7128,-4.6E-02));
#14892 = VECTOR('',#14893,1.);
#14893 = DIRECTION('',(0.,0.,1.));
#14894 = CYLINDRICAL_SURFACE('',#14895,0.4064);
#14895 = AXIS2_PLACEMENT_3D('',#14896,#14897,#14898);
#14896 = CARTESIAN_POINT('',(60.024,-84.7128,-4.6E-02));
#14897 = DIRECTION('',(-0.,-0.,-1.));
#14898 = DIRECTION('',(-1.,0.,-0.));
#14899 = ADVANCED_FACE('',(#14900),#14911,.T.);
#14900 = FACE_BOUND('',#14901,.T.);
#14901 = EDGE_LOOP('',(#14902,#14903,#14904,#14905));
#14902 = ORIENTED_EDGE('',*,*,#11606,.T.);
#14903 = ORIENTED_EDGE('',*,*,#14889,.T.);
#14904 = ORIENTED_EDGE('',*,*,#13086,.F.);
#14905 = ORIENTED_EDGE('',*,*,#14906,.F.);
#14906 = EDGE_CURVE('',#11598,#13078,#14907,.T.);
#14907 = LINE('',#14908,#14909);
#14908 = CARTESIAN_POINT('',(60.4304,-84.1032,-4.6E-02));
#14909 = VECTOR('',#14910,1.);
#14910 = DIRECTION('',(0.,0.,1.));
#14911 = PLANE('',#14912);
#14912 = AXIS2_PLACEMENT_3D('',#14913,#14914,#14915);
#14913 = CARTESIAN_POINT('',(60.4304,-84.7128,-4.6E-02));
#14914 = DIRECTION('',(-1.,0.,0.));
#14915 = DIRECTION('',(0.,1.,0.));
#14916 = ADVANCED_FACE('',(#14917),#14928,.F.);
#14917 = FACE_BOUND('',#14918,.T.);
#14918 = EDGE_LOOP('',(#14919,#14920,#14921,#14922));
#14919 = ORIENTED_EDGE('',*,*,#11597,.T.);
#14920 = ORIENTED_EDGE('',*,*,#14906,.T.);
#14921 = ORIENTED_EDGE('',*,*,#13077,.F.);
#14922 = ORIENTED_EDGE('',*,*,#14923,.F.);
#14923 = EDGE_CURVE('',#11590,#13070,#14924,.T.);
#14924 = LINE('',#14925,#14926);
#14925 = CARTESIAN_POINT('',(59.6176,-84.1032,-4.6E-02));
#14926 = VECTOR('',#14927,1.);
#14927 = DIRECTION('',(0.,0.,1.));
#14928 = CYLINDRICAL_SURFACE('',#14929,0.4064);
#14929 = AXIS2_PLACEMENT_3D('',#14930,#14931,#14932);
#14930 = CARTESIAN_POINT('',(60.024,-84.1032,-4.6E-02));
#14931 = DIRECTION('',(-0.,-0.,-1.));
#14932 = DIRECTION('',(1.,0.,-0.));
#14933 = ADVANCED_FACE('',(#14934),#14940,.T.);
#14934 = FACE_BOUND('',#14935,.T.);
#14935 = EDGE_LOOP('',(#14936,#14937,#14938,#14939));
#14936 = ORIENTED_EDGE('',*,*,#11589,.T.);
#14937 = ORIENTED_EDGE('',*,*,#14923,.T.);
#14938 = ORIENTED_EDGE('',*,*,#13069,.F.);
#14939 = ORIENTED_EDGE('',*,*,#14882,.F.);
#14940 = PLANE('',#14941);
#14941 = AXIS2_PLACEMENT_3D('',#14942,#14943,#14944);
#14942 = CARTESIAN_POINT('',(59.6176,-84.1032,-4.6E-02));
#14943 = DIRECTION('',(1.,0.,-0.));
#14944 = DIRECTION('',(0.,-1.,0.));
#14945 = ADVANCED_FACE('',(#14946),#14957,.F.);
#14946 = FACE_BOUND('',#14947,.T.);
#14947 = EDGE_LOOP('',(#14948,#14949,#14955,#14956));
#14948 = ORIENTED_EDGE('',*,*,#11614,.T.);
#14949 = ORIENTED_EDGE('',*,*,#14950,.T.);
#14950 = EDGE_CURVE('',#11615,#13095,#14951,.T.);
#14951 = LINE('',#14952,#14953);
#14952 = CARTESIAN_POINT('',(65.024,-85.008,-4.6E-02));
#14953 = VECTOR('',#14954,1.);
#14954 = DIRECTION('',(0.,0.,1.));
#14955 = ORIENTED_EDGE('',*,*,#13094,.F.);
#14956 = ORIENTED_EDGE('',*,*,#14950,.F.);
#14957 = CYLINDRICAL_SURFACE('',#14958,0.6);
#14958 = AXIS2_PLACEMENT_3D('',#14959,#14960,#14961);
#14959 = CARTESIAN_POINT('',(65.024,-84.408,-4.6E-02));
#14960 = DIRECTION('',(-0.,-0.,-1.));
#14961 = DIRECTION('',(-0.,-1.,0.));
#14962 = ADVANCED_FACE('',(#14963),#14979,.F.);
#14963 = FACE_BOUND('',#14964,.T.);
#14964 = EDGE_LOOP('',(#14965,#14966,#14972,#14973));
#14965 = ORIENTED_EDGE('',*,*,#11625,.T.);
#14966 = ORIENTED_EDGE('',*,*,#14967,.T.);
#14967 = EDGE_CURVE('',#11628,#13108,#14968,.T.);
#14968 = LINE('',#14969,#14970);
#14969 = CARTESIAN_POINT('',(70.4304,-84.1032,-4.6E-02));
#14970 = VECTOR('',#14971,1.);
#14971 = DIRECTION('',(0.,0.,1.));
#14972 = ORIENTED_EDGE('',*,*,#13105,.F.);
#14973 = ORIENTED_EDGE('',*,*,#14974,.F.);
#14974 = EDGE_CURVE('',#11626,#13106,#14975,.T.);
#14975 = LINE('',#14976,#14977);
#14976 = CARTESIAN_POINT('',(69.6176,-84.1032,-4.6E-02));
#14977 = VECTOR('',#14978,1.);
#14978 = DIRECTION('',(0.,0.,1.));
#14979 = CYLINDRICAL_SURFACE('',#14980,0.4064);
#14980 = AXIS2_PLACEMENT_3D('',#14981,#14982,#14983);
#14981 = CARTESIAN_POINT('',(70.024,-84.1032,-4.6E-02));
#14982 = DIRECTION('',(-0.,-0.,-1.));
#14983 = DIRECTION('',(1.,3.49676543189E-14,-0.));
#14984 = ADVANCED_FACE('',(#14985),#14996,.T.);
#14985 = FACE_BOUND('',#14986,.T.);
#14986 = EDGE_LOOP('',(#14987,#14988,#14989,#14990));
#14987 = ORIENTED_EDGE('',*,*,#11653,.T.);
#14988 = ORIENTED_EDGE('',*,*,#14974,.T.);
#14989 = ORIENTED_EDGE('',*,*,#13133,.F.);
#14990 = ORIENTED_EDGE('',*,*,#14991,.F.);
#14991 = EDGE_CURVE('',#11645,#13125,#14992,.T.);
#14992 = LINE('',#14993,#14994);
#14993 = CARTESIAN_POINT('',(69.6176,-84.7128,-4.6E-02));
#14994 = VECTOR('',#14995,1.);
#14995 = DIRECTION('',(0.,0.,1.));
#14996 = PLANE('',#14997);
#14997 = AXIS2_PLACEMENT_3D('',#14998,#14999,#15000);
#14998 = CARTESIAN_POINT('',(69.6176,-84.1032,-4.6E-02));
#14999 = DIRECTION('',(1.,0.,-0.));
#15000 = DIRECTION('',(0.,-1.,0.));
#15001 = ADVANCED_FACE('',(#15002),#15013,.F.);
#15002 = FACE_BOUND('',#15003,.T.);
#15003 = EDGE_LOOP('',(#15004,#15005,#15006,#15007));
#15004 = ORIENTED_EDGE('',*,*,#11644,.T.);
#15005 = ORIENTED_EDGE('',*,*,#14991,.T.);
#15006 = ORIENTED_EDGE('',*,*,#13124,.F.);
#15007 = ORIENTED_EDGE('',*,*,#15008,.F.);
#15008 = EDGE_CURVE('',#11637,#13117,#15009,.T.);
#15009 = LINE('',#15010,#15011);
#15010 = CARTESIAN_POINT('',(70.4304,-84.7128,-4.6E-02));
#15011 = VECTOR('',#15012,1.);
#15012 = DIRECTION('',(0.,0.,1.));
#15013 = CYLINDRICAL_SURFACE('',#15014,0.4064);
#15014 = AXIS2_PLACEMENT_3D('',#15015,#15016,#15017);
#15015 = CARTESIAN_POINT('',(70.024,-84.7128,-4.6E-02));
#15016 = DIRECTION('',(-0.,-0.,-1.));
#15017 = DIRECTION('',(-1.,-3.49676543189E-14,0.));
#15018 = ADVANCED_FACE('',(#15019),#15025,.T.);
#15019 = FACE_BOUND('',#15020,.T.);
#15020 = EDGE_LOOP('',(#15021,#15022,#15023,#15024));
#15021 = ORIENTED_EDGE('',*,*,#11636,.T.);
#15022 = ORIENTED_EDGE('',*,*,#15008,.T.);
#15023 = ORIENTED_EDGE('',*,*,#13116,.F.);
#15024 = ORIENTED_EDGE('',*,*,#14967,.F.);
#15025 = PLANE('',#15026);
#15026 = AXIS2_PLACEMENT_3D('',#15027,#15028,#15029);
#15027 = CARTESIAN_POINT('',(70.4304,-84.7128,-4.6E-02));
#15028 = DIRECTION('',(-1.,0.,0.));
#15029 = DIRECTION('',(0.,1.,0.));
#15030 = ADVANCED_FACE('',(#15031),#15042,.F.);
#15031 = FACE_BOUND('',#15032,.T.);
#15032 = EDGE_LOOP('',(#15033,#15034,#15040,#15041));
#15033 = ORIENTED_EDGE('',*,*,#11661,.T.);
#15034 = ORIENTED_EDGE('',*,*,#15035,.T.);
#15035 = EDGE_CURVE('',#11662,#13142,#15036,.T.);
#15036 = LINE('',#15037,#15038);
#15037 = CARTESIAN_POINT('',(59.817,-80.4164,-4.6E-02));
#15038 = VECTOR('',#15039,1.);
#15039 = DIRECTION('',(0.,0.,1.));
#15040 = ORIENTED_EDGE('',*,*,#13141,.F.);
#15041 = ORIENTED_EDGE('',*,*,#15035,.F.);
#15042 = CYLINDRICAL_SURFACE('',#15043,0.4064);
#15043 = AXIS2_PLACEMENT_3D('',#15044,#15045,#15046);
#15044 = CARTESIAN_POINT('',(59.817,-80.01,-4.6E-02));
#15045 = DIRECTION('',(-0.,-0.,-1.));
#15046 = DIRECTION('',(-0.,-1.,0.));
#15047 = ADVANCED_FACE('',(#15048),#15059,.F.);
#15048 = FACE_BOUND('',#15049,.T.);
#15049 = EDGE_LOOP('',(#15050,#15051,#15057,#15058));
#15050 = ORIENTED_EDGE('',*,*,#11672,.T.);
#15051 = ORIENTED_EDGE('',*,*,#15052,.T.);
#15052 = EDGE_CURVE('',#11673,#13153,#15053,.T.);
#15053 = LINE('',#15054,#15055);
#15054 = CARTESIAN_POINT('',(65.024,-79.507,-4.6E-02));
#15055 = VECTOR('',#15056,1.);
#15056 = DIRECTION('',(0.,0.,1.));
#15057 = ORIENTED_EDGE('',*,*,#13152,.F.);
#15058 = ORIENTED_EDGE('',*,*,#15052,.F.);
#15059 = CYLINDRICAL_SURFACE('',#15060,0.508);
#15060 = AXIS2_PLACEMENT_3D('',#15061,#15062,#15063);
#15061 = CARTESIAN_POINT('',(65.024,-78.999,-4.6E-02));
#15062 = DIRECTION('',(-0.,-0.,-1.));
#15063 = DIRECTION('',(-0.,-1.,0.));
#15064 = ADVANCED_FACE('',(#15065),#15076,.F.);
#15065 = FACE_BOUND('',#15066,.T.);
#15066 = EDGE_LOOP('',(#15067,#15068,#15074,#15075));
#15067 = ORIENTED_EDGE('',*,*,#11683,.T.);
#15068 = ORIENTED_EDGE('',*,*,#15069,.T.);
#15069 = EDGE_CURVE('',#11684,#13164,#15070,.T.);
#15070 = LINE('',#15071,#15072);
#15071 = CARTESIAN_POINT('',(65.024,-76.967,-4.6E-02));
#15072 = VECTOR('',#15073,1.);
#15073 = DIRECTION('',(0.,0.,1.));
#15074 = ORIENTED_EDGE('',*,*,#13163,.F.);
#15075 = ORIENTED_EDGE('',*,*,#15069,.F.);
#15076 = CYLINDRICAL_SURFACE('',#15077,0.508);
#15077 = AXIS2_PLACEMENT_3D('',#15078,#15079,#15080);
#15078 = CARTESIAN_POINT('',(65.024,-76.459,-4.6E-02));
#15079 = DIRECTION('',(-0.,-0.,-1.));
#15080 = DIRECTION('',(-0.,-1.,0.));
#15081 = ADVANCED_FACE('',(#15082),#15093,.F.);
#15082 = FACE_BOUND('',#15083,.T.);
#15083 = EDGE_LOOP('',(#15084,#15085,#15091,#15092));
#15084 = ORIENTED_EDGE('',*,*,#11694,.T.);
#15085 = ORIENTED_EDGE('',*,*,#15086,.T.);
#15086 = EDGE_CURVE('',#11695,#13175,#15087,.T.);
#15087 = LINE('',#15088,#15089);
#15088 = CARTESIAN_POINT('',(74.069,-81.4324,-4.6E-02));
#15089 = VECTOR('',#15090,1.);
#15090 = DIRECTION('',(0.,0.,1.));
#15091 = ORIENTED_EDGE('',*,*,#13174,.F.);
#15092 = ORIENTED_EDGE('',*,*,#15086,.F.);
#15093 = CYLINDRICAL_SURFACE('',#15094,0.4064);
#15094 = AXIS2_PLACEMENT_3D('',#15095,#15096,#15097);
#15095 = CARTESIAN_POINT('',(74.069,-81.026,-4.6E-02));
#15096 = DIRECTION('',(-0.,0.,-1.));
#15097 = DIRECTION('',(3.49676543189E-14,-1.,-0.));
#15098 = ADVANCED_FACE('',(#15099),#15110,.F.);
#15099 = FACE_BOUND('',#15100,.T.);
#15100 = EDGE_LOOP('',(#15101,#15102,#15108,#15109));
#15101 = ORIENTED_EDGE('',*,*,#11705,.T.);
#15102 = ORIENTED_EDGE('',*,*,#15103,.T.);
#15103 = EDGE_CURVE('',#11706,#13186,#15104,.T.);
#15104 = LINE('',#15105,#15106);
#15105 = CARTESIAN_POINT('',(77.569,-81.4324,-4.6E-02));
#15106 = VECTOR('',#15107,1.);
#15107 = DIRECTION('',(0.,0.,1.));
#15108 = ORIENTED_EDGE('',*,*,#13185,.F.);
#15109 = ORIENTED_EDGE('',*,*,#15103,.F.);
#15110 = CYLINDRICAL_SURFACE('',#15111,0.4064);
#15111 = AXIS2_PLACEMENT_3D('',#15112,#15113,#15114);
#15112 = CARTESIAN_POINT('',(77.569,-81.026,-4.6E-02));
#15113 = DIRECTION('',(-0.,0.,-1.));
#15114 = DIRECTION('',(3.49676543189E-14,-1.,-0.));
#15115 = ADVANCED_FACE('',(#15116),#15127,.F.);
#15116 = FACE_BOUND('',#15117,.T.);
#15117 = EDGE_LOOP('',(#15118,#15119,#15125,#15126));
#15118 = ORIENTED_EDGE('',*,*,#11716,.T.);
#15119 = ORIENTED_EDGE('',*,*,#15120,.T.);
#15120 = EDGE_CURVE('',#11717,#13197,#15121,.T.);
#15121 = LINE('',#15122,#15123);
#15122 = CARTESIAN_POINT('',(48.006,-72.2884,-4.6E-02));
#15123 = VECTOR('',#15124,1.);
#15124 = DIRECTION('',(0.,0.,1.));
#15125 = ORIENTED_EDGE('',*,*,#13196,.F.);
#15126 = ORIENTED_EDGE('',*,*,#15120,.F.);
#15127 = CYLINDRICAL_SURFACE('',#15128,0.4064);
#15128 = AXIS2_PLACEMENT_3D('',#15129,#15130,#15131);
#15129 = CARTESIAN_POINT('',(48.006,-71.882,-4.6E-02));
#15130 = DIRECTION('',(-0.,-0.,-1.));
#15131 = DIRECTION('',(-0.,-1.,0.));
#15132 = ADVANCED_FACE('',(#15133),#15144,.F.);
#15133 = FACE_BOUND('',#15134,.T.);
#15134 = EDGE_LOOP('',(#15135,#15136,#15142,#15143));
#15135 = ORIENTED_EDGE('',*,*,#11727,.T.);
#15136 = ORIENTED_EDGE('',*,*,#15137,.T.);
#15137 = EDGE_CURVE('',#11728,#13208,#15138,.T.);
#15138 = LINE('',#15139,#15140);
#15139 = CARTESIAN_POINT('',(52.324,-72.2884,-4.6E-02));
#15140 = VECTOR('',#15141,1.);
#15141 = DIRECTION('',(0.,0.,1.));
#15142 = ORIENTED_EDGE('',*,*,#13207,.F.);
#15143 = ORIENTED_EDGE('',*,*,#15137,.F.);
#15144 = CYLINDRICAL_SURFACE('',#15145,0.4064);
#15145 = AXIS2_PLACEMENT_3D('',#15146,#15147,#15148);
#15146 = CARTESIAN_POINT('',(52.324,-71.882,-4.6E-02));
#15147 = DIRECTION('',(-0.,-0.,-1.));
#15148 = DIRECTION('',(-0.,-1.,0.));
#15149 = ADVANCED_FACE('',(#15150),#15161,.F.);
#15150 = FACE_BOUND('',#15151,.T.);
#15151 = EDGE_LOOP('',(#15152,#15153,#15159,#15160));
#15152 = ORIENTED_EDGE('',*,*,#11738,.T.);
#15153 = ORIENTED_EDGE('',*,*,#15154,.T.);
#15154 = EDGE_CURVE('',#11739,#13219,#15155,.T.);
#15155 = LINE('',#15156,#15157);
#15156 = CARTESIAN_POINT('',(56.007,-70.2564,-4.6E-02));
#15157 = VECTOR('',#15158,1.);
#15158 = DIRECTION('',(0.,0.,1.));
#15159 = ORIENTED_EDGE('',*,*,#13218,.F.);
#15160 = ORIENTED_EDGE('',*,*,#15154,.F.);
#15161 = CYLINDRICAL_SURFACE('',#15162,0.4064);
#15162 = AXIS2_PLACEMENT_3D('',#15163,#15164,#15165);
#15163 = CARTESIAN_POINT('',(56.007,-69.85,-4.6E-02));
#15164 = DIRECTION('',(-0.,-0.,-1.));
#15165 = DIRECTION('',(-1.748382715945E-14,-1.,0.));
#15166 = ADVANCED_FACE('',(#15167),#15178,.F.);
#15167 = FACE_BOUND('',#15168,.T.);
#15168 = EDGE_LOOP('',(#15169,#15170,#15176,#15177));
#15169 = ORIENTED_EDGE('',*,*,#11749,.T.);
#15170 = ORIENTED_EDGE('',*,*,#15171,.T.);
#15171 = EDGE_CURVE('',#11750,#13230,#15172,.T.);
#15172 = LINE('',#15173,#15174);
#15173 = CARTESIAN_POINT('',(72.049,-74.9554,-4.6E-02));
#15174 = VECTOR('',#15175,1.);
#15175 = DIRECTION('',(0.,0.,1.));
#15176 = ORIENTED_EDGE('',*,*,#13229,.F.);
#15177 = ORIENTED_EDGE('',*,*,#15171,.F.);
#15178 = CYLINDRICAL_SURFACE('',#15179,0.4064);
#15179 = AXIS2_PLACEMENT_3D('',#15180,#15181,#15182);
#15180 = CARTESIAN_POINT('',(72.049,-74.549,-4.6E-02));
#15181 = DIRECTION('',(-0.,-0.,-1.));
#15182 = DIRECTION('',(-0.,-1.,0.));
#15183 = ADVANCED_FACE('',(#15184),#15195,.F.);
#15184 = FACE_BOUND('',#15185,.T.);
#15185 = EDGE_LOOP('',(#15186,#15187,#15193,#15194));
#15186 = ORIENTED_EDGE('',*,*,#11760,.T.);
#15187 = ORIENTED_EDGE('',*,*,#15188,.T.);
#15188 = EDGE_CURVE('',#11761,#13241,#15189,.T.);
#15189 = LINE('',#15190,#15191);
#15190 = CARTESIAN_POINT('',(59.817,-70.2564,-4.6E-02));
#15191 = VECTOR('',#15192,1.);
#15192 = DIRECTION('',(0.,0.,1.));
#15193 = ORIENTED_EDGE('',*,*,#13240,.F.);
#15194 = ORIENTED_EDGE('',*,*,#15188,.F.);
#15195 = CYLINDRICAL_SURFACE('',#15196,0.4064);
#15196 = AXIS2_PLACEMENT_3D('',#15197,#15198,#15199);
#15197 = CARTESIAN_POINT('',(59.817,-69.85,-4.6E-02));
#15198 = DIRECTION('',(-0.,-0.,-1.));
#15199 = DIRECTION('',(-0.,-1.,0.));
#15200 = ADVANCED_FACE('',(#15201),#15212,.F.);
#15201 = FACE_BOUND('',#15202,.T.);
#15202 = EDGE_LOOP('',(#15203,#15204,#15210,#15211));
#15203 = ORIENTED_EDGE('',*,*,#11771,.T.);
#15204 = ORIENTED_EDGE('',*,*,#15205,.T.);
#15205 = EDGE_CURVE('',#11772,#13252,#15206,.T.);
#15206 = LINE('',#15207,#15208);
#15207 = CARTESIAN_POINT('',(77.049,-74.9554,-4.6E-02));
#15208 = VECTOR('',#15209,1.);
#15209 = DIRECTION('',(0.,0.,1.));
#15210 = ORIENTED_EDGE('',*,*,#13251,.F.);
#15211 = ORIENTED_EDGE('',*,*,#15205,.F.);
#15212 = CYLINDRICAL_SURFACE('',#15213,0.4064);
#15213 = AXIS2_PLACEMENT_3D('',#15214,#15215,#15216);
#15214 = CARTESIAN_POINT('',(77.049,-74.549,-4.6E-02));
#15215 = DIRECTION('',(-0.,-0.,-1.));
#15216 = DIRECTION('',(-0.,-1.,0.));
#15217 = ADVANCED_FACE('',(#15218),#15229,.F.);
#15218 = FACE_BOUND('',#15219,.T.);
#15219 = EDGE_LOOP('',(#15220,#15221,#15227,#15228));
#15220 = ORIENTED_EDGE('',*,*,#11782,.T.);
#15221 = ORIENTED_EDGE('',*,*,#15222,.T.);
#15222 = EDGE_CURVE('',#11783,#13263,#15223,.T.);
#15223 = LINE('',#15224,#15225);
#15224 = CARTESIAN_POINT('',(104.394,-87.1944,-4.6E-02));
#15225 = VECTOR('',#15226,1.);
#15226 = DIRECTION('',(0.,0.,1.));
#15227 = ORIENTED_EDGE('',*,*,#13262,.F.);
#15228 = ORIENTED_EDGE('',*,*,#15222,.F.);
#15229 = CYLINDRICAL_SURFACE('',#15230,0.4064);
#15230 = AXIS2_PLACEMENT_3D('',#15231,#15232,#15233);
#15231 = CARTESIAN_POINT('',(104.394,-86.788,-4.6E-02));
#15232 = DIRECTION('',(-0.,-0.,-1.));
#15233 = DIRECTION('',(-0.,-1.,0.));
#15234 = ADVANCED_FACE('',(#15235),#15246,.F.);
#15235 = FACE_BOUND('',#15236,.T.);
#15236 = EDGE_LOOP('',(#15237,#15238,#15244,#15245));
#15237 = ORIENTED_EDGE('',*,*,#11793,.T.);
#15238 = ORIENTED_EDGE('',*,*,#15239,.T.);
#15239 = EDGE_CURVE('',#11794,#13274,#15240,.T.);
#15240 = LINE('',#15241,#15242);
#15241 = CARTESIAN_POINT('',(108.077,-92.7354,-4.6E-02));
#15242 = VECTOR('',#15243,1.);
#15243 = DIRECTION('',(0.,0.,1.));
#15244 = ORIENTED_EDGE('',*,*,#13273,.F.);
#15245 = ORIENTED_EDGE('',*,*,#15239,.F.);
#15246 = CYLINDRICAL_SURFACE('',#15247,0.4064);
#15247 = AXIS2_PLACEMENT_3D('',#15248,#15249,#15250);
#15248 = CARTESIAN_POINT('',(108.077,-92.329,-4.6E-02));
#15249 = DIRECTION('',(-0.,-0.,-1.));
#15250 = DIRECTION('',(-0.,-1.,0.));
#15251 = ADVANCED_FACE('',(#15252),#15263,.F.);
#15252 = FACE_BOUND('',#15253,.T.);
#15253 = EDGE_LOOP('',(#15254,#15255,#15261,#15262));
#15254 = ORIENTED_EDGE('',*,*,#11804,.T.);
#15255 = ORIENTED_EDGE('',*,*,#15256,.T.);
#15256 = EDGE_CURVE('',#11805,#13285,#15257,.T.);
#15257 = LINE('',#15258,#15259);
#15258 = CARTESIAN_POINT('',(113.284,-89.1794,-4.6E-02));
#15259 = VECTOR('',#15260,1.);
#15260 = DIRECTION('',(0.,0.,1.));
#15261 = ORIENTED_EDGE('',*,*,#13284,.F.);
#15262 = ORIENTED_EDGE('',*,*,#15256,.F.);
#15263 = CYLINDRICAL_SURFACE('',#15264,0.4064);
#15264 = AXIS2_PLACEMENT_3D('',#15265,#15266,#15267);
#15265 = CARTESIAN_POINT('',(113.284,-88.773,-4.6E-02));
#15266 = DIRECTION('',(-0.,0.,-1.));
#15267 = DIRECTION('',(3.49676543189E-14,-1.,-0.));
#15268 = ADVANCED_FACE('',(#15269),#15280,.F.);
#15269 = FACE_BOUND('',#15270,.T.);
#15270 = EDGE_LOOP('',(#15271,#15272,#15278,#15279));
#15271 = ORIENTED_EDGE('',*,*,#11815,.T.);
#15272 = ORIENTED_EDGE('',*,*,#15273,.T.);
#15273 = EDGE_CURVE('',#11816,#13296,#15274,.T.);
#15274 = LINE('',#15275,#15276);
#15275 = CARTESIAN_POINT('',(113.284,-86.6394,-4.6E-02));
#15276 = VECTOR('',#15277,1.);
#15277 = DIRECTION('',(0.,0.,1.));
#15278 = ORIENTED_EDGE('',*,*,#13295,.F.);
#15279 = ORIENTED_EDGE('',*,*,#15273,.F.);
#15280 = CYLINDRICAL_SURFACE('',#15281,0.4064);
#15281 = AXIS2_PLACEMENT_3D('',#15282,#15283,#15284);
#15282 = CARTESIAN_POINT('',(113.284,-86.233,-4.6E-02));
#15283 = DIRECTION('',(-0.,0.,-1.));
#15284 = DIRECTION('',(3.49676543189E-14,-1.,-0.));
#15285 = ADVANCED_FACE('',(#15286),#15297,.F.);
#15286 = FACE_BOUND('',#15287,.T.);
#15287 = EDGE_LOOP('',(#15288,#15289,#15295,#15296));
#15288 = ORIENTED_EDGE('',*,*,#11826,.T.);
#15289 = ORIENTED_EDGE('',*,*,#15290,.T.);
#15290 = EDGE_CURVE('',#11827,#13307,#15291,.T.);
#15291 = LINE('',#15292,#15293);
#15292 = CARTESIAN_POINT('',(100.838,-84.7344,-4.6E-02));
#15293 = VECTOR('',#15294,1.);
#15294 = DIRECTION('',(0.,0.,1.));
#15295 = ORIENTED_EDGE('',*,*,#13306,.F.);
#15296 = ORIENTED_EDGE('',*,*,#15290,.F.);
#15297 = CYLINDRICAL_SURFACE('',#15298,0.4064);
#15298 = AXIS2_PLACEMENT_3D('',#15299,#15300,#15301);
#15299 = CARTESIAN_POINT('',(100.838,-84.328,-4.6E-02));
#15300 = DIRECTION('',(-0.,-0.,-1.));
#15301 = DIRECTION('',(-0.,-1.,0.));
#15302 = ADVANCED_FACE('',(#15303),#15314,.F.);
#15303 = FACE_BOUND('',#15304,.T.);
#15304 = EDGE_LOOP('',(#15305,#15306,#15312,#15313));
#15305 = ORIENTED_EDGE('',*,*,#11837,.T.);
#15306 = ORIENTED_EDGE('',*,*,#15307,.T.);
#15307 = EDGE_CURVE('',#11838,#13318,#15308,.T.);
#15308 = LINE('',#15309,#15310);
#15309 = CARTESIAN_POINT('',(104.394,-82.1944,-4.6E-02));
#15310 = VECTOR('',#15311,1.);
#15311 = DIRECTION('',(0.,0.,1.));
#15312 = ORIENTED_EDGE('',*,*,#13317,.F.);
#15313 = ORIENTED_EDGE('',*,*,#15307,.F.);
#15314 = CYLINDRICAL_SURFACE('',#15315,0.4064);
#15315 = AXIS2_PLACEMENT_3D('',#15316,#15317,#15318);
#15316 = CARTESIAN_POINT('',(104.394,-81.788,-4.6E-02));
#15317 = DIRECTION('',(-0.,-0.,-1.));
#15318 = DIRECTION('',(-0.,-1.,0.));
#15319 = ADVANCED_FACE('',(#15320),#15331,.F.);
#15320 = FACE_BOUND('',#15321,.T.);
#15321 = EDGE_LOOP('',(#15322,#15323,#15329,#15330));
#15322 = ORIENTED_EDGE('',*,*,#11848,.T.);
#15323 = ORIENTED_EDGE('',*,*,#15324,.T.);
#15324 = EDGE_CURVE('',#11849,#13329,#15325,.T.);
#15325 = LINE('',#15326,#15327);
#15326 = CARTESIAN_POINT('',(97.028,-80.4164,-4.6E-02));
#15327 = VECTOR('',#15328,1.);
#15328 = DIRECTION('',(0.,0.,1.));
#15329 = ORIENTED_EDGE('',*,*,#13328,.F.);
#15330 = ORIENTED_EDGE('',*,*,#15324,.F.);
#15331 = CYLINDRICAL_SURFACE('',#15332,0.4064);
#15332 = AXIS2_PLACEMENT_3D('',#15333,#15334,#15335);
#15333 = CARTESIAN_POINT('',(97.028,-80.01,-4.6E-02));
#15334 = DIRECTION('',(-0.,0.,-1.));
#15335 = DIRECTION('',(3.49676543189E-14,-1.,-0.));
#15336 = ADVANCED_FACE('',(#15337),#15348,.F.);
#15337 = FACE_BOUND('',#15338,.T.);
#15338 = EDGE_LOOP('',(#15339,#15340,#15346,#15347));
#15339 = ORIENTED_EDGE('',*,*,#11859,.T.);
#15340 = ORIENTED_EDGE('',*,*,#15341,.T.);
#15341 = EDGE_CURVE('',#11860,#13340,#15342,.T.);
#15342 = LINE('',#15343,#15344);
#15343 = CARTESIAN_POINT('',(108.077,-85.1154,-4.6E-02));
#15344 = VECTOR('',#15345,1.);
#15345 = DIRECTION('',(0.,0.,1.));
#15346 = ORIENTED_EDGE('',*,*,#13339,.F.);
#15347 = ORIENTED_EDGE('',*,*,#15341,.F.);
#15348 = CYLINDRICAL_SURFACE('',#15349,0.4064);
#15349 = AXIS2_PLACEMENT_3D('',#15350,#15351,#15352);
#15350 = CARTESIAN_POINT('',(108.077,-84.709,-4.6E-02));
#15351 = DIRECTION('',(-0.,-0.,-1.));
#15352 = DIRECTION('',(-0.,-1.,0.));
#15353 = ADVANCED_FACE('',(#15354),#15365,.F.);
#15354 = FACE_BOUND('',#15355,.T.);
#15355 = EDGE_LOOP('',(#15356,#15357,#15363,#15364));
#15356 = ORIENTED_EDGE('',*,*,#11870,.T.);
#15357 = ORIENTED_EDGE('',*,*,#15358,.T.);
#15358 = EDGE_CURVE('',#11871,#13351,#15359,.T.);
#15359 = LINE('',#15360,#15361);
#15360 = CARTESIAN_POINT('',(108.077,-82.1944,-4.6E-02));
#15361 = VECTOR('',#15362,1.);
#15362 = DIRECTION('',(0.,0.,1.));
#15363 = ORIENTED_EDGE('',*,*,#13350,.F.);
#15364 = ORIENTED_EDGE('',*,*,#15358,.F.);
#15365 = CYLINDRICAL_SURFACE('',#15366,0.4064);
#15366 = AXIS2_PLACEMENT_3D('',#15367,#15368,#15369);
#15367 = CARTESIAN_POINT('',(108.077,-81.788,-4.6E-02));
#15368 = DIRECTION('',(-0.,-0.,-1.));
#15369 = DIRECTION('',(-0.,-1.,0.));
#15370 = ADVANCED_FACE('',(#15371),#15382,.F.);
#15371 = FACE_BOUND('',#15372,.T.);
#15372 = EDGE_LOOP('',(#15373,#15374,#15380,#15381));
#15373 = ORIENTED_EDGE('',*,*,#11881,.T.);
#15374 = ORIENTED_EDGE('',*,*,#15375,.T.);
#15375 = EDGE_CURVE('',#11882,#13362,#15376,.T.);
#15376 = LINE('',#15377,#15378);
#15377 = CARTESIAN_POINT('',(113.284,-84.0994,-4.6E-02));
#15378 = VECTOR('',#15379,1.);
#15379 = DIRECTION('',(0.,0.,1.));
#15380 = ORIENTED_EDGE('',*,*,#13361,.F.);
#15381 = ORIENTED_EDGE('',*,*,#15375,.F.);
#15382 = CYLINDRICAL_SURFACE('',#15383,0.4064);
#15383 = AXIS2_PLACEMENT_3D('',#15384,#15385,#15386);
#15384 = CARTESIAN_POINT('',(113.284,-83.693,-4.6E-02));
#15385 = DIRECTION('',(-0.,0.,-1.));
#15386 = DIRECTION('',(3.49676543189E-14,-1.,-0.));
#15387 = ADVANCED_FACE('',(#15388),#15399,.F.);
#15388 = FACE_BOUND('',#15389,.T.);
#15389 = EDGE_LOOP('',(#15390,#15391,#15397,#15398));
#15390 = ORIENTED_EDGE('',*,*,#11892,.T.);
#15391 = ORIENTED_EDGE('',*,*,#15392,.T.);
#15392 = EDGE_CURVE('',#11893,#13373,#15393,.T.);
#15393 = LINE('',#15394,#15395);
#15394 = CARTESIAN_POINT('',(113.284,-81.5594,-4.6E-02));
#15395 = VECTOR('',#15396,1.);
#15396 = DIRECTION('',(0.,0.,1.));
#15397 = ORIENTED_EDGE('',*,*,#13372,.F.);
#15398 = ORIENTED_EDGE('',*,*,#15392,.F.);
#15399 = CYLINDRICAL_SURFACE('',#15400,0.4064);
#15400 = AXIS2_PLACEMENT_3D('',#15401,#15402,#15403);
#15401 = CARTESIAN_POINT('',(113.284,-81.153,-4.6E-02));
#15402 = DIRECTION('',(-0.,0.,-1.));
#15403 = DIRECTION('',(3.49676543189E-14,-1.,-0.));
#15404 = ADVANCED_FACE('',(#15405),#15416,.F.);
#15405 = FACE_BOUND('',#15406,.T.);
#15406 = EDGE_LOOP('',(#15407,#15408,#15414,#15415));
#15407 = ORIENTED_EDGE('',*,*,#11903,.T.);
#15408 = ORIENTED_EDGE('',*,*,#15409,.T.);
#15409 = EDGE_CURVE('',#11904,#13384,#15410,.T.);
#15410 = LINE('',#15411,#15412);
#15411 = CARTESIAN_POINT('',(115.904,-77.8764,-4.6E-02));
#15412 = VECTOR('',#15413,1.);
#15413 = DIRECTION('',(0.,0.,1.));
#15414 = ORIENTED_EDGE('',*,*,#13383,.F.);
#15415 = ORIENTED_EDGE('',*,*,#15409,.F.);
#15416 = CYLINDRICAL_SURFACE('',#15417,0.4064);
#15417 = AXIS2_PLACEMENT_3D('',#15418,#15419,#15420);
#15418 = CARTESIAN_POINT('',(115.904,-77.47,-4.6E-02));
#15419 = DIRECTION('',(-0.,-0.,-1.));
#15420 = DIRECTION('',(-0.,-1.,0.));
#15421 = ADVANCED_FACE('',(#15422),#15433,.F.);
#15422 = FACE_BOUND('',#15423,.T.);
#15423 = EDGE_LOOP('',(#15424,#15425,#15431,#15432));
#15424 = ORIENTED_EDGE('',*,*,#11914,.T.);
#15425 = ORIENTED_EDGE('',*,*,#15426,.T.);
#15426 = EDGE_CURVE('',#11915,#13395,#15427,.T.);
#15427 = LINE('',#15428,#15429);
#15428 = CARTESIAN_POINT('',(128.651,-92.7354,-4.6E-02));
#15429 = VECTOR('',#15430,1.);
#15430 = DIRECTION('',(0.,0.,1.));
#15431 = ORIENTED_EDGE('',*,*,#13394,.F.);
#15432 = ORIENTED_EDGE('',*,*,#15426,.F.);
#15433 = CYLINDRICAL_SURFACE('',#15434,0.4064);
#15434 = AXIS2_PLACEMENT_3D('',#15435,#15436,#15437);
#15435 = CARTESIAN_POINT('',(128.651,-92.329,-4.6E-02));
#15436 = DIRECTION('',(-0.,-0.,-1.));
#15437 = DIRECTION('',(-0.,-1.,0.));
#15438 = ADVANCED_FACE('',(#15439),#15450,.F.);
#15439 = FACE_BOUND('',#15440,.T.);
#15440 = EDGE_LOOP('',(#15441,#15442,#15448,#15449));
#15441 = ORIENTED_EDGE('',*,*,#11925,.T.);
#15442 = ORIENTED_EDGE('',*,*,#15443,.T.);
#15443 = EDGE_CURVE('',#11926,#13406,#15444,.T.);
#15444 = LINE('',#15445,#15446);
#15445 = CARTESIAN_POINT('',(120.904,-89.1794,-4.6E-02));
#15446 = VECTOR('',#15447,1.);
#15447 = DIRECTION('',(0.,0.,1.));
#15448 = ORIENTED_EDGE('',*,*,#13405,.F.);
#15449 = ORIENTED_EDGE('',*,*,#15443,.F.);
#15450 = CYLINDRICAL_SURFACE('',#15451,0.4064);
#15451 = AXIS2_PLACEMENT_3D('',#15452,#15453,#15454);
#15452 = CARTESIAN_POINT('',(120.904,-88.773,-4.6E-02));
#15453 = DIRECTION('',(-0.,-0.,-1.));
#15454 = DIRECTION('',(-0.,-1.,0.));
#15455 = ADVANCED_FACE('',(#15456),#15467,.F.);
#15456 = FACE_BOUND('',#15457,.T.);
#15457 = EDGE_LOOP('',(#15458,#15459,#15465,#15466));
#15458 = ORIENTED_EDGE('',*,*,#11936,.T.);
#15459 = ORIENTED_EDGE('',*,*,#15460,.T.);
#15460 = EDGE_CURVE('',#11937,#13417,#15461,.T.);
#15461 = LINE('',#15462,#15463);
#15462 = CARTESIAN_POINT('',(120.904,-86.6394,-4.6E-02));
#15463 = VECTOR('',#15464,1.);
#15464 = DIRECTION('',(0.,0.,1.));
#15465 = ORIENTED_EDGE('',*,*,#13416,.F.);
#15466 = ORIENTED_EDGE('',*,*,#15460,.F.);
#15467 = CYLINDRICAL_SURFACE('',#15468,0.4064);
#15468 = AXIS2_PLACEMENT_3D('',#15469,#15470,#15471);
#15469 = CARTESIAN_POINT('',(120.904,-86.233,-4.6E-02));
#15470 = DIRECTION('',(-0.,-0.,-1.));
#15471 = DIRECTION('',(-0.,-1.,0.));
#15472 = ADVANCED_FACE('',(#15473),#15484,.F.);
#15473 = FACE_BOUND('',#15474,.T.);
#15474 = EDGE_LOOP('',(#15475,#15476,#15482,#15483));
#15475 = ORIENTED_EDGE('',*,*,#11947,.T.);
#15476 = ORIENTED_EDGE('',*,*,#15477,.T.);
#15477 = EDGE_CURVE('',#11948,#13428,#15478,.T.);
#15478 = LINE('',#15479,#15480);
#15479 = CARTESIAN_POINT('',(124.841,-87.0204,-4.6E-02));
#15480 = VECTOR('',#15481,1.);
#15481 = DIRECTION('',(0.,0.,1.));
#15482 = ORIENTED_EDGE('',*,*,#13427,.F.);
#15483 = ORIENTED_EDGE('',*,*,#15477,.F.);
#15484 = CYLINDRICAL_SURFACE('',#15485,0.4064);
#15485 = AXIS2_PLACEMENT_3D('',#15486,#15487,#15488);
#15486 = CARTESIAN_POINT('',(124.841,-86.614,-4.6E-02));
#15487 = DIRECTION('',(-0.,-0.,-1.));
#15488 = DIRECTION('',(-3.49676543189E-14,-1.,0.));
#15489 = ADVANCED_FACE('',(#15490),#15501,.F.);
#15490 = FACE_BOUND('',#15491,.T.);
#15491 = EDGE_LOOP('',(#15492,#15493,#15499,#15500));
#15492 = ORIENTED_EDGE('',*,*,#11958,.T.);
#15493 = ORIENTED_EDGE('',*,*,#15494,.T.);
#15494 = EDGE_CURVE('',#11959,#13439,#15495,.T.);
#15495 = LINE('',#15496,#15497);
#15496 = CARTESIAN_POINT('',(147.32,-90.5,-4.6E-02));
#15497 = VECTOR('',#15498,1.);
#15498 = DIRECTION('',(0.,0.,1.));
#15499 = ORIENTED_EDGE('',*,*,#13438,.F.);
#15500 = ORIENTED_EDGE('',*,*,#15494,.F.);
#15501 = CYLINDRICAL_SURFACE('',#15502,1.6);
#15502 = AXIS2_PLACEMENT_3D('',#15503,#15504,#15505);
#15503 = CARTESIAN_POINT('',(147.32,-88.9,-4.6E-02));
#15504 = DIRECTION('',(-0.,-0.,-1.));
#15505 = DIRECTION('',(-0.,-1.,0.));
#15506 = ADVANCED_FACE('',(#15507),#15518,.F.);
#15507 = FACE_BOUND('',#15508,.T.);
#15508 = EDGE_LOOP('',(#15509,#15510,#15516,#15517));
#15509 = ORIENTED_EDGE('',*,*,#11969,.T.);
#15510 = ORIENTED_EDGE('',*,*,#15511,.T.);
#15511 = EDGE_CURVE('',#11970,#13450,#15512,.T.);
#15512 = LINE('',#15513,#15514);
#15513 = CARTESIAN_POINT('',(120.904,-84.0994,-4.6E-02));
#15514 = VECTOR('',#15515,1.);
#15515 = DIRECTION('',(0.,0.,1.));
#15516 = ORIENTED_EDGE('',*,*,#13449,.F.);
#15517 = ORIENTED_EDGE('',*,*,#15511,.F.);
#15518 = CYLINDRICAL_SURFACE('',#15519,0.4064);
#15519 = AXIS2_PLACEMENT_3D('',#15520,#15521,#15522);
#15520 = CARTESIAN_POINT('',(120.904,-83.693,-4.6E-02));
#15521 = DIRECTION('',(-0.,-0.,-1.));
#15522 = DIRECTION('',(-0.,-1.,0.));
#15523 = ADVANCED_FACE('',(#15524),#15535,.F.);
#15524 = FACE_BOUND('',#15525,.T.);
#15525 = EDGE_LOOP('',(#15526,#15527,#15533,#15534));
#15526 = ORIENTED_EDGE('',*,*,#11980,.T.);
#15527 = ORIENTED_EDGE('',*,*,#15528,.T.);
#15528 = EDGE_CURVE('',#11981,#13461,#15529,.T.);
#15529 = LINE('',#15530,#15531);
#15530 = CARTESIAN_POINT('',(120.904,-81.5594,-4.6E-02));
#15531 = VECTOR('',#15532,1.);
#15532 = DIRECTION('',(0.,0.,1.));
#15533 = ORIENTED_EDGE('',*,*,#13460,.F.);
#15534 = ORIENTED_EDGE('',*,*,#15528,.F.);
#15535 = CYLINDRICAL_SURFACE('',#15536,0.4064);
#15536 = AXIS2_PLACEMENT_3D('',#15537,#15538,#15539);
#15537 = CARTESIAN_POINT('',(120.904,-81.153,-4.6E-02));
#15538 = DIRECTION('',(-0.,-0.,-1.));
#15539 = DIRECTION('',(-0.,-1.,0.));
#15540 = ADVANCED_FACE('',(#15541),#15552,.F.);
#15541 = FACE_BOUND('',#15542,.T.);
#15542 = EDGE_LOOP('',(#15543,#15544,#15550,#15551));
#15543 = ORIENTED_EDGE('',*,*,#11991,.T.);
#15544 = ORIENTED_EDGE('',*,*,#15545,.T.);
#15545 = EDGE_CURVE('',#11992,#13472,#15546,.T.);
#15546 = LINE('',#15547,#15548);
#15547 = CARTESIAN_POINT('',(128.651,-82.5754,-4.6E-02));
#15548 = VECTOR('',#15549,1.);
#15549 = DIRECTION('',(0.,0.,1.));
#15550 = ORIENTED_EDGE('',*,*,#13471,.F.);
#15551 = ORIENTED_EDGE('',*,*,#15545,.F.);
#15552 = CYLINDRICAL_SURFACE('',#15553,0.4064);
#15553 = AXIS2_PLACEMENT_3D('',#15554,#15555,#15556);
#15554 = CARTESIAN_POINT('',(128.651,-82.169,-4.6E-02));
#15555 = DIRECTION('',(-0.,-0.,-1.));
#15556 = DIRECTION('',(-0.,-1.,0.));
#15557 = ADVANCED_FACE('',(#15558),#15569,.F.);
#15558 = FACE_BOUND('',#15559,.T.);
#15559 = EDGE_LOOP('',(#15560,#15561,#15567,#15568));
#15560 = ORIENTED_EDGE('',*,*,#12002,.T.);
#15561 = ORIENTED_EDGE('',*,*,#15562,.T.);
#15562 = EDGE_CURVE('',#12003,#13483,#15563,.T.);
#15563 = LINE('',#15564,#15565);
#15564 = CARTESIAN_POINT('',(120.904,-77.8764,-4.6E-02));
#15565 = VECTOR('',#15566,1.);
#15566 = DIRECTION('',(0.,0.,1.));
#15567 = ORIENTED_EDGE('',*,*,#13482,.F.);
#15568 = ORIENTED_EDGE('',*,*,#15562,.F.);
#15569 = CYLINDRICAL_SURFACE('',#15570,0.4064);
#15570 = AXIS2_PLACEMENT_3D('',#15571,#15572,#15573);
#15571 = CARTESIAN_POINT('',(120.904,-77.47,-4.6E-02));
#15572 = DIRECTION('',(-0.,-0.,-1.));
#15573 = DIRECTION('',(-0.,-1.,0.));
#15574 = ADVANCED_FACE('',(#15575),#15586,.F.);
#15575 = FACE_BOUND('',#15576,.T.);
#15576 = EDGE_LOOP('',(#15577,#15578,#15584,#15585));
#15577 = ORIENTED_EDGE('',*,*,#12013,.T.);
#15578 = ORIENTED_EDGE('',*,*,#15579,.T.);
#15579 = EDGE_CURVE('',#12014,#13494,#15580,.T.);
#15580 = LINE('',#15581,#15582);
#15581 = CARTESIAN_POINT('',(124.841,-76.8604,-4.6E-02));
#15582 = VECTOR('',#15583,1.);
#15583 = DIRECTION('',(0.,0.,1.));
#15584 = ORIENTED_EDGE('',*,*,#13493,.F.);
#15585 = ORIENTED_EDGE('',*,*,#15579,.F.);
#15586 = CYLINDRICAL_SURFACE('',#15587,0.4064);
#15587 = AXIS2_PLACEMENT_3D('',#15588,#15589,#15590);
#15588 = CARTESIAN_POINT('',(124.841,-76.454,-4.6E-02));
#15589 = DIRECTION('',(-0.,-0.,-1.));
#15590 = DIRECTION('',(-3.49676543189E-14,-1.,0.));
#15591 = ADVANCED_FACE('',(#15592),#15603,.F.);
#15592 = FACE_BOUND('',#15593,.T.);
#15593 = EDGE_LOOP('',(#15594,#15595,#15601,#15602));
#15594 = ORIENTED_EDGE('',*,*,#12024,.T.);
#15595 = ORIENTED_EDGE('',*,*,#15596,.T.);
#15596 = EDGE_CURVE('',#12025,#13505,#15597,.T.);
#15597 = LINE('',#15598,#15599);
#15598 = CARTESIAN_POINT('',(128.651,-80.4164,-4.6E-02));
#15599 = VECTOR('',#15600,1.);
#15600 = DIRECTION('',(0.,0.,1.));
#15601 = ORIENTED_EDGE('',*,*,#13504,.F.);
#15602 = ORIENTED_EDGE('',*,*,#15596,.F.);
#15603 = CYLINDRICAL_SURFACE('',#15604,0.4064);
#15604 = AXIS2_PLACEMENT_3D('',#15605,#15606,#15607);
#15605 = CARTESIAN_POINT('',(128.651,-80.01,-4.6E-02));
#15606 = DIRECTION('',(-0.,-0.,-1.));
#15607 = DIRECTION('',(-0.,-1.,0.));
#15608 = ADVANCED_FACE('',(#15609),#15620,.F.);
#15609 = FACE_BOUND('',#15610,.T.);
#15610 = EDGE_LOOP('',(#15611,#15612,#15618,#15619));
#15611 = ORIENTED_EDGE('',*,*,#12035,.T.);
#15612 = ORIENTED_EDGE('',*,*,#15613,.T.);
#15613 = EDGE_CURVE('',#12036,#13516,#15614,.T.);
#15614 = LINE('',#15615,#15616);
#15615 = CARTESIAN_POINT('',(88.9,-77.8,-4.6E-02));
#15616 = VECTOR('',#15617,1.);
#15617 = DIRECTION('',(0.,0.,1.));
#15618 = ORIENTED_EDGE('',*,*,#13515,.F.);
#15619 = ORIENTED_EDGE('',*,*,#15613,.F.);
#15620 = CYLINDRICAL_SURFACE('',#15621,1.6);
#15621 = AXIS2_PLACEMENT_3D('',#15622,#15623,#15624);
#15622 = CARTESIAN_POINT('',(88.9,-76.2,-4.6E-02));
#15623 = DIRECTION('',(-0.,-0.,-1.));
#15624 = DIRECTION('',(-0.,-1.,0.));
#15625 = ADVANCED_FACE('',(#15626),#15637,.F.);
#15626 = FACE_BOUND('',#15627,.T.);
#15627 = EDGE_LOOP('',(#15628,#15629,#15635,#15636));
#15628 = ORIENTED_EDGE('',*,*,#12046,.T.);
#15629 = ORIENTED_EDGE('',*,*,#15630,.T.);
#15630 = EDGE_CURVE('',#12047,#13527,#15631,.T.);
#15631 = LINE('',#15632,#15633);
#15632 = CARTESIAN_POINT('',(100.838,-74.5744,-4.6E-02));
#15633 = VECTOR('',#15634,1.);
#15634 = DIRECTION('',(0.,0.,1.));
#15635 = ORIENTED_EDGE('',*,*,#13526,.F.);
#15636 = ORIENTED_EDGE('',*,*,#15630,.F.);
#15637 = CYLINDRICAL_SURFACE('',#15638,0.4064);
#15638 = AXIS2_PLACEMENT_3D('',#15639,#15640,#15641);
#15639 = CARTESIAN_POINT('',(100.838,-74.168,-4.6E-02));
#15640 = DIRECTION('',(-0.,-0.,-1.));
#15641 = DIRECTION('',(-0.,-1.,0.));
#15642 = ADVANCED_FACE('',(#15643),#15654,.F.);
#15643 = FACE_BOUND('',#15644,.T.);
#15644 = EDGE_LOOP('',(#15645,#15646,#15652,#15653));
#15645 = ORIENTED_EDGE('',*,*,#12057,.T.);
#15646 = ORIENTED_EDGE('',*,*,#15647,.T.);
#15647 = EDGE_CURVE('',#12058,#13538,#15648,.T.);
#15648 = LINE('',#15649,#15650);
#15649 = CARTESIAN_POINT('',(97.028,-70.2564,-4.6E-02));
#15650 = VECTOR('',#15651,1.);
#15651 = DIRECTION('',(0.,0.,1.));
#15652 = ORIENTED_EDGE('',*,*,#13537,.F.);
#15653 = ORIENTED_EDGE('',*,*,#15647,.F.);
#15654 = CYLINDRICAL_SURFACE('',#15655,0.4064);
#15655 = AXIS2_PLACEMENT_3D('',#15656,#15657,#15658);
#15656 = CARTESIAN_POINT('',(97.028,-69.85,-4.6E-02));
#15657 = DIRECTION('',(-0.,0.,-1.));
#15658 = DIRECTION('',(3.49676543189E-14,-1.,-0.));
#15659 = ADVANCED_FACE('',(#15660),#15671,.F.);
#15660 = FACE_BOUND('',#15661,.T.);
#15661 = EDGE_LOOP('',(#15662,#15663,#15669,#15670));
#15662 = ORIENTED_EDGE('',*,*,#12068,.T.);
#15663 = ORIENTED_EDGE('',*,*,#15664,.T.);
#15664 = EDGE_CURVE('',#12069,#13549,#15665,.T.);
#15665 = LINE('',#15666,#15667);
#15666 = CARTESIAN_POINT('',(108.077,-74.5744,-4.6E-02));
#15667 = VECTOR('',#15668,1.);
#15668 = DIRECTION('',(0.,0.,1.));
#15669 = ORIENTED_EDGE('',*,*,#13548,.F.);
#15670 = ORIENTED_EDGE('',*,*,#15664,.F.);
#15671 = CYLINDRICAL_SURFACE('',#15672,0.4064);
#15672 = AXIS2_PLACEMENT_3D('',#15673,#15674,#15675);
#15673 = CARTESIAN_POINT('',(108.077,-74.168,-4.6E-02));
#15674 = DIRECTION('',(-0.,-0.,-1.));
#15675 = DIRECTION('',(-0.,-1.,0.));
#15676 = ADVANCED_FACE('',(#15677),#15688,.F.);
#15677 = FACE_BOUND('',#15678,.T.);
#15678 = EDGE_LOOP('',(#15679,#15680,#15686,#15687));
#15679 = ORIENTED_EDGE('',*,*,#12079,.T.);
#15680 = ORIENTED_EDGE('',*,*,#15681,.T.);
#15681 = EDGE_CURVE('',#12080,#13560,#15682,.T.);
#15682 = LINE('',#15683,#15684);
#15683 = CARTESIAN_POINT('',(115.904,-74.1934,-4.6E-02));
#15684 = VECTOR('',#15685,1.);
#15685 = DIRECTION('',(0.,0.,1.));
#15686 = ORIENTED_EDGE('',*,*,#13559,.F.);
#15687 = ORIENTED_EDGE('',*,*,#15681,.F.);
#15688 = CYLINDRICAL_SURFACE('',#15689,0.4064);
#15689 = AXIS2_PLACEMENT_3D('',#15690,#15691,#15692);
#15690 = CARTESIAN_POINT('',(115.904,-73.787,-4.6E-02));
#15691 = DIRECTION('',(-0.,-0.,-1.));
#15692 = DIRECTION('',(-0.,-1.,0.));
#15693 = ADVANCED_FACE('',(#15694),#15705,.F.);
#15694 = FACE_BOUND('',#15695,.T.);
#15695 = EDGE_LOOP('',(#15696,#15697,#15703,#15704));
#15696 = ORIENTED_EDGE('',*,*,#12090,.T.);
#15697 = ORIENTED_EDGE('',*,*,#15698,.T.);
#15698 = EDGE_CURVE('',#12091,#13571,#15699,.T.);
#15699 = LINE('',#15700,#15701);
#15700 = CARTESIAN_POINT('',(120.904,-74.1934,-4.6E-02));
#15701 = VECTOR('',#15702,1.);
#15702 = DIRECTION('',(0.,0.,1.));
#15703 = ORIENTED_EDGE('',*,*,#13570,.F.);
#15704 = ORIENTED_EDGE('',*,*,#15698,.F.);
#15705 = CYLINDRICAL_SURFACE('',#15706,0.4064);
#15706 = AXIS2_PLACEMENT_3D('',#15707,#15708,#15709);
#15707 = CARTESIAN_POINT('',(120.904,-73.787,-4.6E-02));
#15708 = DIRECTION('',(-0.,-0.,-1.));
#15709 = DIRECTION('',(-0.,-1.,0.));
#15710 = ADVANCED_FACE('',(#15711),#15722,.F.);
#15711 = FACE_BOUND('',#15712,.T.);
#15712 = EDGE_LOOP('',(#15713,#15714,#15720,#15721));
#15713 = ORIENTED_EDGE('',*,*,#12101,.T.);
#15714 = ORIENTED_EDGE('',*,*,#15715,.T.);
#15715 = EDGE_CURVE('',#12102,#13582,#15716,.T.);
#15716 = LINE('',#15717,#15718);
#15717 = CARTESIAN_POINT('',(128.651,-70.2564,-4.6E-02));
#15718 = VECTOR('',#15719,1.);
#15719 = DIRECTION('',(0.,0.,1.));
#15720 = ORIENTED_EDGE('',*,*,#13581,.F.);
#15721 = ORIENTED_EDGE('',*,*,#15715,.F.);
#15722 = CYLINDRICAL_SURFACE('',#15723,0.4064);
#15723 = AXIS2_PLACEMENT_3D('',#15724,#15725,#15726);
#15724 = CARTESIAN_POINT('',(128.651,-69.85,-4.6E-02));
#15725 = DIRECTION('',(-0.,-0.,-1.));
#15726 = DIRECTION('',(-0.,-1.,0.));
#15727 = ADVANCED_FACE('',(#15728),#15739,.F.);
#15728 = FACE_BOUND('',#15729,.T.);
#15729 = EDGE_LOOP('',(#15730,#15731,#15737,#15738));
#15730 = ORIENTED_EDGE('',*,*,#12112,.T.);
#15731 = ORIENTED_EDGE('',*,*,#15732,.T.);
#15732 = EDGE_CURVE('',#12113,#13593,#15733,.T.);
#15733 = LINE('',#15734,#15735);
#15734 = CARTESIAN_POINT('',(146.13,-75.9714,-4.6E-02));
#15735 = VECTOR('',#15736,1.);
#15736 = DIRECTION('',(0.,0.,1.));
#15737 = ORIENTED_EDGE('',*,*,#13592,.F.);
#15738 = ORIENTED_EDGE('',*,*,#15732,.F.);
#15739 = CYLINDRICAL_SURFACE('',#15740,0.4064);
#15740 = AXIS2_PLACEMENT_3D('',#15741,#15742,#15743);
#15741 = CARTESIAN_POINT('',(146.13,-75.565,-4.6E-02));
#15742 = DIRECTION('',(-0.,-0.,-1.));
#15743 = DIRECTION('',(-0.,-1.,0.));
#15744 = ADVANCED_FACE('',(#15745),#15756,.F.);
#15745 = FACE_BOUND('',#15746,.T.);
#15746 = EDGE_LOOP('',(#15747,#15748,#15754,#15755));
#15747 = ORIENTED_EDGE('',*,*,#12123,.T.);
#15748 = ORIENTED_EDGE('',*,*,#15749,.T.);
#15749 = EDGE_CURVE('',#12124,#13604,#15750,.T.);
#15750 = LINE('',#15751,#15752);
#15751 = CARTESIAN_POINT('',(151.13,-75.9714,-4.6E-02));
#15752 = VECTOR('',#15753,1.);
#15753 = DIRECTION('',(0.,0.,1.));
#15754 = ORIENTED_EDGE('',*,*,#13603,.F.);
#15755 = ORIENTED_EDGE('',*,*,#15749,.F.);
#15756 = CYLINDRICAL_SURFACE('',#15757,0.4064);
#15757 = AXIS2_PLACEMENT_3D('',#15758,#15759,#15760);
#15758 = CARTESIAN_POINT('',(151.13,-75.565,-4.6E-02));
#15759 = DIRECTION('',(-0.,-0.,-1.));
#15760 = DIRECTION('',(-0.,-1.,0.));
#15761 = ADVANCED_FACE('',(#15762),#15773,.F.);
#15762 = FACE_BOUND('',#15763,.T.);
#15763 = EDGE_LOOP('',(#15764,#15765,#15771,#15772));
#15764 = ORIENTED_EDGE('',*,*,#12134,.T.);
#15765 = ORIENTED_EDGE('',*,*,#15766,.T.);
#15766 = EDGE_CURVE('',#12135,#13615,#15767,.T.);
#15767 = LINE('',#15768,#15769);
#15768 = CARTESIAN_POINT('',(140.97,-72.5424,-4.6E-02));
#15769 = VECTOR('',#15770,1.);
#15770 = DIRECTION('',(0.,0.,1.));
#15771 = ORIENTED_EDGE('',*,*,#13614,.F.);
#15772 = ORIENTED_EDGE('',*,*,#15766,.F.);
#15773 = CYLINDRICAL_SURFACE('',#15774,0.4064);
#15774 = AXIS2_PLACEMENT_3D('',#15775,#15776,#15777);
#15775 = CARTESIAN_POINT('',(140.97,-72.136,-4.6E-02));
#15776 = DIRECTION('',(-0.,-0.,-1.));
#15777 = DIRECTION('',(-0.,-1.,0.));
#15778 = ADVANCED_FACE('',(#15779),#15790,.F.);
#15779 = FACE_BOUND('',#15780,.T.);
#15780 = EDGE_LOOP('',(#15781,#15782,#15788,#15789));
#15781 = ORIENTED_EDGE('',*,*,#12145,.T.);
#15782 = ORIENTED_EDGE('',*,*,#15783,.T.);
#15783 = EDGE_CURVE('',#12146,#13626,#15784,.T.);
#15784 = LINE('',#15785,#15786);
#15785 = CARTESIAN_POINT('',(141.478,-69.2404,-4.6E-02));
#15786 = VECTOR('',#15787,1.);
#15787 = DIRECTION('',(0.,0.,1.));
#15788 = ORIENTED_EDGE('',*,*,#13625,.F.);
#15789 = ORIENTED_EDGE('',*,*,#15783,.F.);
#15790 = CYLINDRICAL_SURFACE('',#15791,0.4064);
#15791 = AXIS2_PLACEMENT_3D('',#15792,#15793,#15794);
#15792 = CARTESIAN_POINT('',(141.478,-68.834,-4.6E-02));
#15793 = DIRECTION('',(-0.,-0.,-1.));
#15794 = DIRECTION('',(-0.,-1.,0.));
#15795 = ADVANCED_FACE('',(#15796),#15807,.F.);
#15796 = FACE_BOUND('',#15797,.T.);
#15797 = EDGE_LOOP('',(#15798,#15799,#15805,#15806));
#15798 = ORIENTED_EDGE('',*,*,#12156,.T.);
#15799 = ORIENTED_EDGE('',*,*,#15800,.T.);
#15800 = EDGE_CURVE('',#12157,#13637,#15801,.T.);
#15801 = LINE('',#15802,#15803);
#15802 = CARTESIAN_POINT('',(151.13,-72.5424,-4.6E-02));
#15803 = VECTOR('',#15804,1.);
#15804 = DIRECTION('',(0.,0.,1.));
#15805 = ORIENTED_EDGE('',*,*,#13636,.F.);
#15806 = ORIENTED_EDGE('',*,*,#15800,.F.);
#15807 = CYLINDRICAL_SURFACE('',#15808,0.4064);
#15808 = AXIS2_PLACEMENT_3D('',#15809,#15810,#15811);
#15809 = CARTESIAN_POINT('',(151.13,-72.136,-4.6E-02));
#15810 = DIRECTION('',(-0.,-0.,-1.));
#15811 = DIRECTION('',(-0.,-1.,0.));
#15812 = ADVANCED_FACE('',(#15813),#15824,.F.);
#15813 = FACE_BOUND('',#15814,.T.);
#15814 = EDGE_LOOP('',(#15815,#15816,#15822,#15823));
#15815 = ORIENTED_EDGE('',*,*,#12167,.T.);
#15816 = ORIENTED_EDGE('',*,*,#15817,.T.);
#15817 = EDGE_CURVE('',#12168,#13648,#15818,.T.);
#15818 = LINE('',#15819,#15820);
#15819 = CARTESIAN_POINT('',(149.098,-69.2404,-4.6E-02));
#15820 = VECTOR('',#15821,1.);
#15821 = DIRECTION('',(0.,0.,1.));
#15822 = ORIENTED_EDGE('',*,*,#13647,.F.);
#15823 = ORIENTED_EDGE('',*,*,#15817,.F.);
#15824 = CYLINDRICAL_SURFACE('',#15825,0.4064);
#15825 = AXIS2_PLACEMENT_3D('',#15826,#15827,#15828);
#15826 = CARTESIAN_POINT('',(149.098,-68.834,-4.6E-02));
#15827 = DIRECTION('',(-0.,-0.,-1.));
#15828 = DIRECTION('',(-0.,-1.,0.));
#15829 = ADVANCED_FACE('',(#15830),#15841,.F.);
#15830 = FACE_BOUND('',#15831,.T.);
#15831 = EDGE_LOOP('',(#15832,#15833,#15839,#15840));
#15832 = ORIENTED_EDGE('',*,*,#12178,.T.);
#15833 = ORIENTED_EDGE('',*,*,#15834,.T.);
#15834 = EDGE_CURVE('',#12179,#13659,#15835,.T.);
#15835 = LINE('',#15836,#15837);
#15836 = CARTESIAN_POINT('',(140.97,-65.6844,-4.6E-02));
#15837 = VECTOR('',#15838,1.);
#15838 = DIRECTION('',(0.,0.,1.));
#15839 = ORIENTED_EDGE('',*,*,#13658,.F.);
#15840 = ORIENTED_EDGE('',*,*,#15834,.F.);
#15841 = CYLINDRICAL_SURFACE('',#15842,0.4064);
#15842 = AXIS2_PLACEMENT_3D('',#15843,#15844,#15845);
#15843 = CARTESIAN_POINT('',(140.97,-65.278,-4.6E-02));
#15844 = DIRECTION('',(-0.,-0.,-1.));
#15845 = DIRECTION('',(-0.,-1.,0.));
#15846 = ADVANCED_FACE('',(#15847),#15858,.F.);
#15847 = FACE_BOUND('',#15848,.T.);
#15848 = EDGE_LOOP('',(#15849,#15850,#15856,#15857));
#15849 = ORIENTED_EDGE('',*,*,#12189,.T.);
#15850 = ORIENTED_EDGE('',*,*,#15851,.T.);
#15851 = EDGE_CURVE('',#12190,#13670,#15852,.T.);
#15852 = LINE('',#15853,#15854);
#15853 = CARTESIAN_POINT('',(148.59,-65.6844,-4.6E-02));
#15854 = VECTOR('',#15855,1.);
#15855 = DIRECTION('',(0.,0.,1.));
#15856 = ORIENTED_EDGE('',*,*,#13669,.F.);
#15857 = ORIENTED_EDGE('',*,*,#15851,.F.);
#15858 = CYLINDRICAL_SURFACE('',#15859,0.4064);
#15859 = AXIS2_PLACEMENT_3D('',#15860,#15861,#15862);
#15860 = CARTESIAN_POINT('',(148.59,-65.278,-4.6E-02));
#15861 = DIRECTION('',(-0.,-0.,-1.));
#15862 = DIRECTION('',(-0.,-1.,0.));
#15863 = ADVANCED_FACE('',(#15864),#15875,.F.);
#15864 = FACE_BOUND('',#15865,.T.);
#15865 = EDGE_LOOP('',(#15866,#15867,#15873,#15874));
#15866 = ORIENTED_EDGE('',*,*,#12200,.T.);
#15867 = ORIENTED_EDGE('',*,*,#15868,.T.);
#15868 = EDGE_CURVE('',#12201,#13681,#15869,.T.);
#15869 = LINE('',#15870,#15871);
#15870 = CARTESIAN_POINT('',(146.05,-60.9854,-4.6E-02));
#15871 = VECTOR('',#15872,1.);
#15872 = DIRECTION('',(0.,0.,1.));
#15873 = ORIENTED_EDGE('',*,*,#13680,.F.);
#15874 = ORIENTED_EDGE('',*,*,#15868,.F.);
#15875 = CYLINDRICAL_SURFACE('',#15876,0.4064);
#15876 = AXIS2_PLACEMENT_3D('',#15877,#15878,#15879);
#15877 = CARTESIAN_POINT('',(146.05,-60.579,-4.6E-02));
#15878 = DIRECTION('',(-0.,-0.,-1.));
#15879 = DIRECTION('',(-0.,-1.,0.));
#15880 = ADVANCED_FACE('',(#15881),#15892,.F.);
#15881 = FACE_BOUND('',#15882,.T.);
#15882 = EDGE_LOOP('',(#15883,#15884,#15890,#15891));
#15883 = ORIENTED_EDGE('',*,*,#12211,.T.);
#15884 = ORIENTED_EDGE('',*,*,#15885,.T.);
#15885 = EDGE_CURVE('',#12212,#13692,#15886,.T.);
#15886 = LINE('',#15887,#15888);
#15887 = CARTESIAN_POINT('',(148.59,-60.9854,-4.6E-02));
#15888 = VECTOR('',#15889,1.);
#15889 = DIRECTION('',(0.,0.,1.));
#15890 = ORIENTED_EDGE('',*,*,#13691,.F.);
#15891 = ORIENTED_EDGE('',*,*,#15885,.F.);
#15892 = CYLINDRICAL_SURFACE('',#15893,0.4064);
#15893 = AXIS2_PLACEMENT_3D('',#15894,#15895,#15896);
#15894 = CARTESIAN_POINT('',(148.59,-60.579,-4.6E-02));
#15895 = DIRECTION('',(-0.,-0.,-1.));
#15896 = DIRECTION('',(-0.,-1.,0.));
#15897 = ADVANCED_FACE('',(#15898),#15909,.F.);
#15898 = FACE_BOUND('',#15899,.T.);
#15899 = EDGE_LOOP('',(#15900,#15901,#15907,#15908));
#15900 = ORIENTED_EDGE('',*,*,#12222,.T.);
#15901 = ORIENTED_EDGE('',*,*,#15902,.T.);
#15902 = EDGE_CURVE('',#12223,#13703,#15903,.T.);
#15903 = LINE('',#15904,#15905);
#15904 = CARTESIAN_POINT('',(151.13,-60.9854,-4.6E-02));
#15905 = VECTOR('',#15906,1.);
#15906 = DIRECTION('',(0.,0.,1.));
#15907 = ORIENTED_EDGE('',*,*,#13702,.F.);
#15908 = ORIENTED_EDGE('',*,*,#15902,.F.);
#15909 = CYLINDRICAL_SURFACE('',#15910,0.4064);
#15910 = AXIS2_PLACEMENT_3D('',#15911,#15912,#15913);
#15911 = CARTESIAN_POINT('',(151.13,-60.579,-4.6E-02));
#15912 = DIRECTION('',(-0.,-0.,-1.));
#15913 = DIRECTION('',(-0.,-1.,0.));
#15914 = ADVANCED_FACE('',(#15915),#15926,.F.);
#15915 = FACE_BOUND('',#15916,.T.);
#15916 = EDGE_LOOP('',(#15917,#15918,#15924,#15925));
#15917 = ORIENTED_EDGE('',*,*,#12233,.T.);
#15918 = ORIENTED_EDGE('',*,*,#15919,.T.);
#15919 = EDGE_CURVE('',#12234,#13714,#15920,.T.);
#15920 = LINE('',#15921,#15922);
#15921 = CARTESIAN_POINT('',(29.21,-55.1434,-4.6E-02));
#15922 = VECTOR('',#15923,1.);
#15923 = DIRECTION('',(0.,0.,1.));
#15924 = ORIENTED_EDGE('',*,*,#13713,.F.);
#15925 = ORIENTED_EDGE('',*,*,#15919,.F.);
#15926 = CYLINDRICAL_SURFACE('',#15927,0.4064);
#15927 = AXIS2_PLACEMENT_3D('',#15928,#15929,#15930);
#15928 = CARTESIAN_POINT('',(29.21,-54.737,-4.6E-02));
#15929 = DIRECTION('',(-0.,-0.,-1.));
#15930 = DIRECTION('',(-0.,-1.,0.));
#15931 = ADVANCED_FACE('',(#15932),#15943,.F.);
#15932 = FACE_BOUND('',#15933,.T.);
#15933 = EDGE_LOOP('',(#15934,#15935,#15941,#15942));
#15934 = ORIENTED_EDGE('',*,*,#12244,.T.);
#15935 = ORIENTED_EDGE('',*,*,#15936,.T.);
#15936 = EDGE_CURVE('',#12245,#13725,#15937,.T.);
#15937 = LINE('',#15938,#15939);
#15938 = CARTESIAN_POINT('',(36.83,-55.1434,-4.6E-02));
#15939 = VECTOR('',#15940,1.);
#15940 = DIRECTION('',(0.,0.,1.));
#15941 = ORIENTED_EDGE('',*,*,#13724,.F.);
#15942 = ORIENTED_EDGE('',*,*,#15936,.F.);
#15943 = CYLINDRICAL_SURFACE('',#15944,0.4064);
#15944 = AXIS2_PLACEMENT_3D('',#15945,#15946,#15947);
#15945 = CARTESIAN_POINT('',(36.83,-54.737,-4.6E-02));
#15946 = DIRECTION('',(-0.,-0.,-1.));
#15947 = DIRECTION('',(-0.,-1.,0.));
#15948 = ADVANCED_FACE('',(#15949),#15960,.F.);
#15949 = FACE_BOUND('',#15950,.T.);
#15950 = EDGE_LOOP('',(#15951,#15952,#15958,#15959));
#15951 = ORIENTED_EDGE('',*,*,#12255,.T.);
#15952 = ORIENTED_EDGE('',*,*,#15953,.T.);
#15953 = EDGE_CURVE('',#12256,#13736,#15954,.T.);
#15954 = LINE('',#15955,#15956);
#15955 = CARTESIAN_POINT('',(26.67,-51.3334,-4.6E-02));
#15956 = VECTOR('',#15957,1.);
#15957 = DIRECTION('',(0.,0.,1.));
#15958 = ORIENTED_EDGE('',*,*,#13735,.F.);
#15959 = ORIENTED_EDGE('',*,*,#15953,.F.);
#15960 = CYLINDRICAL_SURFACE('',#15961,0.4064);
#15961 = AXIS2_PLACEMENT_3D('',#15962,#15963,#15964);
#15962 = CARTESIAN_POINT('',(26.67,-50.927,-4.6E-02));
#15963 = DIRECTION('',(-0.,-0.,-1.));
#15964 = DIRECTION('',(-0.,-1.,0.));
#15965 = ADVANCED_FACE('',(#15966),#15977,.F.);
#15966 = FACE_BOUND('',#15967,.T.);
#15967 = EDGE_LOOP('',(#15968,#15969,#15975,#15976));
#15968 = ORIENTED_EDGE('',*,*,#12266,.T.);
#15969 = ORIENTED_EDGE('',*,*,#15970,.T.);
#15970 = EDGE_CURVE('',#12267,#13747,#15971,.T.);
#15971 = LINE('',#15972,#15973);
#15972 = CARTESIAN_POINT('',(29.21,-51.3334,-4.6E-02));
#15973 = VECTOR('',#15974,1.);
#15974 = DIRECTION('',(0.,0.,1.));
#15975 = ORIENTED_EDGE('',*,*,#13746,.F.);
#15976 = ORIENTED_EDGE('',*,*,#15970,.F.);
#15977 = CYLINDRICAL_SURFACE('',#15978,0.4064);
#15978 = AXIS2_PLACEMENT_3D('',#15979,#15980,#15981);
#15979 = CARTESIAN_POINT('',(29.21,-50.927,-4.6E-02));
#15980 = DIRECTION('',(-0.,-0.,-1.));
#15981 = DIRECTION('',(-0.,-1.,0.));
#15982 = ADVANCED_FACE('',(#15983),#15994,.F.);
#15983 = FACE_BOUND('',#15984,.T.);
#15984 = EDGE_LOOP('',(#15985,#15986,#15992,#15993));
#15985 = ORIENTED_EDGE('',*,*,#12277,.T.);
#15986 = ORIENTED_EDGE('',*,*,#15987,.T.);
#15987 = EDGE_CURVE('',#12278,#13758,#15988,.T.);
#15988 = LINE('',#15989,#15990);
#15989 = CARTESIAN_POINT('',(31.75,-51.3334,-4.6E-02));
#15990 = VECTOR('',#15991,1.);
#15991 = DIRECTION('',(0.,0.,1.));
#15992 = ORIENTED_EDGE('',*,*,#13757,.F.);
#15993 = ORIENTED_EDGE('',*,*,#15987,.F.);
#15994 = CYLINDRICAL_SURFACE('',#15995,0.4064);
#15995 = AXIS2_PLACEMENT_3D('',#15996,#15997,#15998);
#15996 = CARTESIAN_POINT('',(31.75,-50.927,-4.6E-02));
#15997 = DIRECTION('',(-0.,-0.,-1.));
#15998 = DIRECTION('',(-0.,-1.,0.));
#15999 = ADVANCED_FACE('',(#16000),#16011,.F.);
#16000 = FACE_BOUND('',#16001,.T.);
#16001 = EDGE_LOOP('',(#16002,#16003,#16009,#16010));
#16002 = ORIENTED_EDGE('',*,*,#12288,.T.);
#16003 = ORIENTED_EDGE('',*,*,#16004,.T.);
#16004 = EDGE_CURVE('',#12289,#13769,#16005,.T.);
#16005 = LINE('',#16006,#16007);
#16006 = CARTESIAN_POINT('',(29.21,-46.7614,-4.6E-02));
#16007 = VECTOR('',#16008,1.);
#16008 = DIRECTION('',(0.,0.,1.));
#16009 = ORIENTED_EDGE('',*,*,#13768,.F.);
#16010 = ORIENTED_EDGE('',*,*,#16004,.F.);
#16011 = CYLINDRICAL_SURFACE('',#16012,0.4064);
#16012 = AXIS2_PLACEMENT_3D('',#16013,#16014,#16015);
#16013 = CARTESIAN_POINT('',(29.21,-46.355,-4.6E-02));
#16014 = DIRECTION('',(-0.,-0.,-1.));
#16015 = DIRECTION('',(-0.,-1.,0.));
#16016 = ADVANCED_FACE('',(#16017),#16028,.F.);
#16017 = FACE_BOUND('',#16018,.T.);
#16018 = EDGE_LOOP('',(#16019,#16020,#16026,#16027));
#16019 = ORIENTED_EDGE('',*,*,#12299,.T.);
#16020 = ORIENTED_EDGE('',*,*,#16021,.T.);
#16021 = EDGE_CURVE('',#12300,#13780,#16022,.T.);
#16022 = LINE('',#16023,#16024);
#16023 = CARTESIAN_POINT('',(36.83,-46.7614,-4.6E-02));
#16024 = VECTOR('',#16025,1.);
#16025 = DIRECTION('',(0.,0.,1.));
#16026 = ORIENTED_EDGE('',*,*,#13779,.F.);
#16027 = ORIENTED_EDGE('',*,*,#16021,.F.);
#16028 = CYLINDRICAL_SURFACE('',#16029,0.4064);
#16029 = AXIS2_PLACEMENT_3D('',#16030,#16031,#16032);
#16030 = CARTESIAN_POINT('',(36.83,-46.355,-4.6E-02));
#16031 = DIRECTION('',(-0.,-0.,-1.));
#16032 = DIRECTION('',(-0.,-1.,0.));
#16033 = ADVANCED_FACE('',(#16034),#16045,.F.);
#16034 = FACE_BOUND('',#16035,.T.);
#16035 = EDGE_LOOP('',(#16036,#16037,#16043,#16044));
#16036 = ORIENTED_EDGE('',*,*,#12310,.T.);
#16037 = ORIENTED_EDGE('',*,*,#16038,.T.);
#16038 = EDGE_CURVE('',#12311,#13791,#16039,.T.);
#16039 = LINE('',#16040,#16041);
#16040 = CARTESIAN_POINT('',(26.67,-43.0574,-4.6E-02));
#16041 = VECTOR('',#16042,1.);
#16042 = DIRECTION('',(0.,0.,1.));
#16043 = ORIENTED_EDGE('',*,*,#13790,.F.);
#16044 = ORIENTED_EDGE('',*,*,#16038,.F.);
#16045 = CYLINDRICAL_SURFACE('',#16046,0.4064);
#16046 = AXIS2_PLACEMENT_3D('',#16047,#16048,#16049);
#16047 = CARTESIAN_POINT('',(26.67,-42.651,-4.6E-02));
#16048 = DIRECTION('',(-0.,-0.,-1.));
#16049 = DIRECTION('',(-0.,-1.,0.));
#16050 = ADVANCED_FACE('',(#16051),#16062,.F.);
#16051 = FACE_BOUND('',#16052,.T.);
#16052 = EDGE_LOOP('',(#16053,#16054,#16060,#16061));
#16053 = ORIENTED_EDGE('',*,*,#12321,.T.);
#16054 = ORIENTED_EDGE('',*,*,#16055,.T.);
#16055 = EDGE_CURVE('',#12322,#13802,#16056,.T.);
#16056 = LINE('',#16057,#16058);
#16057 = CARTESIAN_POINT('',(29.21,-43.0574,-4.6E-02));
#16058 = VECTOR('',#16059,1.);
#16059 = DIRECTION('',(0.,0.,1.));
#16060 = ORIENTED_EDGE('',*,*,#13801,.F.);
#16061 = ORIENTED_EDGE('',*,*,#16055,.F.);
#16062 = CYLINDRICAL_SURFACE('',#16063,0.4064);
#16063 = AXIS2_PLACEMENT_3D('',#16064,#16065,#16066);
#16064 = CARTESIAN_POINT('',(29.21,-42.651,-4.6E-02));
#16065 = DIRECTION('',(-0.,-0.,-1.));
#16066 = DIRECTION('',(-0.,-1.,0.));
#16067 = ADVANCED_FACE('',(#16068),#16079,.F.);
#16068 = FACE_BOUND('',#16069,.T.);
#16069 = EDGE_LOOP('',(#16070,#16071,#16077,#16078));
#16070 = ORIENTED_EDGE('',*,*,#12332,.T.);
#16071 = ORIENTED_EDGE('',*,*,#16072,.T.);
#16072 = EDGE_CURVE('',#12333,#13813,#16073,.T.);
#16073 = LINE('',#16074,#16075);
#16074 = CARTESIAN_POINT('',(31.75,-43.0574,-4.6E-02));
#16075 = VECTOR('',#16076,1.);
#16076 = DIRECTION('',(0.,0.,1.));
#16077 = ORIENTED_EDGE('',*,*,#13812,.F.);
#16078 = ORIENTED_EDGE('',*,*,#16072,.F.);
#16079 = CYLINDRICAL_SURFACE('',#16080,0.4064);
#16080 = AXIS2_PLACEMENT_3D('',#16081,#16082,#16083);
#16081 = CARTESIAN_POINT('',(31.75,-42.651,-4.6E-02));
#16082 = DIRECTION('',(-0.,-0.,-1.));
#16083 = DIRECTION('',(-0.,-1.,0.));
#16084 = ADVANCED_FACE('',(#16085),#16096,.F.);
#16085 = FACE_BOUND('',#16086,.T.);
#16086 = EDGE_LOOP('',(#16087,#16088,#16094,#16095));
#16087 = ORIENTED_EDGE('',*,*,#12343,.T.);
#16088 = ORIENTED_EDGE('',*,*,#16089,.T.);
#16089 = EDGE_CURVE('',#12344,#13824,#16090,.T.);
#16090 = LINE('',#16091,#16092);
#16091 = CARTESIAN_POINT('',(29.25,-38.2524,-4.6E-02));
#16092 = VECTOR('',#16093,1.);
#16093 = DIRECTION('',(0.,0.,1.));
#16094 = ORIENTED_EDGE('',*,*,#13823,.F.);
#16095 = ORIENTED_EDGE('',*,*,#16089,.F.);
#16096 = CYLINDRICAL_SURFACE('',#16097,0.4064);
#16097 = AXIS2_PLACEMENT_3D('',#16098,#16099,#16100);
#16098 = CARTESIAN_POINT('',(29.25,-37.846,-4.6E-02));
#16099 = DIRECTION('',(-0.,-0.,-1.));
#16100 = DIRECTION('',(-0.,-1.,0.));
#16101 = ADVANCED_FACE('',(#16102),#16113,.F.);
#16102 = FACE_BOUND('',#16103,.T.);
#16103 = EDGE_LOOP('',(#16104,#16105,#16111,#16112));
#16104 = ORIENTED_EDGE('',*,*,#12354,.T.);
#16105 = ORIENTED_EDGE('',*,*,#16106,.T.);
#16106 = EDGE_CURVE('',#12355,#13835,#16107,.T.);
#16107 = LINE('',#16108,#16109);
#16108 = CARTESIAN_POINT('',(34.25,-38.2524,-4.6E-02));
#16109 = VECTOR('',#16110,1.);
#16110 = DIRECTION('',(0.,0.,1.));
#16111 = ORIENTED_EDGE('',*,*,#13834,.F.);
#16112 = ORIENTED_EDGE('',*,*,#16106,.F.);
#16113 = CYLINDRICAL_SURFACE('',#16114,0.4064);
#16114 = AXIS2_PLACEMENT_3D('',#16115,#16116,#16117);
#16115 = CARTESIAN_POINT('',(34.25,-37.846,-4.6E-02));
#16116 = DIRECTION('',(-0.,-0.,-1.));
#16117 = DIRECTION('',(-0.,-1.,0.));
#16118 = ADVANCED_FACE('',(#16119),#16130,.F.);
#16119 = FACE_BOUND('',#16120,.T.);
#16120 = EDGE_LOOP('',(#16121,#16122,#16128,#16129));
#16121 = ORIENTED_EDGE('',*,*,#12365,.T.);
#16122 = ORIENTED_EDGE('',*,*,#16123,.T.);
#16123 = EDGE_CURVE('',#12366,#13846,#16124,.T.);
#16124 = LINE('',#16125,#16126);
#16125 = CARTESIAN_POINT('',(26.67,-34.8234,-4.6E-02));
#16126 = VECTOR('',#16127,1.);
#16127 = DIRECTION('',(0.,0.,1.));
#16128 = ORIENTED_EDGE('',*,*,#13845,.F.);
#16129 = ORIENTED_EDGE('',*,*,#16123,.F.);
#16130 = CYLINDRICAL_SURFACE('',#16131,0.4064);
#16131 = AXIS2_PLACEMENT_3D('',#16132,#16133,#16134);
#16132 = CARTESIAN_POINT('',(26.67,-34.417,-4.6E-02));
#16133 = DIRECTION('',(-0.,-0.,-1.));
#16134 = DIRECTION('',(-0.,-1.,0.));
#16135 = ADVANCED_FACE('',(#16136),#16147,.F.);
#16136 = FACE_BOUND('',#16137,.T.);
#16137 = EDGE_LOOP('',(#16138,#16139,#16145,#16146));
#16138 = ORIENTED_EDGE('',*,*,#12376,.T.);
#16139 = ORIENTED_EDGE('',*,*,#16140,.T.);
#16140 = EDGE_CURVE('',#12377,#13857,#16141,.T.);
#16141 = LINE('',#16142,#16143);
#16142 = CARTESIAN_POINT('',(36.83,-34.8234,-4.6E-02));
#16143 = VECTOR('',#16144,1.);
#16144 = DIRECTION('',(0.,0.,1.));
#16145 = ORIENTED_EDGE('',*,*,#13856,.F.);
#16146 = ORIENTED_EDGE('',*,*,#16140,.F.);
#16147 = CYLINDRICAL_SURFACE('',#16148,0.4064);
#16148 = AXIS2_PLACEMENT_3D('',#16149,#16150,#16151);
#16149 = CARTESIAN_POINT('',(36.83,-34.417,-4.6E-02));
#16150 = DIRECTION('',(-0.,-0.,-1.));
#16151 = DIRECTION('',(-0.,-1.,0.));
#16152 = ADVANCED_FACE('',(#16153),#16164,.F.);
#16153 = FACE_BOUND('',#16154,.T.);
#16154 = EDGE_LOOP('',(#16155,#16156,#16162,#16163));
#16155 = ORIENTED_EDGE('',*,*,#12387,.T.);
#16156 = ORIENTED_EDGE('',*,*,#16157,.T.);
#16157 = EDGE_CURVE('',#12388,#13868,#16158,.T.);
#16158 = LINE('',#16159,#16160);
#16159 = CARTESIAN_POINT('',(29.21,-30.81,-4.6E-02));
#16160 = VECTOR('',#16161,1.);
#16161 = DIRECTION('',(0.,0.,1.));
#16162 = ORIENTED_EDGE('',*,*,#13867,.F.);
#16163 = ORIENTED_EDGE('',*,*,#16157,.F.);
#16164 = CYLINDRICAL_SURFACE('',#16165,1.6);
#16165 = AXIS2_PLACEMENT_3D('',#16166,#16167,#16168);
#16166 = CARTESIAN_POINT('',(29.21,-29.21,-4.6E-02));
#16167 = DIRECTION('',(-0.,-0.,-1.));
#16168 = DIRECTION('',(-0.,-1.,0.));
#16169 = ADVANCED_FACE('',(#16170),#16181,.F.);
#16170 = FACE_BOUND('',#16171,.T.);
#16171 = EDGE_LOOP('',(#16172,#16173,#16179,#16180));
#16172 = ORIENTED_EDGE('',*,*,#12398,.T.);
#16173 = ORIENTED_EDGE('',*,*,#16174,.T.);
#16174 = EDGE_CURVE('',#12399,#13879,#16175,.T.);
#16175 = LINE('',#16176,#16177);
#16176 = CARTESIAN_POINT('',(34.885,-29.6214,-4.6E-02));
#16177 = VECTOR('',#16178,1.);
#16178 = DIRECTION('',(0.,0.,1.));
#16179 = ORIENTED_EDGE('',*,*,#13878,.F.);
#16180 = ORIENTED_EDGE('',*,*,#16174,.F.);
#16181 = CYLINDRICAL_SURFACE('',#16182,0.4064);
#16182 = AXIS2_PLACEMENT_3D('',#16183,#16184,#16185);
#16183 = CARTESIAN_POINT('',(34.885,-29.215,-4.6E-02));
#16184 = DIRECTION('',(-0.,-0.,-1.));
#16185 = DIRECTION('',(-1.748382715945E-14,-1.,0.));
#16186 = ADVANCED_FACE('',(#16187),#16198,.F.);
#16187 = FACE_BOUND('',#16188,.T.);
#16188 = EDGE_LOOP('',(#16189,#16190,#16196,#16197));
#16189 = ORIENTED_EDGE('',*,*,#12409,.T.);
#16190 = ORIENTED_EDGE('',*,*,#16191,.T.);
#16191 = EDGE_CURVE('',#12410,#13890,#16192,.T.);
#16192 = LINE('',#16193,#16194);
#16193 = CARTESIAN_POINT('',(34.885,-27.0814,-4.6E-02));
#16194 = VECTOR('',#16195,1.);
#16195 = DIRECTION('',(0.,0.,1.));
#16196 = ORIENTED_EDGE('',*,*,#13889,.F.);
#16197 = ORIENTED_EDGE('',*,*,#16191,.F.);
#16198 = CYLINDRICAL_SURFACE('',#16199,0.4064);
#16199 = AXIS2_PLACEMENT_3D('',#16200,#16201,#16202);
#16200 = CARTESIAN_POINT('',(34.885,-26.675,-4.6E-02));
#16201 = DIRECTION('',(-0.,-0.,-1.));
#16202 = DIRECTION('',(-1.748382715945E-14,-1.,0.));
#16203 = ADVANCED_FACE('',(#16204),#16215,.F.);
#16204 = FACE_BOUND('',#16205,.T.);
#16205 = EDGE_LOOP('',(#16206,#16207,#16213,#16214));
#16206 = ORIENTED_EDGE('',*,*,#12420,.T.);
#16207 = ORIENTED_EDGE('',*,*,#16208,.T.);
#16208 = EDGE_CURVE('',#12421,#13901,#16209,.T.);
#16209 = LINE('',#16210,#16211);
#16210 = CARTESIAN_POINT('',(140.97,-57.0484,-4.6E-02));
#16211 = VECTOR('',#16212,1.);
#16212 = DIRECTION('',(0.,0.,1.));
#16213 = ORIENTED_EDGE('',*,*,#13900,.F.);
#16214 = ORIENTED_EDGE('',*,*,#16208,.F.);
#16215 = CYLINDRICAL_SURFACE('',#16216,0.4064);
#16216 = AXIS2_PLACEMENT_3D('',#16217,#16218,#16219);
#16217 = CARTESIAN_POINT('',(140.97,-56.642,-4.6E-02));
#16218 = DIRECTION('',(-0.,-0.,-1.));
#16219 = DIRECTION('',(-0.,-1.,0.));
#16220 = ADVANCED_FACE('',(#16221),#16232,.F.);
#16221 = FACE_BOUND('',#16222,.T.);
#16222 = EDGE_LOOP('',(#16223,#16224,#16230,#16231));
#16223 = ORIENTED_EDGE('',*,*,#12431,.T.);
#16224 = ORIENTED_EDGE('',*,*,#16225,.T.);
#16225 = EDGE_CURVE('',#12432,#13912,#16226,.T.);
#16226 = LINE('',#16227,#16228);
#16227 = CARTESIAN_POINT('',(148.59,-57.0484,-4.6E-02));
#16228 = VECTOR('',#16229,1.);
#16229 = DIRECTION('',(0.,0.,1.));
#16230 = ORIENTED_EDGE('',*,*,#13911,.F.);
#16231 = ORIENTED_EDGE('',*,*,#16225,.F.);
#16232 = CYLINDRICAL_SURFACE('',#16233,0.4064);
#16233 = AXIS2_PLACEMENT_3D('',#16234,#16235,#16236);
#16234 = CARTESIAN_POINT('',(148.59,-56.642,-4.6E-02));
#16235 = DIRECTION('',(-0.,-0.,-1.));
#16236 = DIRECTION('',(-0.,-1.,0.));
#16237 = ADVANCED_FACE('',(#16238),#16249,.F.);
#16238 = FACE_BOUND('',#16239,.T.);
#16239 = EDGE_LOOP('',(#16240,#16241,#16247,#16248));
#16240 = ORIENTED_EDGE('',*,*,#12442,.T.);
#16241 = ORIENTED_EDGE('',*,*,#16242,.T.);
#16242 = EDGE_CURVE('',#12443,#13923,#16243,.T.);
#16243 = LINE('',#16244,#16245);
#16244 = CARTESIAN_POINT('',(143.59,-53.6194,-4.6E-02));
#16245 = VECTOR('',#16246,1.);
#16246 = DIRECTION('',(0.,0.,1.));
#16247 = ORIENTED_EDGE('',*,*,#13922,.F.);
#16248 = ORIENTED_EDGE('',*,*,#16242,.F.);
#16249 = CYLINDRICAL_SURFACE('',#16250,0.4064);
#16250 = AXIS2_PLACEMENT_3D('',#16251,#16252,#16253);
#16251 = CARTESIAN_POINT('',(143.59,-53.213,-4.6E-02));
#16252 = DIRECTION('',(-0.,-0.,-1.));
#16253 = DIRECTION('',(-0.,-1.,0.));
#16254 = ADVANCED_FACE('',(#16255),#16266,.F.);
#16255 = FACE_BOUND('',#16256,.T.);
#16256 = EDGE_LOOP('',(#16257,#16258,#16264,#16265));
#16257 = ORIENTED_EDGE('',*,*,#12453,.T.);
#16258 = ORIENTED_EDGE('',*,*,#16259,.T.);
#16259 = EDGE_CURVE('',#12454,#13934,#16260,.T.);
#16260 = LINE('',#16261,#16262);
#16261 = CARTESIAN_POINT('',(148.59,-53.6194,-4.6E-02));
#16262 = VECTOR('',#16263,1.);
#16263 = DIRECTION('',(0.,0.,1.));
#16264 = ORIENTED_EDGE('',*,*,#13933,.F.);
#16265 = ORIENTED_EDGE('',*,*,#16259,.F.);
#16266 = CYLINDRICAL_SURFACE('',#16267,0.4064);
#16267 = AXIS2_PLACEMENT_3D('',#16268,#16269,#16270);
#16268 = CARTESIAN_POINT('',(148.59,-53.213,-4.6E-02));
#16269 = DIRECTION('',(-0.,-0.,-1.));
#16270 = DIRECTION('',(-0.,-1.,0.));
#16271 = ADVANCED_FACE('',(#16272),#16283,.F.);
#16272 = FACE_BOUND('',#16273,.T.);
#16273 = EDGE_LOOP('',(#16274,#16275,#16281,#16282));
#16274 = ORIENTED_EDGE('',*,*,#12464,.T.);
#16275 = ORIENTED_EDGE('',*,*,#16276,.T.);
#16276 = EDGE_CURVE('',#12465,#13945,#16277,.T.);
#16277 = LINE('',#16278,#16279);
#16278 = CARTESIAN_POINT('',(140.97,-50.1904,-4.6E-02));
#16279 = VECTOR('',#16280,1.);
#16280 = DIRECTION('',(0.,0.,1.));
#16281 = ORIENTED_EDGE('',*,*,#13944,.F.);
#16282 = ORIENTED_EDGE('',*,*,#16276,.F.);
#16283 = CYLINDRICAL_SURFACE('',#16284,0.4064);
#16284 = AXIS2_PLACEMENT_3D('',#16285,#16286,#16287);
#16285 = CARTESIAN_POINT('',(140.97,-49.784,-4.6E-02));
#16286 = DIRECTION('',(-0.,-0.,-1.));
#16287 = DIRECTION('',(-0.,-1.,0.));
#16288 = ADVANCED_FACE('',(#16289),#16300,.F.);
#16289 = FACE_BOUND('',#16290,.T.);
#16290 = EDGE_LOOP('',(#16291,#16292,#16298,#16299));
#16291 = ORIENTED_EDGE('',*,*,#12475,.T.);
#16292 = ORIENTED_EDGE('',*,*,#16293,.T.);
#16293 = EDGE_CURVE('',#12476,#13956,#16294,.T.);
#16294 = LINE('',#16295,#16296);
#16295 = CARTESIAN_POINT('',(148.59,-50.1904,-4.6E-02));
#16296 = VECTOR('',#16297,1.);
#16297 = DIRECTION('',(0.,0.,1.));
#16298 = ORIENTED_EDGE('',*,*,#13955,.F.);
#16299 = ORIENTED_EDGE('',*,*,#16293,.F.);
#16300 = CYLINDRICAL_SURFACE('',#16301,0.4064);
#16301 = AXIS2_PLACEMENT_3D('',#16302,#16303,#16304);
#16302 = CARTESIAN_POINT('',(148.59,-49.784,-4.6E-02));
#16303 = DIRECTION('',(-0.,-0.,-1.));
#16304 = DIRECTION('',(-0.,-1.,0.));
#16305 = ADVANCED_FACE('',(#16306),#16317,.F.);
#16306 = FACE_BOUND('',#16307,.T.);
#16307 = EDGE_LOOP('',(#16308,#16309,#16315,#16316));
#16308 = ORIENTED_EDGE('',*,*,#12486,.T.);
#16309 = ORIENTED_EDGE('',*,*,#16310,.T.);
#16310 = EDGE_CURVE('',#12487,#13967,#16311,.T.);
#16311 = LINE('',#16312,#16313);
#16312 = CARTESIAN_POINT('',(146.05,-45.6394,-4.6E-02));
#16313 = VECTOR('',#16314,1.);
#16314 = DIRECTION('',(0.,0.,1.));
#16315 = ORIENTED_EDGE('',*,*,#13966,.F.);
#16316 = ORIENTED_EDGE('',*,*,#16310,.F.);
#16317 = CYLINDRICAL_SURFACE('',#16318,0.4064);
#16318 = AXIS2_PLACEMENT_3D('',#16319,#16320,#16321);
#16319 = CARTESIAN_POINT('',(146.05,-45.233,-4.6E-02));
#16320 = DIRECTION('',(-0.,-0.,-1.));
#16321 = DIRECTION('',(-0.,-1.,0.));
#16322 = ADVANCED_FACE('',(#16323),#16334,.F.);
#16323 = FACE_BOUND('',#16324,.T.);
#16324 = EDGE_LOOP('',(#16325,#16326,#16332,#16333));
#16325 = ORIENTED_EDGE('',*,*,#12497,.T.);
#16326 = ORIENTED_EDGE('',*,*,#16327,.T.);
#16327 = EDGE_CURVE('',#12498,#13978,#16328,.T.);
#16328 = LINE('',#16329,#16330);
#16329 = CARTESIAN_POINT('',(148.59,-45.6394,-4.6E-02));
#16330 = VECTOR('',#16331,1.);
#16331 = DIRECTION('',(0.,0.,1.));
#16332 = ORIENTED_EDGE('',*,*,#13977,.F.);
#16333 = ORIENTED_EDGE('',*,*,#16327,.F.);
#16334 = CYLINDRICAL_SURFACE('',#16335,0.4064);
#16335 = AXIS2_PLACEMENT_3D('',#16336,#16337,#16338);
#16336 = CARTESIAN_POINT('',(148.59,-45.233,-4.6E-02));
#16337 = DIRECTION('',(-0.,-0.,-1.));
#16338 = DIRECTION('',(-0.,-1.,0.));
#16339 = ADVANCED_FACE('',(#16340),#16351,.F.);
#16340 = FACE_BOUND('',#16341,.T.);
#16341 = EDGE_LOOP('',(#16342,#16343,#16349,#16350));
#16342 = ORIENTED_EDGE('',*,*,#12508,.T.);
#16343 = ORIENTED_EDGE('',*,*,#16344,.T.);
#16344 = EDGE_CURVE('',#12509,#13989,#16345,.T.);
#16345 = LINE('',#16346,#16347);
#16346 = CARTESIAN_POINT('',(151.13,-45.6394,-4.6E-02));
#16347 = VECTOR('',#16348,1.);
#16348 = DIRECTION('',(0.,0.,1.));
#16349 = ORIENTED_EDGE('',*,*,#13988,.F.);
#16350 = ORIENTED_EDGE('',*,*,#16344,.F.);
#16351 = CYLINDRICAL_SURFACE('',#16352,0.4064);
#16352 = AXIS2_PLACEMENT_3D('',#16353,#16354,#16355);
#16353 = CARTESIAN_POINT('',(151.13,-45.233,-4.6E-02));
#16354 = DIRECTION('',(-0.,-0.,-1.));
#16355 = DIRECTION('',(-0.,-1.,0.));
#16356 = ADVANCED_FACE('',(#16357),#16368,.F.);
#16357 = FACE_BOUND('',#16358,.T.);
#16358 = EDGE_LOOP('',(#16359,#16360,#16366,#16367));
#16359 = ORIENTED_EDGE('',*,*,#12519,.T.);
#16360 = ORIENTED_EDGE('',*,*,#16361,.T.);
#16361 = EDGE_CURVE('',#12520,#14000,#16362,.T.);
#16362 = LINE('',#16363,#16364);
#16363 = CARTESIAN_POINT('',(140.97,-41.8084,-4.6E-02));
#16364 = VECTOR('',#16365,1.);
#16365 = DIRECTION('',(0.,0.,1.));
#16366 = ORIENTED_EDGE('',*,*,#13999,.F.);
#16367 = ORIENTED_EDGE('',*,*,#16361,.F.);
#16368 = CYLINDRICAL_SURFACE('',#16369,0.4064);
#16369 = AXIS2_PLACEMENT_3D('',#16370,#16371,#16372);
#16370 = CARTESIAN_POINT('',(140.97,-41.402,-4.6E-02));
#16371 = DIRECTION('',(-0.,-0.,-1.));
#16372 = DIRECTION('',(-0.,-1.,0.));
#16373 = ADVANCED_FACE('',(#16374),#16385,.F.);
#16374 = FACE_BOUND('',#16375,.T.);
#16375 = EDGE_LOOP('',(#16376,#16377,#16383,#16384));
#16376 = ORIENTED_EDGE('',*,*,#12530,.T.);
#16377 = ORIENTED_EDGE('',*,*,#16378,.T.);
#16378 = EDGE_CURVE('',#12531,#14011,#16379,.T.);
#16379 = LINE('',#16380,#16381);
#16380 = CARTESIAN_POINT('',(148.59,-41.8084,-4.6E-02));
#16381 = VECTOR('',#16382,1.);
#16382 = DIRECTION('',(0.,0.,1.));
#16383 = ORIENTED_EDGE('',*,*,#14010,.F.);
#16384 = ORIENTED_EDGE('',*,*,#16378,.F.);
#16385 = CYLINDRICAL_SURFACE('',#16386,0.4064);
#16386 = AXIS2_PLACEMENT_3D('',#16387,#16388,#16389);
#16387 = CARTESIAN_POINT('',(148.59,-41.402,-4.6E-02));
#16388 = DIRECTION('',(-0.,-0.,-1.));
#16389 = DIRECTION('',(-0.,-1.,0.));
#16390 = ADVANCED_FACE('',(#16391),#16402,.F.);
#16391 = FACE_BOUND('',#16392,.T.);
#16392 = EDGE_LOOP('',(#16393,#16394,#16400,#16401));
#16393 = ORIENTED_EDGE('',*,*,#12541,.T.);
#16394 = ORIENTED_EDGE('',*,*,#16395,.T.);
#16395 = EDGE_CURVE('',#12542,#14022,#16396,.T.);
#16396 = LINE('',#16397,#16398);
#16397 = CARTESIAN_POINT('',(143.51,-38.5064,-4.6E-02));
#16398 = VECTOR('',#16399,1.);
#16399 = DIRECTION('',(0.,0.,1.));
#16400 = ORIENTED_EDGE('',*,*,#14021,.F.);
#16401 = ORIENTED_EDGE('',*,*,#16395,.F.);
#16402 = CYLINDRICAL_SURFACE('',#16403,0.4064);
#16403 = AXIS2_PLACEMENT_3D('',#16404,#16405,#16406);
#16404 = CARTESIAN_POINT('',(143.51,-38.1,-4.6E-02));
#16405 = DIRECTION('',(-0.,-0.,-1.));
#16406 = DIRECTION('',(-0.,-1.,0.));
#16407 = ADVANCED_FACE('',(#16408),#16419,.F.);
#16408 = FACE_BOUND('',#16409,.T.);
#16409 = EDGE_LOOP('',(#16410,#16411,#16417,#16418));
#16410 = ORIENTED_EDGE('',*,*,#12552,.T.);
#16411 = ORIENTED_EDGE('',*,*,#16412,.T.);
#16412 = EDGE_CURVE('',#12553,#14033,#16413,.T.);
#16413 = LINE('',#16414,#16415);
#16414 = CARTESIAN_POINT('',(143.51,-35.0774,-4.6E-02));
#16415 = VECTOR('',#16416,1.);
#16416 = DIRECTION('',(0.,0.,1.));
#16417 = ORIENTED_EDGE('',*,*,#14032,.F.);
#16418 = ORIENTED_EDGE('',*,*,#16412,.F.);
#16419 = CYLINDRICAL_SURFACE('',#16420,0.4064);
#16420 = AXIS2_PLACEMENT_3D('',#16421,#16422,#16423);
#16421 = CARTESIAN_POINT('',(143.51,-34.671,-4.6E-02));
#16422 = DIRECTION('',(-0.,-0.,-1.));
#16423 = DIRECTION('',(-0.,-1.,0.));
#16424 = ADVANCED_FACE('',(#16425),#16436,.F.);
#16425 = FACE_BOUND('',#16426,.T.);
#16426 = EDGE_LOOP('',(#16427,#16428,#16434,#16435));
#16427 = ORIENTED_EDGE('',*,*,#12563,.T.);
#16428 = ORIENTED_EDGE('',*,*,#16429,.T.);
#16429 = EDGE_CURVE('',#12564,#14044,#16430,.T.);
#16430 = LINE('',#16431,#16432);
#16431 = CARTESIAN_POINT('',(148.51,-38.5064,-4.6E-02));
#16432 = VECTOR('',#16433,1.);
#16433 = DIRECTION('',(0.,0.,1.));
#16434 = ORIENTED_EDGE('',*,*,#14043,.F.);
#16435 = ORIENTED_EDGE('',*,*,#16429,.F.);
#16436 = CYLINDRICAL_SURFACE('',#16437,0.4064);
#16437 = AXIS2_PLACEMENT_3D('',#16438,#16439,#16440);
#16438 = CARTESIAN_POINT('',(148.51,-38.1,-4.6E-02));
#16439 = DIRECTION('',(-0.,-0.,-1.));
#16440 = DIRECTION('',(-0.,-1.,0.));
#16441 = ADVANCED_FACE('',(#16442),#16453,.F.);
#16442 = FACE_BOUND('',#16443,.T.);
#16443 = EDGE_LOOP('',(#16444,#16445,#16451,#16452));
#16444 = ORIENTED_EDGE('',*,*,#12574,.T.);
#16445 = ORIENTED_EDGE('',*,*,#16446,.T.);
#16446 = EDGE_CURVE('',#12575,#14055,#16447,.T.);
#16447 = LINE('',#16448,#16449);
#16448 = CARTESIAN_POINT('',(151.13,-35.0774,-4.6E-02));
#16449 = VECTOR('',#16450,1.);
#16450 = DIRECTION('',(0.,0.,1.));
#16451 = ORIENTED_EDGE('',*,*,#14054,.F.);
#16452 = ORIENTED_EDGE('',*,*,#16446,.F.);
#16453 = CYLINDRICAL_SURFACE('',#16454,0.4064);
#16454 = AXIS2_PLACEMENT_3D('',#16455,#16456,#16457);
#16455 = CARTESIAN_POINT('',(151.13,-34.671,-4.6E-02));
#16456 = DIRECTION('',(-0.,-0.,-1.));
#16457 = DIRECTION('',(-0.,-1.,0.));
#16458 = ADVANCED_FACE('',(#16459),#16470,.F.);
#16459 = FACE_BOUND('',#16460,.T.);
#16460 = EDGE_LOOP('',(#16461,#16462,#16468,#16469));
#16461 = ORIENTED_EDGE('',*,*,#12585,.T.);
#16462 = ORIENTED_EDGE('',*,*,#16463,.T.);
#16463 = EDGE_CURVE('',#12586,#14066,#16464,.T.);
#16464 = LINE('',#16465,#16466);
#16465 = CARTESIAN_POINT('',(142.915,-29.6876,-4.6E-02));
#16466 = VECTOR('',#16467,1.);
#16467 = DIRECTION('',(0.,0.,1.));
#16468 = ORIENTED_EDGE('',*,*,#14065,.F.);
#16469 = ORIENTED_EDGE('',*,*,#16463,.F.);
#16470 = CYLINDRICAL_SURFACE('',#16471,0.4826);
#16471 = AXIS2_PLACEMENT_3D('',#16472,#16473,#16474);
#16472 = CARTESIAN_POINT('',(142.915,-29.205,-4.6E-02));
#16473 = DIRECTION('',(-0.,-0.,-1.));
#16474 = DIRECTION('',(-5.889289148447E-14,-1.,0.));
#16475 = ADVANCED_FACE('',(#16476),#16487,.F.);
#16476 = FACE_BOUND('',#16477,.T.);
#16477 = EDGE_LOOP('',(#16478,#16479,#16485,#16486));
#16478 = ORIENTED_EDGE('',*,*,#12596,.T.);
#16479 = ORIENTED_EDGE('',*,*,#16480,.T.);
#16480 = EDGE_CURVE('',#12597,#14077,#16481,.T.);
#16481 = LINE('',#16482,#16483);
#16482 = CARTESIAN_POINT('',(142.915,-27.1476,-4.6E-02));
#16483 = VECTOR('',#16484,1.);
#16484 = DIRECTION('',(0.,0.,1.));
#16485 = ORIENTED_EDGE('',*,*,#14076,.F.);
#16486 = ORIENTED_EDGE('',*,*,#16480,.F.);
#16487 = CYLINDRICAL_SURFACE('',#16488,0.4826);
#16488 = AXIS2_PLACEMENT_3D('',#16489,#16490,#16491);
#16489 = CARTESIAN_POINT('',(142.915,-26.665,-4.6E-02));
#16490 = DIRECTION('',(-0.,-0.,-1.));
#16491 = DIRECTION('',(-5.889289148447E-14,-1.,0.));
#16492 = ADVANCED_FACE('',(#16493),#16504,.F.);
#16493 = FACE_BOUND('',#16494,.T.);
#16494 = EDGE_LOOP('',(#16495,#16496,#16502,#16503));
#16495 = ORIENTED_EDGE('',*,*,#12607,.T.);
#16496 = ORIENTED_EDGE('',*,*,#16497,.T.);
#16497 = EDGE_CURVE('',#12608,#14088,#16498,.T.);
#16498 = LINE('',#16499,#16500);
#16499 = CARTESIAN_POINT('',(148.59,-30.81,-4.6E-02));
#16500 = VECTOR('',#16501,1.);
#16501 = DIRECTION('',(0.,0.,1.));
#16502 = ORIENTED_EDGE('',*,*,#14087,.F.);
#16503 = ORIENTED_EDGE('',*,*,#16497,.F.);
#16504 = CYLINDRICAL_SURFACE('',#16505,1.6);
#16505 = AXIS2_PLACEMENT_3D('',#16506,#16507,#16508);
#16506 = CARTESIAN_POINT('',(148.59,-29.21,-4.6E-02));
#16507 = DIRECTION('',(-0.,-0.,-1.));
#16508 = DIRECTION('',(-0.,-1.,0.));
#16509 = ( GEOMETRIC_REPRESENTATION_CONTEXT(3) 
GLOBAL_UNCERTAINTY_ASSIGNED_CONTEXT((#16513)) 
GLOBAL_UNIT_ASSIGNED_CONTEXT((#16510,#16511,#16512)) 
REPRESENTATION_CONTEXT('Context #1',
  '3D Context with UNIT and UNCERTAINTY') );
#16510 = ( LENGTH_UNIT() NAMED_UNIT(*) SI_UNIT(.MILLI.,.METRE.) );
#16511 = ( NAMED_UNIT(*) PLANE_ANGLE_UNIT() SI_UNIT($,.RADIAN.) );
#16512 = ( NAMED_UNIT(*) SI_UNIT($,.STERADIAN.) SOLID_ANGLE_UNIT() );
#16513 = UNCERTAINTY_MEASURE_WITH_UNIT(LENGTH_MEASURE(1.E-07),#16510,
  'distance_accuracy_value','confusion accuracy');
#16514 = CONTEXT_DEPENDENT_SHAPE_REPRESENTATION(#16515,#16517);
#16515 = ( REPRESENTATION_RELATIONSHIP('','',#11033,#10) 
REPRESENTATION_RELATIONSHIP_WITH_TRANSFORMATION(#16516) 
SHAPE_REPRESENTATION_RELATIONSHIP() );
#16516 = ITEM_DEFINED_TRANSFORMATION('','',#11,#183);
#16517 = PRODUCT_DEFINITION_SHAPE('Placement','Placement of an item',
  #16518);
#16518 = NEXT_ASSEMBLY_USAGE_OCCURRENCE('43','=>[0:1:1:13]','',#5,#11028
  ,$);
#16519 = PRODUCT_RELATED_PRODUCT_CATEGORY('part',$,(#11030));
#16520 = MECHANICAL_DESIGN_GEOMETRIC_PRESENTATION_REPRESENTATION('',(
    #16521,#16529,#16536,#16543,#16550,#16557,#16564,#16571,#16578,
    #16585,#16592,#16599,#16606,#16613,#16620,#16627,#16634,#16641,
    #16648,#16655,#16662,#16669,#16676,#16683,#16690,#16698,#16705,
    #16712,#16719,#16726,#16733,#16740,#16747,#16754,#16761,#16768,
    #16775,#16782,#16789,#16796,#16803,#16810,#16817,#16824,#16831,
    #16838,#16845,#16852,#16859,#16866,#16873,#16880,#16887,#16894,
    #16901,#16908,#16915,#16922,#16929,#16936,#16943,#16950,#16957,
    #16964,#16971,#16978,#16985,#16992,#16999,#17006,#17013,#17020,
    #17027,#17034,#17041,#17048,#17055,#17062,#17069,#17076,#17083,
    #17090,#17097,#17104,#17111,#17118,#17125,#17132,#17139,#17146,
    #17153,#17160,#17167,#17174,#17181,#17188,#17195,#17202,#17209,
    #17216,#17223,#17230,#17237,#17244,#17251,#17258,#17265,#17272,
    #17279,#17286,#17293,#17300,#17307,#17314,#17321,#17328,#17335,
    #17342,#17349,#17356,#17363,#17370,#17377,#17384,#17391,#17398,
    #17405,#17412),#8938);
#16521 = STYLED_ITEM('color',(#16522),#5716);
#16522 = PRESENTATION_STYLE_ASSIGNMENT((#16523));
#16523 = SURFACE_STYLE_USAGE(.BOTH.,#16524);
#16524 = SURFACE_SIDE_STYLE('',(#16525));
#16525 = SURFACE_STYLE_FILL_AREA(#16526);
#16526 = FILL_AREA_STYLE('',(#16527));
#16527 = FILL_AREA_STYLE_COLOUR('',#16528);
#16528 = COLOUR_RGB('',0.147999998088,0.144999993226,0.144999993226);
#16529 = STYLED_ITEM('color',(#16530),#5756);
#16530 = PRESENTATION_STYLE_ASSIGNMENT((#16531));
#16531 = SURFACE_STYLE_USAGE(.BOTH.,#16532);
#16532 = SURFACE_SIDE_STYLE('',(#16533));
#16533 = SURFACE_STYLE_FILL_AREA(#16534);
#16534 = FILL_AREA_STYLE('',(#16535));
#16535 = FILL_AREA_STYLE_COLOUR('',#16528);
#16536 = STYLED_ITEM('color',(#16537),#5787);
#16537 = PRESENTATION_STYLE_ASSIGNMENT((#16538));
#16538 = SURFACE_STYLE_USAGE(.BOTH.,#16539);
#16539 = SURFACE_SIDE_STYLE('',(#16540));
#16540 = SURFACE_STYLE_FILL_AREA(#16541);
#16541 = FILL_AREA_STYLE('',(#16542));
#16542 = FILL_AREA_STYLE_COLOUR('',#16528);
#16543 = STYLED_ITEM('color',(#16544),#5850);
#16544 = PRESENTATION_STYLE_ASSIGNMENT((#16545));
#16545 = SURFACE_STYLE_USAGE(.BOTH.,#16546);
#16546 = SURFACE_SIDE_STYLE('',(#16547));
#16547 = SURFACE_STYLE_FILL_AREA(#16548);
#16548 = FILL_AREA_STYLE('',(#16549));
#16549 = FILL_AREA_STYLE_COLOUR('',#16528);
#16550 = STYLED_ITEM('color',(#16551),#6075);
#16551 = PRESENTATION_STYLE_ASSIGNMENT((#16552));
#16552 = SURFACE_STYLE_USAGE(.BOTH.,#16553);
#16553 = SURFACE_SIDE_STYLE('',(#16554));
#16554 = SURFACE_STYLE_FILL_AREA(#16555);
#16555 = FILL_AREA_STYLE('',(#16556));
#16556 = FILL_AREA_STYLE_COLOUR('',#16528);
#16557 = STYLED_ITEM('color',(#16558),#6204);
#16558 = PRESENTATION_STYLE_ASSIGNMENT((#16559));
#16559 = SURFACE_STYLE_USAGE(.BOTH.,#16560);
#16560 = SURFACE_SIDE_STYLE('',(#16561));
#16561 = SURFACE_STYLE_FILL_AREA(#16562);
#16562 = FILL_AREA_STYLE('',(#16563));
#16563 = FILL_AREA_STYLE_COLOUR('',#16528);
#16564 = STYLED_ITEM('color',(#16565),#6221);
#16565 = PRESENTATION_STYLE_ASSIGNMENT((#16566));
#16566 = SURFACE_STYLE_USAGE(.BOTH.,#16567);
#16567 = SURFACE_SIDE_STYLE('',(#16568));
#16568 = SURFACE_STYLE_FILL_AREA(#16569);
#16569 = FILL_AREA_STYLE('',(#16570));
#16570 = FILL_AREA_STYLE_COLOUR('',#16528);
#16571 = STYLED_ITEM('color',(#16572),#6245);
#16572 = PRESENTATION_STYLE_ASSIGNMENT((#16573));
#16573 = SURFACE_STYLE_USAGE(.BOTH.,#16574);
#16574 = SURFACE_SIDE_STYLE('',(#16575));
#16575 = SURFACE_STYLE_FILL_AREA(#16576);
#16576 = FILL_AREA_STYLE('',(#16577));
#16577 = FILL_AREA_STYLE_COLOUR('',#16528);
#16578 = STYLED_ITEM('color',(#16579),#6413);
#16579 = PRESENTATION_STYLE_ASSIGNMENT((#16580));
#16580 = SURFACE_STYLE_USAGE(.BOTH.,#16581);
#16581 = SURFACE_SIDE_STYLE('',(#16582));
#16582 = SURFACE_STYLE_FILL_AREA(#16583);
#16583 = FILL_AREA_STYLE('',(#16584));
#16584 = FILL_AREA_STYLE_COLOUR('',#16528);
#16585 = STYLED_ITEM('color',(#16586),#6437);
#16586 = PRESENTATION_STYLE_ASSIGNMENT((#16587));
#16587 = SURFACE_STYLE_USAGE(.BOTH.,#16588);
#16588 = SURFACE_SIDE_STYLE('',(#16589));
#16589 = SURFACE_STYLE_FILL_AREA(#16590);
#16590 = FILL_AREA_STYLE('',(#16591));
#16591 = FILL_AREA_STYLE_COLOUR('',#16528);
#16592 = STYLED_ITEM('color',(#16593),#6461);
#16593 = PRESENTATION_STYLE_ASSIGNMENT((#16594));
#16594 = SURFACE_STYLE_USAGE(.BOTH.,#16595);
#16595 = SURFACE_SIDE_STYLE('',(#16596));
#16596 = SURFACE_STYLE_FILL_AREA(#16597);
#16597 = FILL_AREA_STYLE('',(#16598));
#16598 = FILL_AREA_STYLE_COLOUR('',#16528);
#16599 = STYLED_ITEM('color',(#16600),#6520);
#16600 = PRESENTATION_STYLE_ASSIGNMENT((#16601));
#16601 = SURFACE_STYLE_USAGE(.BOTH.,#16602);
#16602 = SURFACE_SIDE_STYLE('',(#16603));
#16603 = SURFACE_STYLE_FILL_AREA(#16604);
#16604 = FILL_AREA_STYLE('',(#16605));
#16605 = FILL_AREA_STYLE_COLOUR('',#16528);
#16606 = STYLED_ITEM('color',(#16607),#6545);
#16607 = PRESENTATION_STYLE_ASSIGNMENT((#16608));
#16608 = SURFACE_STYLE_USAGE(.BOTH.,#16609);
#16609 = SURFACE_SIDE_STYLE('',(#16610));
#16610 = SURFACE_STYLE_FILL_AREA(#16611);
#16611 = FILL_AREA_STYLE('',(#16612));
#16612 = FILL_AREA_STYLE_COLOUR('',#16528);
#16613 = STYLED_ITEM('color',(#16614),#6562);
#16614 = PRESENTATION_STYLE_ASSIGNMENT((#16615));
#16615 = SURFACE_STYLE_USAGE(.BOTH.,#16616);
#16616 = SURFACE_SIDE_STYLE('',(#16617));
#16617 = SURFACE_STYLE_FILL_AREA(#16618);
#16618 = FILL_AREA_STYLE('',(#16619));
#16619 = FILL_AREA_STYLE_COLOUR('',#16528);
#16620 = STYLED_ITEM('color',(#16621),#6593);
#16621 = PRESENTATION_STYLE_ASSIGNMENT((#16622));
#16622 = SURFACE_STYLE_USAGE(.BOTH.,#16623);
#16623 = SURFACE_SIDE_STYLE('',(#16624));
#16624 = SURFACE_STYLE_FILL_AREA(#16625);
#16625 = FILL_AREA_STYLE('',(#16626));
#16626 = FILL_AREA_STYLE_COLOUR('',#16528);
#16627 = STYLED_ITEM('color',(#16628),#6610);
#16628 = PRESENTATION_STYLE_ASSIGNMENT((#16629));
#16629 = SURFACE_STYLE_USAGE(.BOTH.,#16630);
#16630 = SURFACE_SIDE_STYLE('',(#16631));
#16631 = SURFACE_STYLE_FILL_AREA(#16632);
#16632 = FILL_AREA_STYLE('',(#16633));
#16633 = FILL_AREA_STYLE_COLOUR('',#16528);
#16634 = STYLED_ITEM('color',(#16635),#6622);
#16635 = PRESENTATION_STYLE_ASSIGNMENT((#16636));
#16636 = SURFACE_STYLE_USAGE(.BOTH.,#16637);
#16637 = SURFACE_SIDE_STYLE('',(#16638));
#16638 = SURFACE_STYLE_FILL_AREA(#16639);
#16639 = FILL_AREA_STYLE('',(#16640));
#16640 = FILL_AREA_STYLE_COLOUR('',#16528);
#16641 = STYLED_ITEM('color',(#16642),#6644);
#16642 = PRESENTATION_STYLE_ASSIGNMENT((#16643));
#16643 = SURFACE_STYLE_USAGE(.BOTH.,#16644);
#16644 = SURFACE_SIDE_STYLE('',(#16645));
#16645 = SURFACE_STYLE_FILL_AREA(#16646);
#16646 = FILL_AREA_STYLE('',(#16647));
#16647 = FILL_AREA_STYLE_COLOUR('',#16528);
#16648 = STYLED_ITEM('color',(#16649),#6661);
#16649 = PRESENTATION_STYLE_ASSIGNMENT((#16650));
#16650 = SURFACE_STYLE_USAGE(.BOTH.,#16651);
#16651 = SURFACE_SIDE_STYLE('',(#16652));
#16652 = SURFACE_STYLE_FILL_AREA(#16653);
#16653 = FILL_AREA_STYLE('',(#16654));
#16654 = FILL_AREA_STYLE_COLOUR('',#16528);
#16655 = STYLED_ITEM('color',(#16656),#6694);
#16656 = PRESENTATION_STYLE_ASSIGNMENT((#16657));
#16657 = SURFACE_STYLE_USAGE(.BOTH.,#16658);
#16658 = SURFACE_SIDE_STYLE('',(#16659));
#16659 = SURFACE_STYLE_FILL_AREA(#16660);
#16660 = FILL_AREA_STYLE('',(#16661));
#16661 = FILL_AREA_STYLE_COLOUR('',#16528);
#16662 = STYLED_ITEM('color',(#16663),#6711);
#16663 = PRESENTATION_STYLE_ASSIGNMENT((#16664));
#16664 = SURFACE_STYLE_USAGE(.BOTH.,#16665);
#16665 = SURFACE_SIDE_STYLE('',(#16666));
#16666 = SURFACE_STYLE_FILL_AREA(#16667);
#16667 = FILL_AREA_STYLE('',(#16668));
#16668 = FILL_AREA_STYLE_COLOUR('',#16528);
#16669 = STYLED_ITEM('color',(#16670),#6734);
#16670 = PRESENTATION_STYLE_ASSIGNMENT((#16671));
#16671 = SURFACE_STYLE_USAGE(.BOTH.,#16672);
#16672 = SURFACE_SIDE_STYLE('',(#16673));
#16673 = SURFACE_STYLE_FILL_AREA(#16674);
#16674 = FILL_AREA_STYLE('',(#16675));
#16675 = FILL_AREA_STYLE_COLOUR('',#16528);
#16676 = STYLED_ITEM('color',(#16677),#6758);
#16677 = PRESENTATION_STYLE_ASSIGNMENT((#16678));
#16678 = SURFACE_STYLE_USAGE(.BOTH.,#16679);
#16679 = SURFACE_SIDE_STYLE('',(#16680));
#16680 = SURFACE_STYLE_FILL_AREA(#16681);
#16681 = FILL_AREA_STYLE('',(#16682));
#16682 = FILL_AREA_STYLE_COLOUR('',#16528);
#16683 = STYLED_ITEM('color',(#16684),#6775);
#16684 = PRESENTATION_STYLE_ASSIGNMENT((#16685));
#16685 = SURFACE_STYLE_USAGE(.BOTH.,#16686);
#16686 = SURFACE_SIDE_STYLE('',(#16687));
#16687 = SURFACE_STYLE_FILL_AREA(#16688);
#16688 = FILL_AREA_STYLE('',(#16689));
#16689 = FILL_AREA_STYLE_COLOUR('',#16528);
#16690 = STYLED_ITEM('color',(#16691),#6793);
#16691 = PRESENTATION_STYLE_ASSIGNMENT((#16692));
#16692 = SURFACE_STYLE_USAGE(.BOTH.,#16693);
#16693 = SURFACE_SIDE_STYLE('',(#16694));
#16694 = SURFACE_STYLE_FILL_AREA(#16695);
#16695 = FILL_AREA_STYLE('',(#16696));
#16696 = FILL_AREA_STYLE_COLOUR('',#16697);
#16697 = COLOUR_RGB('',0.823999987314,0.819999987296,0.781000009244);
#16698 = STYLED_ITEM('color',(#16699),#6813);
#16699 = PRESENTATION_STYLE_ASSIGNMENT((#16700));
#16700 = SURFACE_STYLE_USAGE(.BOTH.,#16701);
#16701 = SURFACE_SIDE_STYLE('',(#16702));
#16702 = SURFACE_STYLE_FILL_AREA(#16703);
#16703 = FILL_AREA_STYLE('',(#16704));
#16704 = FILL_AREA_STYLE_COLOUR('',#16697);
#16705 = STYLED_ITEM('color',(#16706),#6833);
#16706 = PRESENTATION_STYLE_ASSIGNMENT((#16707));
#16707 = SURFACE_STYLE_USAGE(.BOTH.,#16708);
#16708 = SURFACE_SIDE_STYLE('',(#16709));
#16709 = SURFACE_STYLE_FILL_AREA(#16710);
#16710 = FILL_AREA_STYLE('',(#16711));
#16711 = FILL_AREA_STYLE_COLOUR('',#16697);
#16712 = STYLED_ITEM('color',(#16713),#6853);
#16713 = PRESENTATION_STYLE_ASSIGNMENT((#16714));
#16714 = SURFACE_STYLE_USAGE(.BOTH.,#16715);
#16715 = SURFACE_SIDE_STYLE('',(#16716));
#16716 = SURFACE_STYLE_FILL_AREA(#16717);
#16717 = FILL_AREA_STYLE('',(#16718));
#16718 = FILL_AREA_STYLE_COLOUR('',#16697);
#16719 = STYLED_ITEM('color',(#16720),#6873);
#16720 = PRESENTATION_STYLE_ASSIGNMENT((#16721));
#16721 = SURFACE_STYLE_USAGE(.BOTH.,#16722);
#16722 = SURFACE_SIDE_STYLE('',(#16723));
#16723 = SURFACE_STYLE_FILL_AREA(#16724);
#16724 = FILL_AREA_STYLE('',(#16725));
#16725 = FILL_AREA_STYLE_COLOUR('',#16697);
#16726 = STYLED_ITEM('color',(#16727),#6893);
#16727 = PRESENTATION_STYLE_ASSIGNMENT((#16728));
#16728 = SURFACE_STYLE_USAGE(.BOTH.,#16729);
#16729 = SURFACE_SIDE_STYLE('',(#16730));
#16730 = SURFACE_STYLE_FILL_AREA(#16731);
#16731 = FILL_AREA_STYLE('',(#16732));
#16732 = FILL_AREA_STYLE_COLOUR('',#16697);
#16733 = STYLED_ITEM('color',(#16734),#6913);
#16734 = PRESENTATION_STYLE_ASSIGNMENT((#16735));
#16735 = SURFACE_STYLE_USAGE(.BOTH.,#16736);
#16736 = SURFACE_SIDE_STYLE('',(#16737));
#16737 = SURFACE_STYLE_FILL_AREA(#16738);
#16738 = FILL_AREA_STYLE('',(#16739));
#16739 = FILL_AREA_STYLE_COLOUR('',#16697);
#16740 = STYLED_ITEM('color',(#16741),#6933);
#16741 = PRESENTATION_STYLE_ASSIGNMENT((#16742));
#16742 = SURFACE_STYLE_USAGE(.BOTH.,#16743);
#16743 = SURFACE_SIDE_STYLE('',(#16744));
#16744 = SURFACE_STYLE_FILL_AREA(#16745);
#16745 = FILL_AREA_STYLE('',(#16746));
#16746 = FILL_AREA_STYLE_COLOUR('',#16697);
#16747 = STYLED_ITEM('color',(#16748),#6953);
#16748 = PRESENTATION_STYLE_ASSIGNMENT((#16749));
#16749 = SURFACE_STYLE_USAGE(.BOTH.,#16750);
#16750 = SURFACE_SIDE_STYLE('',(#16751));
#16751 = SURFACE_STYLE_FILL_AREA(#16752);
#16752 = FILL_AREA_STYLE('',(#16753));
#16753 = FILL_AREA_STYLE_COLOUR('',#16528);
#16754 = STYLED_ITEM('color',(#16755),#6970);
#16755 = PRESENTATION_STYLE_ASSIGNMENT((#16756));
#16756 = SURFACE_STYLE_USAGE(.BOTH.,#16757);
#16757 = SURFACE_SIDE_STYLE('',(#16758));
#16758 = SURFACE_STYLE_FILL_AREA(#16759);
#16759 = FILL_AREA_STYLE('',(#16760));
#16760 = FILL_AREA_STYLE_COLOUR('',#16528);
#16761 = STYLED_ITEM('color',(#16762),#6987);
#16762 = PRESENTATION_STYLE_ASSIGNMENT((#16763));
#16763 = SURFACE_STYLE_USAGE(.BOTH.,#16764);
#16764 = SURFACE_SIDE_STYLE('',(#16765));
#16765 = SURFACE_STYLE_FILL_AREA(#16766);
#16766 = FILL_AREA_STYLE('',(#16767));
#16767 = FILL_AREA_STYLE_COLOUR('',#16528);
#16768 = STYLED_ITEM('color',(#16769),#6999);
#16769 = PRESENTATION_STYLE_ASSIGNMENT((#16770));
#16770 = SURFACE_STYLE_USAGE(.BOTH.,#16771);
#16771 = SURFACE_SIDE_STYLE('',(#16772));
#16772 = SURFACE_STYLE_FILL_AREA(#16773);
#16773 = FILL_AREA_STYLE('',(#16774));
#16774 = FILL_AREA_STYLE_COLOUR('',#16697);
#16775 = STYLED_ITEM('color',(#16776),#7024);
#16776 = PRESENTATION_STYLE_ASSIGNMENT((#16777));
#16777 = SURFACE_STYLE_USAGE(.BOTH.,#16778);
#16778 = SURFACE_SIDE_STYLE('',(#16779));
#16779 = SURFACE_STYLE_FILL_AREA(#16780);
#16780 = FILL_AREA_STYLE('',(#16781));
#16781 = FILL_AREA_STYLE_COLOUR('',#16697);
#16782 = STYLED_ITEM('color',(#16783),#7049);
#16783 = PRESENTATION_STYLE_ASSIGNMENT((#16784));
#16784 = SURFACE_STYLE_USAGE(.BOTH.,#16785);
#16785 = SURFACE_SIDE_STYLE('',(#16786));
#16786 = SURFACE_STYLE_FILL_AREA(#16787);
#16787 = FILL_AREA_STYLE('',(#16788));
#16788 = FILL_AREA_STYLE_COLOUR('',#16697);
#16789 = STYLED_ITEM('color',(#16790),#7074);
#16790 = PRESENTATION_STYLE_ASSIGNMENT((#16791));
#16791 = SURFACE_STYLE_USAGE(.BOTH.,#16792);
#16792 = SURFACE_SIDE_STYLE('',(#16793));
#16793 = SURFACE_STYLE_FILL_AREA(#16794);
#16794 = FILL_AREA_STYLE('',(#16795));
#16795 = FILL_AREA_STYLE_COLOUR('',#16697);
#16796 = STYLED_ITEM('color',(#16797),#7099);
#16797 = PRESENTATION_STYLE_ASSIGNMENT((#16798));
#16798 = SURFACE_STYLE_USAGE(.BOTH.,#16799);
#16799 = SURFACE_SIDE_STYLE('',(#16800));
#16800 = SURFACE_STYLE_FILL_AREA(#16801);
#16801 = FILL_AREA_STYLE('',(#16802));
#16802 = FILL_AREA_STYLE_COLOUR('',#16528);
#16803 = STYLED_ITEM('color',(#16804),#7116);
#16804 = PRESENTATION_STYLE_ASSIGNMENT((#16805));
#16805 = SURFACE_STYLE_USAGE(.BOTH.,#16806);
#16806 = SURFACE_SIDE_STYLE('',(#16807));
#16807 = SURFACE_STYLE_FILL_AREA(#16808);
#16808 = FILL_AREA_STYLE('',(#16809));
#16809 = FILL_AREA_STYLE_COLOUR('',#16528);
#16810 = STYLED_ITEM('color',(#16811),#7133);
#16811 = PRESENTATION_STYLE_ASSIGNMENT((#16812));
#16812 = SURFACE_STYLE_USAGE(.BOTH.,#16813);
#16813 = SURFACE_SIDE_STYLE('',(#16814));
#16814 = SURFACE_STYLE_FILL_AREA(#16815);
#16815 = FILL_AREA_STYLE('',(#16816));
#16816 = FILL_AREA_STYLE_COLOUR('',#16528);
#16817 = STYLED_ITEM('color',(#16818),#7150);
#16818 = PRESENTATION_STYLE_ASSIGNMENT((#16819));
#16819 = SURFACE_STYLE_USAGE(.BOTH.,#16820);
#16820 = SURFACE_SIDE_STYLE('',(#16821));
#16821 = SURFACE_STYLE_FILL_AREA(#16822);
#16822 = FILL_AREA_STYLE('',(#16823));
#16823 = FILL_AREA_STYLE_COLOUR('',#16528);
#16824 = STYLED_ITEM('color',(#16825),#7162);
#16825 = PRESENTATION_STYLE_ASSIGNMENT((#16826));
#16826 = SURFACE_STYLE_USAGE(.BOTH.,#16827);
#16827 = SURFACE_SIDE_STYLE('',(#16828));
#16828 = SURFACE_STYLE_FILL_AREA(#16829);
#16829 = FILL_AREA_STYLE('',(#16830));
#16830 = FILL_AREA_STYLE_COLOUR('',#16697);
#16831 = STYLED_ITEM('color',(#16832),#7187);
#16832 = PRESENTATION_STYLE_ASSIGNMENT((#16833));
#16833 = SURFACE_STYLE_USAGE(.BOTH.,#16834);
#16834 = SURFACE_SIDE_STYLE('',(#16835));
#16835 = SURFACE_STYLE_FILL_AREA(#16836);
#16836 = FILL_AREA_STYLE('',(#16837));
#16837 = FILL_AREA_STYLE_COLOUR('',#16697);
#16838 = STYLED_ITEM('color',(#16839),#7212);
#16839 = PRESENTATION_STYLE_ASSIGNMENT((#16840));
#16840 = SURFACE_STYLE_USAGE(.BOTH.,#16841);
#16841 = SURFACE_SIDE_STYLE('',(#16842));
#16842 = SURFACE_STYLE_FILL_AREA(#16843);
#16843 = FILL_AREA_STYLE('',(#16844));
#16844 = FILL_AREA_STYLE_COLOUR('',#16697);
#16845 = STYLED_ITEM('color',(#16846),#7237);
#16846 = PRESENTATION_STYLE_ASSIGNMENT((#16847));
#16847 = SURFACE_STYLE_USAGE(.BOTH.,#16848);
#16848 = SURFACE_SIDE_STYLE('',(#16849));
#16849 = SURFACE_STYLE_FILL_AREA(#16850);
#16850 = FILL_AREA_STYLE('',(#16851));
#16851 = FILL_AREA_STYLE_COLOUR('',#16697);
#16852 = STYLED_ITEM('color',(#16853),#7262);
#16853 = PRESENTATION_STYLE_ASSIGNMENT((#16854));
#16854 = SURFACE_STYLE_USAGE(.BOTH.,#16855);
#16855 = SURFACE_SIDE_STYLE('',(#16856));
#16856 = SURFACE_STYLE_FILL_AREA(#16857);
#16857 = FILL_AREA_STYLE('',(#16858));
#16858 = FILL_AREA_STYLE_COLOUR('',#16528);
#16859 = STYLED_ITEM('color',(#16860),#7274);
#16860 = PRESENTATION_STYLE_ASSIGNMENT((#16861));
#16861 = SURFACE_STYLE_USAGE(.BOTH.,#16862);
#16862 = SURFACE_SIDE_STYLE('',(#16863));
#16863 = SURFACE_STYLE_FILL_AREA(#16864);
#16864 = FILL_AREA_STYLE('',(#16865));
#16865 = FILL_AREA_STYLE_COLOUR('',#16697);
#16866 = STYLED_ITEM('color',(#16867),#7299);
#16867 = PRESENTATION_STYLE_ASSIGNMENT((#16868));
#16868 = SURFACE_STYLE_USAGE(.BOTH.,#16869);
#16869 = SURFACE_SIDE_STYLE('',(#16870));
#16870 = SURFACE_STYLE_FILL_AREA(#16871);
#16871 = FILL_AREA_STYLE('',(#16872));
#16872 = FILL_AREA_STYLE_COLOUR('',#16697);
#16873 = STYLED_ITEM('color',(#16874),#7324);
#16874 = PRESENTATION_STYLE_ASSIGNMENT((#16875));
#16875 = SURFACE_STYLE_USAGE(.BOTH.,#16876);
#16876 = SURFACE_SIDE_STYLE('',(#16877));
#16877 = SURFACE_STYLE_FILL_AREA(#16878);
#16878 = FILL_AREA_STYLE('',(#16879));
#16879 = FILL_AREA_STYLE_COLOUR('',#16697);
#16880 = STYLED_ITEM('color',(#16881),#7349);
#16881 = PRESENTATION_STYLE_ASSIGNMENT((#16882));
#16882 = SURFACE_STYLE_USAGE(.BOTH.,#16883);
#16883 = SURFACE_SIDE_STYLE('',(#16884));
#16884 = SURFACE_STYLE_FILL_AREA(#16885);
#16885 = FILL_AREA_STYLE('',(#16886));
#16886 = FILL_AREA_STYLE_COLOUR('',#16697);
#16887 = STYLED_ITEM('color',(#16888),#7374);
#16888 = PRESENTATION_STYLE_ASSIGNMENT((#16889));
#16889 = SURFACE_STYLE_USAGE(.BOTH.,#16890);
#16890 = SURFACE_SIDE_STYLE('',(#16891));
#16891 = SURFACE_STYLE_FILL_AREA(#16892);
#16892 = FILL_AREA_STYLE('',(#16893));
#16893 = FILL_AREA_STYLE_COLOUR('',#16697);
#16894 = STYLED_ITEM('color',(#16895),#7399);
#16895 = PRESENTATION_STYLE_ASSIGNMENT((#16896));
#16896 = SURFACE_STYLE_USAGE(.BOTH.,#16897);
#16897 = SURFACE_SIDE_STYLE('',(#16898));
#16898 = SURFACE_STYLE_FILL_AREA(#16899);
#16899 = FILL_AREA_STYLE('',(#16900));
#16900 = FILL_AREA_STYLE_COLOUR('',#16697);
#16901 = STYLED_ITEM('color',(#16902),#7424);
#16902 = PRESENTATION_STYLE_ASSIGNMENT((#16903));
#16903 = SURFACE_STYLE_USAGE(.BOTH.,#16904);
#16904 = SURFACE_SIDE_STYLE('',(#16905));
#16905 = SURFACE_STYLE_FILL_AREA(#16906);
#16906 = FILL_AREA_STYLE('',(#16907));
#16907 = FILL_AREA_STYLE_COLOUR('',#16697);
#16908 = STYLED_ITEM('color',(#16909),#7449);
#16909 = PRESENTATION_STYLE_ASSIGNMENT((#16910));
#16910 = SURFACE_STYLE_USAGE(.BOTH.,#16911);
#16911 = SURFACE_SIDE_STYLE('',(#16912));
#16912 = SURFACE_STYLE_FILL_AREA(#16913);
#16913 = FILL_AREA_STYLE('',(#16914));
#16914 = FILL_AREA_STYLE_COLOUR('',#16697);
#16915 = STYLED_ITEM('color',(#16916),#7474);
#16916 = PRESENTATION_STYLE_ASSIGNMENT((#16917));
#16917 = SURFACE_STYLE_USAGE(.BOTH.,#16918);
#16918 = SURFACE_SIDE_STYLE('',(#16919));
#16919 = SURFACE_STYLE_FILL_AREA(#16920);
#16920 = FILL_AREA_STYLE('',(#16921));
#16921 = FILL_AREA_STYLE_COLOUR('',#16697);
#16922 = STYLED_ITEM('color',(#16923),#7494);
#16923 = PRESENTATION_STYLE_ASSIGNMENT((#16924));
#16924 = SURFACE_STYLE_USAGE(.BOTH.,#16925);
#16925 = SURFACE_SIDE_STYLE('',(#16926));
#16926 = SURFACE_STYLE_FILL_AREA(#16927);
#16927 = FILL_AREA_STYLE('',(#16928));
#16928 = FILL_AREA_STYLE_COLOUR('',#16697);
#16929 = STYLED_ITEM('color',(#16930),#7514);
#16930 = PRESENTATION_STYLE_ASSIGNMENT((#16931));
#16931 = SURFACE_STYLE_USAGE(.BOTH.,#16932);
#16932 = SURFACE_SIDE_STYLE('',(#16933));
#16933 = SURFACE_STYLE_FILL_AREA(#16934);
#16934 = FILL_AREA_STYLE('',(#16935));
#16935 = FILL_AREA_STYLE_COLOUR('',#16697);
#16936 = STYLED_ITEM('color',(#16937),#7534);
#16937 = PRESENTATION_STYLE_ASSIGNMENT((#16938));
#16938 = SURFACE_STYLE_USAGE(.BOTH.,#16939);
#16939 = SURFACE_SIDE_STYLE('',(#16940));
#16940 = SURFACE_STYLE_FILL_AREA(#16941);
#16941 = FILL_AREA_STYLE('',(#16942));
#16942 = FILL_AREA_STYLE_COLOUR('',#16697);
#16943 = STYLED_ITEM('color',(#16944),#7554);
#16944 = PRESENTATION_STYLE_ASSIGNMENT((#16945));
#16945 = SURFACE_STYLE_USAGE(.BOTH.,#16946);
#16946 = SURFACE_SIDE_STYLE('',(#16947));
#16947 = SURFACE_STYLE_FILL_AREA(#16948);
#16948 = FILL_AREA_STYLE('',(#16949));
#16949 = FILL_AREA_STYLE_COLOUR('',#16697);
#16950 = STYLED_ITEM('color',(#16951),#7574);
#16951 = PRESENTATION_STYLE_ASSIGNMENT((#16952));
#16952 = SURFACE_STYLE_USAGE(.BOTH.,#16953);
#16953 = SURFACE_SIDE_STYLE('',(#16954));
#16954 = SURFACE_STYLE_FILL_AREA(#16955);
#16955 = FILL_AREA_STYLE('',(#16956));
#16956 = FILL_AREA_STYLE_COLOUR('',#16697);
#16957 = STYLED_ITEM('color',(#16958),#7594);
#16958 = PRESENTATION_STYLE_ASSIGNMENT((#16959));
#16959 = SURFACE_STYLE_USAGE(.BOTH.,#16960);
#16960 = SURFACE_SIDE_STYLE('',(#16961));
#16961 = SURFACE_STYLE_FILL_AREA(#16962);
#16962 = FILL_AREA_STYLE('',(#16963));
#16963 = FILL_AREA_STYLE_COLOUR('',#16697);
#16964 = STYLED_ITEM('color',(#16965),#7614);
#16965 = PRESENTATION_STYLE_ASSIGNMENT((#16966));
#16966 = SURFACE_STYLE_USAGE(.BOTH.,#16967);
#16967 = SURFACE_SIDE_STYLE('',(#16968));
#16968 = SURFACE_STYLE_FILL_AREA(#16969);
#16969 = FILL_AREA_STYLE('',(#16970));
#16970 = FILL_AREA_STYLE_COLOUR('',#16697);
#16971 = STYLED_ITEM('color',(#16972),#7634);
#16972 = PRESENTATION_STYLE_ASSIGNMENT((#16973));
#16973 = SURFACE_STYLE_USAGE(.BOTH.,#16974);
#16974 = SURFACE_SIDE_STYLE('',(#16975));
#16975 = SURFACE_STYLE_FILL_AREA(#16976);
#16976 = FILL_AREA_STYLE('',(#16977));
#16977 = FILL_AREA_STYLE_COLOUR('',#16697);
#16978 = STYLED_ITEM('color',(#16979),#7659);
#16979 = PRESENTATION_STYLE_ASSIGNMENT((#16980));
#16980 = SURFACE_STYLE_USAGE(.BOTH.,#16981);
#16981 = SURFACE_SIDE_STYLE('',(#16982));
#16982 = SURFACE_STYLE_FILL_AREA(#16983);
#16983 = FILL_AREA_STYLE('',(#16984));
#16984 = FILL_AREA_STYLE_COLOUR('',#16697);
#16985 = STYLED_ITEM('color',(#16986),#7684);
#16986 = PRESENTATION_STYLE_ASSIGNMENT((#16987));
#16987 = SURFACE_STYLE_USAGE(.BOTH.,#16988);
#16988 = SURFACE_SIDE_STYLE('',(#16989));
#16989 = SURFACE_STYLE_FILL_AREA(#16990);
#16990 = FILL_AREA_STYLE('',(#16991));
#16991 = FILL_AREA_STYLE_COLOUR('',#16697);
#16992 = STYLED_ITEM('color',(#16993),#7709);
#16993 = PRESENTATION_STYLE_ASSIGNMENT((#16994));
#16994 = SURFACE_STYLE_USAGE(.BOTH.,#16995);
#16995 = SURFACE_SIDE_STYLE('',(#16996));
#16996 = SURFACE_STYLE_FILL_AREA(#16997);
#16997 = FILL_AREA_STYLE('',(#16998));
#16998 = FILL_AREA_STYLE_COLOUR('',#16697);
#16999 = STYLED_ITEM('color',(#17000),#7734);
#17000 = PRESENTATION_STYLE_ASSIGNMENT((#17001));
#17001 = SURFACE_STYLE_USAGE(.BOTH.,#17002);
#17002 = SURFACE_SIDE_STYLE('',(#17003));
#17003 = SURFACE_STYLE_FILL_AREA(#17004);
#17004 = FILL_AREA_STYLE('',(#17005));
#17005 = FILL_AREA_STYLE_COLOUR('',#16697);
#17006 = STYLED_ITEM('color',(#17007),#7759);
#17007 = PRESENTATION_STYLE_ASSIGNMENT((#17008));
#17008 = SURFACE_STYLE_USAGE(.BOTH.,#17009);
#17009 = SURFACE_SIDE_STYLE('',(#17010));
#17010 = SURFACE_STYLE_FILL_AREA(#17011);
#17011 = FILL_AREA_STYLE('',(#17012));
#17012 = FILL_AREA_STYLE_COLOUR('',#16697);
#17013 = STYLED_ITEM('color',(#17014),#7784);
#17014 = PRESENTATION_STYLE_ASSIGNMENT((#17015));
#17015 = SURFACE_STYLE_USAGE(.BOTH.,#17016);
#17016 = SURFACE_SIDE_STYLE('',(#17017));
#17017 = SURFACE_STYLE_FILL_AREA(#17018);
#17018 = FILL_AREA_STYLE('',(#17019));
#17019 = FILL_AREA_STYLE_COLOUR('',#16697);
#17020 = STYLED_ITEM('color',(#17021),#7809);
#17021 = PRESENTATION_STYLE_ASSIGNMENT((#17022));
#17022 = SURFACE_STYLE_USAGE(.BOTH.,#17023);
#17023 = SURFACE_SIDE_STYLE('',(#17024));
#17024 = SURFACE_STYLE_FILL_AREA(#17025);
#17025 = FILL_AREA_STYLE('',(#17026));
#17026 = FILL_AREA_STYLE_COLOUR('',#16697);
#17027 = STYLED_ITEM('color',(#17028),#7834);
#17028 = PRESENTATION_STYLE_ASSIGNMENT((#17029));
#17029 = SURFACE_STYLE_USAGE(.BOTH.,#17030);
#17030 = SURFACE_SIDE_STYLE('',(#17031));
#17031 = SURFACE_STYLE_FILL_AREA(#17032);
#17032 = FILL_AREA_STYLE('',(#17033));
#17033 = FILL_AREA_STYLE_COLOUR('',#16697);
#17034 = STYLED_ITEM('color',(#17035),#7859);
#17035 = PRESENTATION_STYLE_ASSIGNMENT((#17036));
#17036 = SURFACE_STYLE_USAGE(.BOTH.,#17037);
#17037 = SURFACE_SIDE_STYLE('',(#17038));
#17038 = SURFACE_STYLE_FILL_AREA(#17039);
#17039 = FILL_AREA_STYLE('',(#17040));
#17040 = FILL_AREA_STYLE_COLOUR('',#16697);
#17041 = STYLED_ITEM('color',(#17042),#7884);
#17042 = PRESENTATION_STYLE_ASSIGNMENT((#17043));
#17043 = SURFACE_STYLE_USAGE(.BOTH.,#17044);
#17044 = SURFACE_SIDE_STYLE('',(#17045));
#17045 = SURFACE_STYLE_FILL_AREA(#17046);
#17046 = FILL_AREA_STYLE('',(#17047));
#17047 = FILL_AREA_STYLE_COLOUR('',#16697);
#17048 = STYLED_ITEM('color',(#17049),#7909);
#17049 = PRESENTATION_STYLE_ASSIGNMENT((#17050));
#17050 = SURFACE_STYLE_USAGE(.BOTH.,#17051);
#17051 = SURFACE_SIDE_STYLE('',(#17052));
#17052 = SURFACE_STYLE_FILL_AREA(#17053);
#17053 = FILL_AREA_STYLE('',(#17054));
#17054 = FILL_AREA_STYLE_COLOUR('',#16697);
#17055 = STYLED_ITEM('color',(#17056),#7934);
#17056 = PRESENTATION_STYLE_ASSIGNMENT((#17057));
#17057 = SURFACE_STYLE_USAGE(.BOTH.,#17058);
#17058 = SURFACE_SIDE_STYLE('',(#17059));
#17059 = SURFACE_STYLE_FILL_AREA(#17060);
#17060 = FILL_AREA_STYLE('',(#17061));
#17061 = FILL_AREA_STYLE_COLOUR('',#16697);
#17062 = STYLED_ITEM('color',(#17063),#7959);
#17063 = PRESENTATION_STYLE_ASSIGNMENT((#17064));
#17064 = SURFACE_STYLE_USAGE(.BOTH.,#17065);
#17065 = SURFACE_SIDE_STYLE('',(#17066));
#17066 = SURFACE_STYLE_FILL_AREA(#17067);
#17067 = FILL_AREA_STYLE('',(#17068));
#17068 = FILL_AREA_STYLE_COLOUR('',#16697);
#17069 = STYLED_ITEM('color',(#17070),#7984);
#17070 = PRESENTATION_STYLE_ASSIGNMENT((#17071));
#17071 = SURFACE_STYLE_USAGE(.BOTH.,#17072);
#17072 = SURFACE_SIDE_STYLE('',(#17073));
#17073 = SURFACE_STYLE_FILL_AREA(#17074);
#17074 = FILL_AREA_STYLE('',(#17075));
#17075 = FILL_AREA_STYLE_COLOUR('',#16697);
#17076 = STYLED_ITEM('color',(#17077),#8009);
#17077 = PRESENTATION_STYLE_ASSIGNMENT((#17078));
#17078 = SURFACE_STYLE_USAGE(.BOTH.,#17079);
#17079 = SURFACE_SIDE_STYLE('',(#17080));
#17080 = SURFACE_STYLE_FILL_AREA(#17081);
#17081 = FILL_AREA_STYLE('',(#17082));
#17082 = FILL_AREA_STYLE_COLOUR('',#16697);
#17083 = STYLED_ITEM('color',(#17084),#8034);
#17084 = PRESENTATION_STYLE_ASSIGNMENT((#17085));
#17085 = SURFACE_STYLE_USAGE(.BOTH.,#17086);
#17086 = SURFACE_SIDE_STYLE('',(#17087));
#17087 = SURFACE_STYLE_FILL_AREA(#17088);
#17088 = FILL_AREA_STYLE('',(#17089));
#17089 = FILL_AREA_STYLE_COLOUR('',#16697);
#17090 = STYLED_ITEM('color',(#17091),#8054);
#17091 = PRESENTATION_STYLE_ASSIGNMENT((#17092));
#17092 = SURFACE_STYLE_USAGE(.BOTH.,#17093);
#17093 = SURFACE_SIDE_STYLE('',(#17094));
#17094 = SURFACE_STYLE_FILL_AREA(#17095);
#17095 = FILL_AREA_STYLE('',(#17096));
#17096 = FILL_AREA_STYLE_COLOUR('',#16697);
#17097 = STYLED_ITEM('color',(#17098),#8074);
#17098 = PRESENTATION_STYLE_ASSIGNMENT((#17099));
#17099 = SURFACE_STYLE_USAGE(.BOTH.,#17100);
#17100 = SURFACE_SIDE_STYLE('',(#17101));
#17101 = SURFACE_STYLE_FILL_AREA(#17102);
#17102 = FILL_AREA_STYLE('',(#17103));
#17103 = FILL_AREA_STYLE_COLOUR('',#16697);
#17104 = STYLED_ITEM('color',(#17105),#8094);
#17105 = PRESENTATION_STYLE_ASSIGNMENT((#17106));
#17106 = SURFACE_STYLE_USAGE(.BOTH.,#17107);
#17107 = SURFACE_SIDE_STYLE('',(#17108));
#17108 = SURFACE_STYLE_FILL_AREA(#17109);
#17109 = FILL_AREA_STYLE('',(#17110));
#17110 = FILL_AREA_STYLE_COLOUR('',#16697);
#17111 = STYLED_ITEM('color',(#17112),#8114);
#17112 = PRESENTATION_STYLE_ASSIGNMENT((#17113));
#17113 = SURFACE_STYLE_USAGE(.BOTH.,#17114);
#17114 = SURFACE_SIDE_STYLE('',(#17115));
#17115 = SURFACE_STYLE_FILL_AREA(#17116);
#17116 = FILL_AREA_STYLE('',(#17117));
#17117 = FILL_AREA_STYLE_COLOUR('',#16697);
#17118 = STYLED_ITEM('color',(#17119),#8134);
#17119 = PRESENTATION_STYLE_ASSIGNMENT((#17120));
#17120 = SURFACE_STYLE_USAGE(.BOTH.,#17121);
#17121 = SURFACE_SIDE_STYLE('',(#17122));
#17122 = SURFACE_STYLE_FILL_AREA(#17123);
#17123 = FILL_AREA_STYLE('',(#17124));
#17124 = FILL_AREA_STYLE_COLOUR('',#16697);
#17125 = STYLED_ITEM('color',(#17126),#8154);
#17126 = PRESENTATION_STYLE_ASSIGNMENT((#17127));
#17127 = SURFACE_STYLE_USAGE(.BOTH.,#17128);
#17128 = SURFACE_SIDE_STYLE('',(#17129));
#17129 = SURFACE_STYLE_FILL_AREA(#17130);
#17130 = FILL_AREA_STYLE('',(#17131));
#17131 = FILL_AREA_STYLE_COLOUR('',#16697);
#17132 = STYLED_ITEM('color',(#17133),#8174);
#17133 = PRESENTATION_STYLE_ASSIGNMENT((#17134));
#17134 = SURFACE_STYLE_USAGE(.BOTH.,#17135);
#17135 = SURFACE_SIDE_STYLE('',(#17136));
#17136 = SURFACE_STYLE_FILL_AREA(#17137);
#17137 = FILL_AREA_STYLE('',(#17138));
#17138 = FILL_AREA_STYLE_COLOUR('',#16697);
#17139 = STYLED_ITEM('color',(#17140),#8194);
#17140 = PRESENTATION_STYLE_ASSIGNMENT((#17141));
#17141 = SURFACE_STYLE_USAGE(.BOTH.,#17142);
#17142 = SURFACE_SIDE_STYLE('',(#17143));
#17143 = SURFACE_STYLE_FILL_AREA(#17144);
#17144 = FILL_AREA_STYLE('',(#17145));
#17145 = FILL_AREA_STYLE_COLOUR('',#16697);
#17146 = STYLED_ITEM('color',(#17147),#8219);
#17147 = PRESENTATION_STYLE_ASSIGNMENT((#17148));
#17148 = SURFACE_STYLE_USAGE(.BOTH.,#17149);
#17149 = SURFACE_SIDE_STYLE('',(#17150));
#17150 = SURFACE_STYLE_FILL_AREA(#17151);
#17151 = FILL_AREA_STYLE('',(#17152));
#17152 = FILL_AREA_STYLE_COLOUR('',#16697);
#17153 = STYLED_ITEM('color',(#17154),#8244);
#17154 = PRESENTATION_STYLE_ASSIGNMENT((#17155));
#17155 = SURFACE_STYLE_USAGE(.BOTH.,#17156);
#17156 = SURFACE_SIDE_STYLE('',(#17157));
#17157 = SURFACE_STYLE_FILL_AREA(#17158);
#17158 = FILL_AREA_STYLE('',(#17159));
#17159 = FILL_AREA_STYLE_COLOUR('',#16697);
#17160 = STYLED_ITEM('color',(#17161),#8269);
#17161 = PRESENTATION_STYLE_ASSIGNMENT((#17162));
#17162 = SURFACE_STYLE_USAGE(.BOTH.,#17163);
#17163 = SURFACE_SIDE_STYLE('',(#17164));
#17164 = SURFACE_STYLE_FILL_AREA(#17165);
#17165 = FILL_AREA_STYLE('',(#17166));
#17166 = FILL_AREA_STYLE_COLOUR('',#16697);
#17167 = STYLED_ITEM('color',(#17168),#8294);
#17168 = PRESENTATION_STYLE_ASSIGNMENT((#17169));
#17169 = SURFACE_STYLE_USAGE(.BOTH.,#17170);
#17170 = SURFACE_SIDE_STYLE('',(#17171));
#17171 = SURFACE_STYLE_FILL_AREA(#17172);
#17172 = FILL_AREA_STYLE('',(#17173));
#17173 = FILL_AREA_STYLE_COLOUR('',#16697);
#17174 = STYLED_ITEM('color',(#17175),#8319);
#17175 = PRESENTATION_STYLE_ASSIGNMENT((#17176));
#17176 = SURFACE_STYLE_USAGE(.BOTH.,#17177);
#17177 = SURFACE_SIDE_STYLE('',(#17178));
#17178 = SURFACE_STYLE_FILL_AREA(#17179);
#17179 = FILL_AREA_STYLE('',(#17180));
#17180 = FILL_AREA_STYLE_COLOUR('',#16697);
#17181 = STYLED_ITEM('color',(#17182),#8344);
#17182 = PRESENTATION_STYLE_ASSIGNMENT((#17183));
#17183 = SURFACE_STYLE_USAGE(.BOTH.,#17184);
#17184 = SURFACE_SIDE_STYLE('',(#17185));
#17185 = SURFACE_STYLE_FILL_AREA(#17186);
#17186 = FILL_AREA_STYLE('',(#17187));
#17187 = FILL_AREA_STYLE_COLOUR('',#16697);
#17188 = STYLED_ITEM('color',(#17189),#8369);
#17189 = PRESENTATION_STYLE_ASSIGNMENT((#17190));
#17190 = SURFACE_STYLE_USAGE(.BOTH.,#17191);
#17191 = SURFACE_SIDE_STYLE('',(#17192));
#17192 = SURFACE_STYLE_FILL_AREA(#17193);
#17193 = FILL_AREA_STYLE('',(#17194));
#17194 = FILL_AREA_STYLE_COLOUR('',#16697);
#17195 = STYLED_ITEM('color',(#17196),#8394);
#17196 = PRESENTATION_STYLE_ASSIGNMENT((#17197));
#17197 = SURFACE_STYLE_USAGE(.BOTH.,#17198);
#17198 = SURFACE_SIDE_STYLE('',(#17199));
#17199 = SURFACE_STYLE_FILL_AREA(#17200);
#17200 = FILL_AREA_STYLE('',(#17201));
#17201 = FILL_AREA_STYLE_COLOUR('',#16697);
#17202 = STYLED_ITEM('color',(#17203),#8419);
#17203 = PRESENTATION_STYLE_ASSIGNMENT((#17204));
#17204 = SURFACE_STYLE_USAGE(.BOTH.,#17205);
#17205 = SURFACE_SIDE_STYLE('',(#17206));
#17206 = SURFACE_STYLE_FILL_AREA(#17207);
#17207 = FILL_AREA_STYLE('',(#17208));
#17208 = FILL_AREA_STYLE_COLOUR('',#16697);
#17209 = STYLED_ITEM('color',(#17210),#8444);
#17210 = PRESENTATION_STYLE_ASSIGNMENT((#17211));
#17211 = SURFACE_STYLE_USAGE(.BOTH.,#17212);
#17212 = SURFACE_SIDE_STYLE('',(#17213));
#17213 = SURFACE_STYLE_FILL_AREA(#17214);
#17214 = FILL_AREA_STYLE('',(#17215));
#17215 = FILL_AREA_STYLE_COLOUR('',#16697);
#17216 = STYLED_ITEM('color',(#17217),#8469);
#17217 = PRESENTATION_STYLE_ASSIGNMENT((#17218));
#17218 = SURFACE_STYLE_USAGE(.BOTH.,#17219);
#17219 = SURFACE_SIDE_STYLE('',(#17220));
#17220 = SURFACE_STYLE_FILL_AREA(#17221);
#17221 = FILL_AREA_STYLE('',(#17222));
#17222 = FILL_AREA_STYLE_COLOUR('',#16697);
#17223 = STYLED_ITEM('color',(#17224),#8494);
#17224 = PRESENTATION_STYLE_ASSIGNMENT((#17225));
#17225 = SURFACE_STYLE_USAGE(.BOTH.,#17226);
#17226 = SURFACE_SIDE_STYLE('',(#17227));
#17227 = SURFACE_STYLE_FILL_AREA(#17228);
#17228 = FILL_AREA_STYLE('',(#17229));
#17229 = FILL_AREA_STYLE_COLOUR('',#16697);
#17230 = STYLED_ITEM('color',(#17231),#8519);
#17231 = PRESENTATION_STYLE_ASSIGNMENT((#17232));
#17232 = SURFACE_STYLE_USAGE(.BOTH.,#17233);
#17233 = SURFACE_SIDE_STYLE('',(#17234));
#17234 = SURFACE_STYLE_FILL_AREA(#17235);
#17235 = FILL_AREA_STYLE('',(#17236));
#17236 = FILL_AREA_STYLE_COLOUR('',#16697);
#17237 = STYLED_ITEM('color',(#17238),#8544);
#17238 = PRESENTATION_STYLE_ASSIGNMENT((#17239));
#17239 = SURFACE_STYLE_USAGE(.BOTH.,#17240);
#17240 = SURFACE_SIDE_STYLE('',(#17241));
#17241 = SURFACE_STYLE_FILL_AREA(#17242);
#17242 = FILL_AREA_STYLE('',(#17243));
#17243 = FILL_AREA_STYLE_COLOUR('',#16697);
#17244 = STYLED_ITEM('color',(#17245),#8569);
#17245 = PRESENTATION_STYLE_ASSIGNMENT((#17246));
#17246 = SURFACE_STYLE_USAGE(.BOTH.,#17247);
#17247 = SURFACE_SIDE_STYLE('',(#17248));
#17248 = SURFACE_STYLE_FILL_AREA(#17249);
#17249 = FILL_AREA_STYLE('',(#17250));
#17250 = FILL_AREA_STYLE_COLOUR('',#16697);
#17251 = STYLED_ITEM('color',(#17252),#8594);
#17252 = PRESENTATION_STYLE_ASSIGNMENT((#17253));
#17253 = SURFACE_STYLE_USAGE(.BOTH.,#17254);
#17254 = SURFACE_SIDE_STYLE('',(#17255));
#17255 = SURFACE_STYLE_FILL_AREA(#17256);
#17256 = FILL_AREA_STYLE('',(#17257));
#17257 = FILL_AREA_STYLE_COLOUR('',#16697);
#17258 = STYLED_ITEM('color',(#17259),#8603);
#17259 = PRESENTATION_STYLE_ASSIGNMENT((#17260));
#17260 = SURFACE_STYLE_USAGE(.BOTH.,#17261);
#17261 = SURFACE_SIDE_STYLE('',(#17262));
#17262 = SURFACE_STYLE_FILL_AREA(#17263);
#17263 = FILL_AREA_STYLE('',(#17264));
#17264 = FILL_AREA_STYLE_COLOUR('',#16697);
#17265 = STYLED_ITEM('color',(#17266),#8612);
#17266 = PRESENTATION_STYLE_ASSIGNMENT((#17267));
#17267 = SURFACE_STYLE_USAGE(.BOTH.,#17268);
#17268 = SURFACE_SIDE_STYLE('',(#17269));
#17269 = SURFACE_STYLE_FILL_AREA(#17270);
#17270 = FILL_AREA_STYLE('',(#17271));
#17271 = FILL_AREA_STYLE_COLOUR('',#16697);
#17272 = STYLED_ITEM('color',(#17273),#8621);
#17273 = PRESENTATION_STYLE_ASSIGNMENT((#17274));
#17274 = SURFACE_STYLE_USAGE(.BOTH.,#17275);
#17275 = SURFACE_SIDE_STYLE('',(#17276));
#17276 = SURFACE_STYLE_FILL_AREA(#17277);
#17277 = FILL_AREA_STYLE('',(#17278));
#17278 = FILL_AREA_STYLE_COLOUR('',#16697);
#17279 = STYLED_ITEM('color',(#17280),#8630);
#17280 = PRESENTATION_STYLE_ASSIGNMENT((#17281));
#17281 = SURFACE_STYLE_USAGE(.BOTH.,#17282);
#17282 = SURFACE_SIDE_STYLE('',(#17283));
#17283 = SURFACE_STYLE_FILL_AREA(#17284);
#17284 = FILL_AREA_STYLE('',(#17285));
#17285 = FILL_AREA_STYLE_COLOUR('',#16697);
#17286 = STYLED_ITEM('color',(#17287),#8639);
#17287 = PRESENTATION_STYLE_ASSIGNMENT((#17288));
#17288 = SURFACE_STYLE_USAGE(.BOTH.,#17289);
#17289 = SURFACE_SIDE_STYLE('',(#17290));
#17290 = SURFACE_STYLE_FILL_AREA(#17291);
#17291 = FILL_AREA_STYLE('',(#17292));
#17292 = FILL_AREA_STYLE_COLOUR('',#16697);
#17293 = STYLED_ITEM('color',(#17294),#8648);
#17294 = PRESENTATION_STYLE_ASSIGNMENT((#17295));
#17295 = SURFACE_STYLE_USAGE(.BOTH.,#17296);
#17296 = SURFACE_SIDE_STYLE('',(#17297));
#17297 = SURFACE_STYLE_FILL_AREA(#17298);
#17298 = FILL_AREA_STYLE('',(#17299));
#17299 = FILL_AREA_STYLE_COLOUR('',#16697);
#17300 = STYLED_ITEM('color',(#17301),#8657);
#17301 = PRESENTATION_STYLE_ASSIGNMENT((#17302));
#17302 = SURFACE_STYLE_USAGE(.BOTH.,#17303);
#17303 = SURFACE_SIDE_STYLE('',(#17304));
#17304 = SURFACE_STYLE_FILL_AREA(#17305);
#17305 = FILL_AREA_STYLE('',(#17306));
#17306 = FILL_AREA_STYLE_COLOUR('',#16697);
#17307 = STYLED_ITEM('color',(#17308),#8666);
#17308 = PRESENTATION_STYLE_ASSIGNMENT((#17309));
#17309 = SURFACE_STYLE_USAGE(.BOTH.,#17310);
#17310 = SURFACE_SIDE_STYLE('',(#17311));
#17311 = SURFACE_STYLE_FILL_AREA(#17312);
#17312 = FILL_AREA_STYLE('',(#17313));
#17313 = FILL_AREA_STYLE_COLOUR('',#16697);
#17314 = STYLED_ITEM('color',(#17315),#8691);
#17315 = PRESENTATION_STYLE_ASSIGNMENT((#17316));
#17316 = SURFACE_STYLE_USAGE(.BOTH.,#17317);
#17317 = SURFACE_SIDE_STYLE('',(#17318));
#17318 = SURFACE_STYLE_FILL_AREA(#17319);
#17319 = FILL_AREA_STYLE('',(#17320));
#17320 = FILL_AREA_STYLE_COLOUR('',#16697);
#17321 = STYLED_ITEM('color',(#17322),#8716);
#17322 = PRESENTATION_STYLE_ASSIGNMENT((#17323));
#17323 = SURFACE_STYLE_USAGE(.BOTH.,#17324);
#17324 = SURFACE_SIDE_STYLE('',(#17325));
#17325 = SURFACE_STYLE_FILL_AREA(#17326);
#17326 = FILL_AREA_STYLE('',(#17327));
#17327 = FILL_AREA_STYLE_COLOUR('',#16697);
#17328 = STYLED_ITEM('color',(#17329),#8741);
#17329 = PRESENTATION_STYLE_ASSIGNMENT((#17330));
#17330 = SURFACE_STYLE_USAGE(.BOTH.,#17331);
#17331 = SURFACE_SIDE_STYLE('',(#17332));
#17332 = SURFACE_STYLE_FILL_AREA(#17333);
#17333 = FILL_AREA_STYLE('',(#17334));
#17334 = FILL_AREA_STYLE_COLOUR('',#16697);
#17335 = STYLED_ITEM('color',(#17336),#8766);
#17336 = PRESENTATION_STYLE_ASSIGNMENT((#17337));
#17337 = SURFACE_STYLE_USAGE(.BOTH.,#17338);
#17338 = SURFACE_SIDE_STYLE('',(#17339));
#17339 = SURFACE_STYLE_FILL_AREA(#17340);
#17340 = FILL_AREA_STYLE('',(#17341));
#17341 = FILL_AREA_STYLE_COLOUR('',#16697);
#17342 = STYLED_ITEM('color',(#17343),#8791);
#17343 = PRESENTATION_STYLE_ASSIGNMENT((#17344));
#17344 = SURFACE_STYLE_USAGE(.BOTH.,#17345);
#17345 = SURFACE_SIDE_STYLE('',(#17346));
#17346 = SURFACE_STYLE_FILL_AREA(#17347);
#17347 = FILL_AREA_STYLE('',(#17348));
#17348 = FILL_AREA_STYLE_COLOUR('',#16697);
#17349 = STYLED_ITEM('color',(#17350),#8816);
#17350 = PRESENTATION_STYLE_ASSIGNMENT((#17351));
#17351 = SURFACE_STYLE_USAGE(.BOTH.,#17352);
#17352 = SURFACE_SIDE_STYLE('',(#17353));
#17353 = SURFACE_STYLE_FILL_AREA(#17354);
#17354 = FILL_AREA_STYLE('',(#17355));
#17355 = FILL_AREA_STYLE_COLOUR('',#16697);
#17356 = STYLED_ITEM('color',(#17357),#8841);
#17357 = PRESENTATION_STYLE_ASSIGNMENT((#17358));
#17358 = SURFACE_STYLE_USAGE(.BOTH.,#17359);
#17359 = SURFACE_SIDE_STYLE('',(#17360));
#17360 = SURFACE_STYLE_FILL_AREA(#17361);
#17361 = FILL_AREA_STYLE('',(#17362));
#17362 = FILL_AREA_STYLE_COLOUR('',#16697);
#17363 = STYLED_ITEM('color',(#17364),#8866);
#17364 = PRESENTATION_STYLE_ASSIGNMENT((#17365));
#17365 = SURFACE_STYLE_USAGE(.BOTH.,#17366);
#17366 = SURFACE_SIDE_STYLE('',(#17367));
#17367 = SURFACE_STYLE_FILL_AREA(#17368);
#17368 = FILL_AREA_STYLE('',(#17369));
#17369 = FILL_AREA_STYLE_COLOUR('',#16697);
#17370 = STYLED_ITEM('color',(#17371),#8875);
#17371 = PRESENTATION_STYLE_ASSIGNMENT((#17372));
#17372 = SURFACE_STYLE_USAGE(.BOTH.,#17373);
#17373 = SURFACE_SIDE_STYLE('',(#17374));
#17374 = SURFACE_STYLE_FILL_AREA(#17375);
#17375 = FILL_AREA_STYLE('',(#17376));
#17376 = FILL_AREA_STYLE_COLOUR('',#16697);
#17377 = STYLED_ITEM('color',(#17378),#8884);
#17378 = PRESENTATION_STYLE_ASSIGNMENT((#17379));
#17379 = SURFACE_STYLE_USAGE(.BOTH.,#17380);
#17380 = SURFACE_SIDE_STYLE('',(#17381));
#17381 = SURFACE_STYLE_FILL_AREA(#17382);
#17382 = FILL_AREA_STYLE('',(#17383));
#17383 = FILL_AREA_STYLE_COLOUR('',#16697);
#17384 = STYLED_ITEM('color',(#17385),#8893);
#17385 = PRESENTATION_STYLE_ASSIGNMENT((#17386));
#17386 = SURFACE_STYLE_USAGE(.BOTH.,#17387);
#17387 = SURFACE_SIDE_STYLE('',(#17388));
#17388 = SURFACE_STYLE_FILL_AREA(#17389);
#17389 = FILL_AREA_STYLE('',(#17390));
#17390 = FILL_AREA_STYLE_COLOUR('',#16697);
#17391 = STYLED_ITEM('color',(#17392),#8902);
#17392 = PRESENTATION_STYLE_ASSIGNMENT((#17393));
#17393 = SURFACE_STYLE_USAGE(.BOTH.,#17394);
#17394 = SURFACE_SIDE_STYLE('',(#17395));
#17395 = SURFACE_STYLE_FILL_AREA(#17396);
#17396 = FILL_AREA_STYLE('',(#17397));
#17397 = FILL_AREA_STYLE_COLOUR('',#16697);
#17398 = STYLED_ITEM('color',(#17399),#8911);
#17399 = PRESENTATION_STYLE_ASSIGNMENT((#17400));
#17400 = SURFACE_STYLE_USAGE(.BOTH.,#17401);
#17401 = SURFACE_SIDE_STYLE('',(#17402));
#17402 = SURFACE_STYLE_FILL_AREA(#17403);
#17403 = FILL_AREA_STYLE('',(#17404));
#17404 = FILL_AREA_STYLE_COLOUR('',#16697);
#17405 = STYLED_ITEM('color',(#17406),#8920);
#17406 = PRESENTATION_STYLE_ASSIGNMENT((#17407));
#17407 = SURFACE_STYLE_USAGE(.BOTH.,#17408);
#17408 = SURFACE_SIDE_STYLE('',(#17409));
#17409 = SURFACE_STYLE_FILL_AREA(#17410);
#17410 = FILL_AREA_STYLE('',(#17411));
#17411 = FILL_AREA_STYLE_COLOUR('',#16697);
#17412 = STYLED_ITEM('color',(#17413),#8929);
#17413 = PRESENTATION_STYLE_ASSIGNMENT((#17414));
#17414 = SURFACE_STYLE_USAGE(.BOTH.,#17415);
#17415 = SURFACE_SIDE_STYLE('',(#17416));
#17416 = SURFACE_STYLE_FILL_AREA(#17417);
#17417 = FILL_AREA_STYLE('',(#17418));
#17418 = FILL_AREA_STYLE_COLOUR('',#16697);
#17419 = MECHANICAL_DESIGN_GEOMETRIC_PRESENTATION_REPRESENTATION('',(
    #17420,#17428,#17435,#17442,#17449,#17456,#17463,#17470,#17477,
    #17484,#17491,#17498,#17505,#17512,#17519,#17526,#17533),#5685);
#17420 = STYLED_ITEM('color',(#17421),#5300);
#17421 = PRESENTATION_STYLE_ASSIGNMENT((#17422));
#17422 = SURFACE_STYLE_USAGE(.BOTH.,#17423);
#17423 = SURFACE_SIDE_STYLE('',(#17424));
#17424 = SURFACE_STYLE_FILL_AREA(#17425);
#17425 = FILL_AREA_STYLE('',(#17426));
#17426 = FILL_AREA_STYLE_COLOUR('',#17427);
#17427 = COLOUR_RGB('',0.883000012551,0.711000022565,0.492000011028);
#17428 = STYLED_ITEM('color',(#17429),#5333);
#17429 = PRESENTATION_STYLE_ASSIGNMENT((#17430));
#17430 = SURFACE_STYLE_USAGE(.BOTH.,#17431);
#17431 = SURFACE_SIDE_STYLE('',(#17432));
#17432 = SURFACE_STYLE_FILL_AREA(#17433);
#17433 = FILL_AREA_STYLE('',(#17434));
#17434 = FILL_AREA_STYLE_COLOUR('',#17427);
#17435 = STYLED_ITEM('color',(#17436),#5359);
#17436 = PRESENTATION_STYLE_ASSIGNMENT((#17437));
#17437 = SURFACE_STYLE_USAGE(.BOTH.,#17438);
#17438 = SURFACE_SIDE_STYLE('',(#17439));
#17439 = SURFACE_STYLE_FILL_AREA(#17440);
#17440 = FILL_AREA_STYLE('',(#17441));
#17441 = FILL_AREA_STYLE_COLOUR('',#17427);
#17442 = STYLED_ITEM('color',(#17443),#5379);
#17443 = PRESENTATION_STYLE_ASSIGNMENT((#17444));
#17444 = SURFACE_STYLE_USAGE(.BOTH.,#17445);
#17445 = SURFACE_SIDE_STYLE('',(#17446));
#17446 = SURFACE_STYLE_FILL_AREA(#17447);
#17447 = FILL_AREA_STYLE('',(#17448));
#17448 = FILL_AREA_STYLE_COLOUR('',#17427);
#17449 = STYLED_ITEM('color',(#17450),#5399);
#17450 = PRESENTATION_STYLE_ASSIGNMENT((#17451));
#17451 = SURFACE_STYLE_USAGE(.BOTH.,#17452);
#17452 = SURFACE_SIDE_STYLE('',(#17453));
#17453 = SURFACE_STYLE_FILL_AREA(#17454);
#17454 = FILL_AREA_STYLE('',(#17455));
#17455 = FILL_AREA_STYLE_COLOUR('',#17427);
#17456 = STYLED_ITEM('color',(#17457),#5424);
#17457 = PRESENTATION_STYLE_ASSIGNMENT((#17458));
#17458 = SURFACE_STYLE_USAGE(.BOTH.,#17459);
#17459 = SURFACE_SIDE_STYLE('',(#17460));
#17460 = SURFACE_STYLE_FILL_AREA(#17461);
#17461 = FILL_AREA_STYLE('',(#17462));
#17462 = FILL_AREA_STYLE_COLOUR('',#16697);
#17463 = STYLED_ITEM('color',(#17464),#5449);
#17464 = PRESENTATION_STYLE_ASSIGNMENT((#17465));
#17465 = SURFACE_STYLE_USAGE(.BOTH.,#17466);
#17466 = SURFACE_SIDE_STYLE('',(#17467));
#17467 = SURFACE_STYLE_FILL_AREA(#17468);
#17468 = FILL_AREA_STYLE('',(#17469));
#17469 = FILL_AREA_STYLE_COLOUR('',#17427);
#17470 = STYLED_ITEM('color',(#17471),#5469);
#17471 = PRESENTATION_STYLE_ASSIGNMENT((#17472));
#17472 = SURFACE_STYLE_USAGE(.BOTH.,#17473);
#17473 = SURFACE_SIDE_STYLE('',(#17474));
#17474 = SURFACE_STYLE_FILL_AREA(#17475);
#17475 = FILL_AREA_STYLE('',(#17476));
#17476 = FILL_AREA_STYLE_COLOUR('',#16697);
#17477 = STYLED_ITEM('color',(#17478),#5495);
#17478 = PRESENTATION_STYLE_ASSIGNMENT((#17479));
#17479 = SURFACE_STYLE_USAGE(.BOTH.,#17480);
#17480 = SURFACE_SIDE_STYLE('',(#17481));
#17481 = SURFACE_STYLE_FILL_AREA(#17482);
#17482 = FILL_AREA_STYLE('',(#17483));
#17483 = FILL_AREA_STYLE_COLOUR('',#17427);
#17484 = STYLED_ITEM('color',(#17485),#5520);
#17485 = PRESENTATION_STYLE_ASSIGNMENT((#17486));
#17486 = SURFACE_STYLE_USAGE(.BOTH.,#17487);
#17487 = SURFACE_SIDE_STYLE('',(#17488));
#17488 = SURFACE_STYLE_FILL_AREA(#17489);
#17489 = FILL_AREA_STYLE('',(#17490));
#17490 = FILL_AREA_STYLE_COLOUR('',#16697);
#17491 = STYLED_ITEM('color',(#17492),#5545);
#17492 = PRESENTATION_STYLE_ASSIGNMENT((#17493));
#17493 = SURFACE_STYLE_USAGE(.BOTH.,#17494);
#17494 = SURFACE_SIDE_STYLE('',(#17495));
#17495 = SURFACE_STYLE_FILL_AREA(#17496);
#17496 = FILL_AREA_STYLE('',(#17497));
#17497 = FILL_AREA_STYLE_COLOUR('',#17427);
#17498 = STYLED_ITEM('color',(#17499),#5571);
#17499 = PRESENTATION_STYLE_ASSIGNMENT((#17500));
#17500 = SURFACE_STYLE_USAGE(.BOTH.,#17501);
#17501 = SURFACE_SIDE_STYLE('',(#17502));
#17502 = SURFACE_STYLE_FILL_AREA(#17503);
#17503 = FILL_AREA_STYLE('',(#17504));
#17504 = FILL_AREA_STYLE_COLOUR('',#16697);
#17505 = STYLED_ITEM('color',(#17506),#5580);
#17506 = PRESENTATION_STYLE_ASSIGNMENT((#17507));
#17507 = SURFACE_STYLE_USAGE(.BOTH.,#17508);
#17508 = SURFACE_SIDE_STYLE('',(#17509));
#17509 = SURFACE_STYLE_FILL_AREA(#17510);
#17510 = FILL_AREA_STYLE('',(#17511));
#17511 = FILL_AREA_STYLE_COLOUR('',#17427);
#17512 = STYLED_ITEM('color',(#17513),#5600);
#17513 = PRESENTATION_STYLE_ASSIGNMENT((#17514));
#17514 = SURFACE_STYLE_USAGE(.BOTH.,#17515);
#17515 = SURFACE_SIDE_STYLE('',(#17516));
#17516 = SURFACE_STYLE_FILL_AREA(#17517);
#17517 = FILL_AREA_STYLE('',(#17518));
#17518 = FILL_AREA_STYLE_COLOUR('',#16697);
#17519 = STYLED_ITEM('color',(#17520),#5625);
#17520 = PRESENTATION_STYLE_ASSIGNMENT((#17521));
#17521 = SURFACE_STYLE_USAGE(.BOTH.,#17522);
#17522 = SURFACE_SIDE_STYLE('',(#17523));
#17523 = SURFACE_STYLE_FILL_AREA(#17524);
#17524 = FILL_AREA_STYLE('',(#17525));
#17525 = FILL_AREA_STYLE_COLOUR('',#16697);
#17526 = STYLED_ITEM('color',(#17527),#5651);
#17527 = PRESENTATION_STYLE_ASSIGNMENT((#17528));
#17528 = SURFACE_STYLE_USAGE(.BOTH.,#17529);
#17529 = SURFACE_SIDE_STYLE('',(#17530));
#17530 = SURFACE_STYLE_FILL_AREA(#17531);
#17531 = FILL_AREA_STYLE('',(#17532));
#17532 = FILL_AREA_STYLE_COLOUR('',#16697);
#17533 = STYLED_ITEM('color',(#17534),#5676);
#17534 = PRESENTATION_STYLE_ASSIGNMENT((#17535));
#17535 = SURFACE_STYLE_USAGE(.BOTH.,#17536);
#17536 = SURFACE_SIDE_STYLE('',(#17537));
#17537 = SURFACE_STYLE_FILL_AREA(#17538);
#17538 = FILL_AREA_STYLE('',(#17539));
#17539 = FILL_AREA_STYLE_COLOUR('',#16697);
#17540 = MECHANICAL_DESIGN_GEOMETRIC_PRESENTATION_REPRESENTATION('',(
    #17541,#17549,#17556,#17563,#17570,#17577,#17584,#17591,#17598,
    #17605,#17612,#17619,#17626,#17633,#17640,#17647,#17654,#17661,
    #17668,#17675,#17682,#17689),#3894);
#17541 = STYLED_ITEM('color',(#17542),#3352);
#17542 = PRESENTATION_STYLE_ASSIGNMENT((#17543));
#17543 = SURFACE_STYLE_USAGE(.BOTH.,#17544);
#17544 = SURFACE_SIDE_STYLE('',(#17545));
#17545 = SURFACE_STYLE_FILL_AREA(#17546);
#17546 = FILL_AREA_STYLE('',(#17547));
#17547 = FILL_AREA_STYLE_COLOUR('',#17548);
#17548 = COLOUR_RGB('',0.699999984889,9.999999991362E-02,
  5.000000142576E-02);
#17549 = STYLED_ITEM('color',(#17550),#3392);
#17550 = PRESENTATION_STYLE_ASSIGNMENT((#17551));
#17551 = SURFACE_STYLE_USAGE(.BOTH.,#17552);
#17552 = SURFACE_SIDE_STYLE('',(#17553));
#17553 = SURFACE_STYLE_FILL_AREA(#17554);
#17554 = FILL_AREA_STYLE('',(#17555));
#17555 = FILL_AREA_STYLE_COLOUR('',#17548);
#17556 = STYLED_ITEM('color',(#17557),#3425);
#17557 = PRESENTATION_STYLE_ASSIGNMENT((#17558));
#17558 = SURFACE_STYLE_USAGE(.BOTH.,#17559);
#17559 = SURFACE_SIDE_STYLE('',(#17560));
#17560 = SURFACE_STYLE_FILL_AREA(#17561);
#17561 = FILL_AREA_STYLE('',(#17562));
#17562 = FILL_AREA_STYLE_COLOUR('',#17548);
#17563 = STYLED_ITEM('color',(#17564),#3458);
#17564 = PRESENTATION_STYLE_ASSIGNMENT((#17565));
#17565 = SURFACE_STYLE_USAGE(.BOTH.,#17566);
#17566 = SURFACE_SIDE_STYLE('',(#17567));
#17567 = SURFACE_STYLE_FILL_AREA(#17568);
#17568 = FILL_AREA_STYLE('',(#17569));
#17569 = FILL_AREA_STYLE_COLOUR('',#17548);
#17570 = STYLED_ITEM('color',(#17571),#3539);
#17571 = PRESENTATION_STYLE_ASSIGNMENT((#17572));
#17572 = SURFACE_STYLE_USAGE(.BOTH.,#17573);
#17573 = SURFACE_SIDE_STYLE('',(#17574));
#17574 = SURFACE_STYLE_FILL_AREA(#17575);
#17575 = FILL_AREA_STYLE('',(#17576));
#17576 = FILL_AREA_STYLE_COLOUR('',#17548);
#17577 = STYLED_ITEM('color',(#17578),#3564);
#17578 = PRESENTATION_STYLE_ASSIGNMENT((#17579));
#17579 = SURFACE_STYLE_USAGE(.BOTH.,#17580);
#17580 = SURFACE_SIDE_STYLE('',(#17581));
#17581 = SURFACE_STYLE_FILL_AREA(#17582);
#17582 = FILL_AREA_STYLE('',(#17583));
#17583 = FILL_AREA_STYLE_COLOUR('',#17548);
#17584 = STYLED_ITEM('color',(#17585),#3581);
#17585 = PRESENTATION_STYLE_ASSIGNMENT((#17586));
#17586 = SURFACE_STYLE_USAGE(.BOTH.,#17587);
#17587 = SURFACE_SIDE_STYLE('',(#17588));
#17588 = SURFACE_STYLE_FILL_AREA(#17589);
#17589 = FILL_AREA_STYLE('',(#17590));
#17590 = FILL_AREA_STYLE_COLOUR('',#17548);
#17591 = STYLED_ITEM('color',(#17592),#3605);
#17592 = PRESENTATION_STYLE_ASSIGNMENT((#17593));
#17593 = SURFACE_STYLE_USAGE(.BOTH.,#17594);
#17594 = SURFACE_SIDE_STYLE('',(#17595));
#17595 = SURFACE_STYLE_FILL_AREA(#17596);
#17596 = FILL_AREA_STYLE('',(#17597));
#17597 = FILL_AREA_STYLE_COLOUR('',#17548);
#17598 = STYLED_ITEM('color',(#17599),#3636);
#17599 = PRESENTATION_STYLE_ASSIGNMENT((#17600));
#17600 = SURFACE_STYLE_USAGE(.BOTH.,#17601);
#17601 = SURFACE_SIDE_STYLE('',(#17602));
#17602 = SURFACE_STYLE_FILL_AREA(#17603);
#17603 = FILL_AREA_STYLE('',(#17604));
#17604 = FILL_AREA_STYLE_COLOUR('',#17548);
#17605 = STYLED_ITEM('color',(#17606),#3653);
#17606 = PRESENTATION_STYLE_ASSIGNMENT((#17607));
#17607 = SURFACE_STYLE_USAGE(.BOTH.,#17608);
#17608 = SURFACE_SIDE_STYLE('',(#17609));
#17609 = SURFACE_STYLE_FILL_AREA(#17610);
#17610 = FILL_AREA_STYLE('',(#17611));
#17611 = FILL_AREA_STYLE_COLOUR('',#17548);
#17612 = STYLED_ITEM('color',(#17613),#3677);
#17613 = PRESENTATION_STYLE_ASSIGNMENT((#17614));
#17614 = SURFACE_STYLE_USAGE(.BOTH.,#17615);
#17615 = SURFACE_SIDE_STYLE('',(#17616));
#17616 = SURFACE_STYLE_FILL_AREA(#17617);
#17617 = FILL_AREA_STYLE('',(#17618));
#17618 = FILL_AREA_STYLE_COLOUR('',#17548);
#17619 = STYLED_ITEM('color',(#17620),#3702);
#17620 = PRESENTATION_STYLE_ASSIGNMENT((#17621));
#17621 = SURFACE_STYLE_USAGE(.BOTH.,#17622);
#17622 = SURFACE_SIDE_STYLE('',(#17623));
#17623 = SURFACE_STYLE_FILL_AREA(#17624);
#17624 = FILL_AREA_STYLE('',(#17625));
#17625 = FILL_AREA_STYLE_COLOUR('',#17548);
#17626 = STYLED_ITEM('color',(#17627),#3727);
#17627 = PRESENTATION_STYLE_ASSIGNMENT((#17628));
#17628 = SURFACE_STYLE_USAGE(.BOTH.,#17629);
#17629 = SURFACE_SIDE_STYLE('',(#17630));
#17630 = SURFACE_STYLE_FILL_AREA(#17631);
#17631 = FILL_AREA_STYLE('',(#17632));
#17632 = FILL_AREA_STYLE_COLOUR('',#17548);
#17633 = STYLED_ITEM('color',(#17634),#3744);
#17634 = PRESENTATION_STYLE_ASSIGNMENT((#17635));
#17635 = SURFACE_STYLE_USAGE(.BOTH.,#17636);
#17636 = SURFACE_SIDE_STYLE('',(#17637));
#17637 = SURFACE_STYLE_FILL_AREA(#17638);
#17638 = FILL_AREA_STYLE('',(#17639));
#17639 = FILL_AREA_STYLE_COLOUR('',#16697);
#17640 = STYLED_ITEM('color',(#17641),#3769);
#17641 = PRESENTATION_STYLE_ASSIGNMENT((#17642));
#17642 = SURFACE_STYLE_USAGE(.BOTH.,#17643);
#17643 = SURFACE_SIDE_STYLE('',(#17644));
#17644 = SURFACE_STYLE_FILL_AREA(#17645);
#17645 = FILL_AREA_STYLE('',(#17646));
#17646 = FILL_AREA_STYLE_COLOUR('',#16697);
#17647 = STYLED_ITEM('color',(#17648),#3794);
#17648 = PRESENTATION_STYLE_ASSIGNMENT((#17649));
#17649 = SURFACE_STYLE_USAGE(.BOTH.,#17650);
#17650 = SURFACE_SIDE_STYLE('',(#17651));
#17651 = SURFACE_STYLE_FILL_AREA(#17652);
#17652 = FILL_AREA_STYLE('',(#17653));
#17653 = FILL_AREA_STYLE_COLOUR('',#17548);
#17654 = STYLED_ITEM('color',(#17655),#3812);
#17655 = PRESENTATION_STYLE_ASSIGNMENT((#17656));
#17656 = SURFACE_STYLE_USAGE(.BOTH.,#17657);
#17657 = SURFACE_SIDE_STYLE('',(#17658));
#17658 = SURFACE_STYLE_FILL_AREA(#17659);
#17659 = FILL_AREA_STYLE('',(#17660));
#17660 = FILL_AREA_STYLE_COLOUR('',#17548);
#17661 = STYLED_ITEM('color',(#17662),#3836);
#17662 = PRESENTATION_STYLE_ASSIGNMENT((#17663));
#17663 = SURFACE_STYLE_USAGE(.BOTH.,#17664);
#17664 = SURFACE_SIDE_STYLE('',(#17665));
#17665 = SURFACE_STYLE_FILL_AREA(#17666);
#17666 = FILL_AREA_STYLE('',(#17667));
#17667 = FILL_AREA_STYLE_COLOUR('',#17548);
#17668 = STYLED_ITEM('color',(#17669),#3854);
#17669 = PRESENTATION_STYLE_ASSIGNMENT((#17670));
#17670 = SURFACE_STYLE_USAGE(.BOTH.,#17671);
#17671 = SURFACE_SIDE_STYLE('',(#17672));
#17672 = SURFACE_STYLE_FILL_AREA(#17673);
#17673 = FILL_AREA_STYLE('',(#17674));
#17674 = FILL_AREA_STYLE_COLOUR('',#17548);
#17675 = STYLED_ITEM('color',(#17676),#3865);
#17676 = PRESENTATION_STYLE_ASSIGNMENT((#17677));
#17677 = SURFACE_STYLE_USAGE(.BOTH.,#17678);
#17678 = SURFACE_SIDE_STYLE('',(#17679));
#17679 = SURFACE_STYLE_FILL_AREA(#17680);
#17680 = FILL_AREA_STYLE('',(#17681));
#17681 = FILL_AREA_STYLE_COLOUR('',#17548);
#17682 = STYLED_ITEM('color',(#17683),#3876);
#17683 = PRESENTATION_STYLE_ASSIGNMENT((#17684));
#17684 = SURFACE_STYLE_USAGE(.BOTH.,#17685);
#17685 = SURFACE_SIDE_STYLE('',(#17686));
#17686 = SURFACE_STYLE_FILL_AREA(#17687);
#17687 = FILL_AREA_STYLE('',(#17688));
#17688 = FILL_AREA_STYLE_COLOUR('',#16697);
#17689 = STYLED_ITEM('color',(#17690),#3885);
#17690 = PRESENTATION_STYLE_ASSIGNMENT((#17691));
#17691 = SURFACE_STYLE_USAGE(.BOTH.,#17692);
#17692 = SURFACE_SIDE_STYLE('',(#17693));
#17693 = SURFACE_STYLE_FILL_AREA(#17694);
#17694 = FILL_AREA_STYLE('',(#17695));
#17695 = FILL_AREA_STYLE_COLOUR('',#16697);
#17696 = MECHANICAL_DESIGN_GEOMETRIC_PRESENTATION_REPRESENTATION('',(
    #17697,#17708,#17716,#17723,#17730,#17737,#17744,#17751,#17758,
    #17765,#17772,#17779,#17786,#17793,#17800,#17807,#17814,#17821,
    #17828,#17836,#17843,#17850,#17857,#17864,#17871,#17878,#17885,
    #17892,#17899,#17906,#17913,#17920,#17927,#17934,#17941,#17948,
    #17955,#17962,#17969,#17976,#17983,#17990,#17997,#18004,#18011,
    #18019,#18026,#18033,#18040,#18047),#2536);
#17697 = STYLED_ITEM('color',(#17698),#1252);
#17698 = PRESENTATION_STYLE_ASSIGNMENT((#17699,#17705));
#17699 = SURFACE_STYLE_USAGE(.BOTH.,#17700);
#17700 = SURFACE_SIDE_STYLE('',(#17701));
#17701 = SURFACE_STYLE_FILL_AREA(#17702);
#17702 = FILL_AREA_STYLE('',(#17703));
#17703 = FILL_AREA_STYLE_COLOUR('',#17704);
#17704 = COLOUR_RGB('',0.514231663239,0.514231663239,0.514231663239);
#17705 = CURVE_STYLE('',#17706,POSITIVE_LENGTH_MEASURE(0.1),#17707);
#17706 = DRAUGHTING_PRE_DEFINED_CURVE_FONT('continuous');
#17707 = COLOUR_RGB('',0.345868924627,0.345868924627,0.345868924627);
#17708 = OVER_RIDING_STYLED_ITEM('overriding color',(#17709),#1254,
  #17697);
#17709 = PRESENTATION_STYLE_ASSIGNMENT((#17710));
#17710 = SURFACE_STYLE_USAGE(.BOTH.,#17711);
#17711 = SURFACE_SIDE_STYLE('',(#17712));
#17712 = SURFACE_STYLE_FILL_AREA(#17713);
#17713 = FILL_AREA_STYLE('',(#17714));
#17714 = FILL_AREA_STYLE_COLOUR('',#17715);
#17715 = COLOUR_RGB('',0.559214734363,0.559214734363,0.559214734363);
#17716 = OVER_RIDING_STYLED_ITEM('overriding color',(#17717),#1294,
  #17697);
#17717 = PRESENTATION_STYLE_ASSIGNMENT((#17718));
#17718 = SURFACE_STYLE_USAGE(.BOTH.,#17719);
#17719 = SURFACE_SIDE_STYLE('',(#17720));
#17720 = SURFACE_STYLE_FILL_AREA(#17721);
#17721 = FILL_AREA_STYLE('',(#17722));
#17722 = FILL_AREA_STYLE_COLOUR('',#17715);
#17723 = OVER_RIDING_STYLED_ITEM('overriding color',(#17724),#1325,
  #17697);
#17724 = PRESENTATION_STYLE_ASSIGNMENT((#17725));
#17725 = SURFACE_STYLE_USAGE(.BOTH.,#17726);
#17726 = SURFACE_SIDE_STYLE('',(#17727));
#17727 = SURFACE_STYLE_FILL_AREA(#17728);
#17728 = FILL_AREA_STYLE('',(#17729));
#17729 = FILL_AREA_STYLE_COLOUR('',#17715);
#17730 = OVER_RIDING_STYLED_ITEM('overriding color',(#17731),#1381,
  #17697);
#17731 = PRESENTATION_STYLE_ASSIGNMENT((#17732));
#17732 = SURFACE_STYLE_USAGE(.BOTH.,#17733);
#17733 = SURFACE_SIDE_STYLE('',(#17734));
#17734 = SURFACE_STYLE_FILL_AREA(#17735);
#17735 = FILL_AREA_STYLE('',(#17736));
#17736 = FILL_AREA_STYLE_COLOUR('',#17715);
#17737 = OVER_RIDING_STYLED_ITEM('overriding color',(#17738),#1405,
  #17697);
#17738 = PRESENTATION_STYLE_ASSIGNMENT((#17739));
#17739 = SURFACE_STYLE_USAGE(.BOTH.,#17740);
#17740 = SURFACE_SIDE_STYLE('',(#17741));
#17741 = SURFACE_STYLE_FILL_AREA(#17742);
#17742 = FILL_AREA_STYLE('',(#17743));
#17743 = FILL_AREA_STYLE_COLOUR('',#17715);
#17744 = OVER_RIDING_STYLED_ITEM('overriding color',(#17745),#1611,
  #17697);
#17745 = PRESENTATION_STYLE_ASSIGNMENT((#17746));
#17746 = SURFACE_STYLE_USAGE(.BOTH.,#17747);
#17747 = SURFACE_SIDE_STYLE('',(#17748));
#17748 = SURFACE_STYLE_FILL_AREA(#17749);
#17749 = FILL_AREA_STYLE('',(#17750));
#17750 = FILL_AREA_STYLE_COLOUR('',#17715);
#17751 = OVER_RIDING_STYLED_ITEM('overriding color',(#17752),#1642,
  #17697);
#17752 = PRESENTATION_STYLE_ASSIGNMENT((#17753));
#17753 = SURFACE_STYLE_USAGE(.BOTH.,#17754);
#17754 = SURFACE_SIDE_STYLE('',(#17755));
#17755 = SURFACE_STYLE_FILL_AREA(#17756);
#17756 = FILL_AREA_STYLE('',(#17757));
#17757 = FILL_AREA_STYLE_COLOUR('',#17715);
#17758 = OVER_RIDING_STYLED_ITEM('overriding color',(#17759),#1659,
  #17697);
#17759 = PRESENTATION_STYLE_ASSIGNMENT((#17760));
#17760 = SURFACE_STYLE_USAGE(.BOTH.,#17761);
#17761 = SURFACE_SIDE_STYLE('',(#17762));
#17762 = SURFACE_STYLE_FILL_AREA(#17763);
#17763 = FILL_AREA_STYLE('',(#17764));
#17764 = FILL_AREA_STYLE_COLOUR('',#17715);
#17765 = OVER_RIDING_STYLED_ITEM('overriding color',(#17766),#1676,
  #17697);
#17766 = PRESENTATION_STYLE_ASSIGNMENT((#17767));
#17767 = SURFACE_STYLE_USAGE(.BOTH.,#17768);
#17768 = SURFACE_SIDE_STYLE('',(#17769));
#17769 = SURFACE_STYLE_FILL_AREA(#17770);
#17770 = FILL_AREA_STYLE('',(#17771));
#17771 = FILL_AREA_STYLE_COLOUR('',#17715);
#17772 = OVER_RIDING_STYLED_ITEM('overriding color',(#17773),#1700,
  #17697);
#17773 = PRESENTATION_STYLE_ASSIGNMENT((#17774));
#17774 = SURFACE_STYLE_USAGE(.BOTH.,#17775);
#17775 = SURFACE_SIDE_STYLE('',(#17776));
#17776 = SURFACE_STYLE_FILL_AREA(#17777);
#17777 = FILL_AREA_STYLE('',(#17778));
#17778 = FILL_AREA_STYLE_COLOUR('',#17715);
#17779 = OVER_RIDING_STYLED_ITEM('overriding color',(#17780),#1716,
  #17697);
#17780 = PRESENTATION_STYLE_ASSIGNMENT((#17781));
#17781 = SURFACE_STYLE_USAGE(.BOTH.,#17782);
#17782 = SURFACE_SIDE_STYLE('',(#17783));
#17783 = SURFACE_STYLE_FILL_AREA(#17784);
#17784 = FILL_AREA_STYLE('',(#17785));
#17785 = FILL_AREA_STYLE_COLOUR('',#17715);
#17786 = OVER_RIDING_STYLED_ITEM('overriding color',(#17787),#1747,
  #17697);
#17787 = PRESENTATION_STYLE_ASSIGNMENT((#17788));
#17788 = SURFACE_STYLE_USAGE(.BOTH.,#17789);
#17789 = SURFACE_SIDE_STYLE('',(#17790));
#17790 = SURFACE_STYLE_FILL_AREA(#17791);
#17791 = FILL_AREA_STYLE('',(#17792));
#17792 = FILL_AREA_STYLE_COLOUR('',#17715);
#17793 = OVER_RIDING_STYLED_ITEM('overriding color',(#17794),#1771,
  #17697);
#17794 = PRESENTATION_STYLE_ASSIGNMENT((#17795));
#17795 = SURFACE_STYLE_USAGE(.BOTH.,#17796);
#17796 = SURFACE_SIDE_STYLE('',(#17797));
#17797 = SURFACE_STYLE_FILL_AREA(#17798);
#17798 = FILL_AREA_STYLE('',(#17799));
#17799 = FILL_AREA_STYLE_COLOUR('',#17715);
#17800 = OVER_RIDING_STYLED_ITEM('overriding color',(#17801),#1787,
  #17697);
#17801 = PRESENTATION_STYLE_ASSIGNMENT((#17802));
#17802 = SURFACE_STYLE_USAGE(.BOTH.,#17803);
#17803 = SURFACE_SIDE_STYLE('',(#17804));
#17804 = SURFACE_STYLE_FILL_AREA(#17805);
#17805 = FILL_AREA_STYLE('',(#17806));
#17806 = FILL_AREA_STYLE_COLOUR('',#17715);
#17807 = OVER_RIDING_STYLED_ITEM('overriding color',(#17808),#1818,
  #17697);
#17808 = PRESENTATION_STYLE_ASSIGNMENT((#17809));
#17809 = SURFACE_STYLE_USAGE(.BOTH.,#17810);
#17810 = SURFACE_SIDE_STYLE('',(#17811));
#17811 = SURFACE_STYLE_FILL_AREA(#17812);
#17812 = FILL_AREA_STYLE('',(#17813));
#17813 = FILL_AREA_STYLE_COLOUR('',#17715);
#17814 = OVER_RIDING_STYLED_ITEM('overriding color',(#17815),#1843,
  #17697);
#17815 = PRESENTATION_STYLE_ASSIGNMENT((#17816));
#17816 = SURFACE_STYLE_USAGE(.BOTH.,#17817);
#17817 = SURFACE_SIDE_STYLE('',(#17818));
#17818 = SURFACE_STYLE_FILL_AREA(#17819);
#17819 = FILL_AREA_STYLE('',(#17820));
#17820 = FILL_AREA_STYLE_COLOUR('',#17715);
#17821 = OVER_RIDING_STYLED_ITEM('overriding color',(#17822),#1868,
  #17697);
#17822 = PRESENTATION_STYLE_ASSIGNMENT((#17823));
#17823 = SURFACE_STYLE_USAGE(.BOTH.,#17824);
#17824 = SURFACE_SIDE_STYLE('',(#17825));
#17825 = SURFACE_STYLE_FILL_AREA(#17826);
#17826 = FILL_AREA_STYLE('',(#17827));
#17827 = FILL_AREA_STYLE_COLOUR('',#17715);
#17828 = OVER_RIDING_STYLED_ITEM('overriding color',(#17829),#1893,
  #17697);
#17829 = PRESENTATION_STYLE_ASSIGNMENT((#17830));
#17830 = SURFACE_STYLE_USAGE(.BOTH.,#17831);
#17831 = SURFACE_SIDE_STYLE('',(#17832));
#17832 = SURFACE_STYLE_FILL_AREA(#17833);
#17833 = FILL_AREA_STYLE('',(#17834));
#17834 = FILL_AREA_STYLE_COLOUR('',#17835);
#17835 = COLOUR_RGB('',0.935260866907,0.874556811871,0.732716281101);
#17836 = OVER_RIDING_STYLED_ITEM('overriding color',(#17837),#1924,
  #17697);
#17837 = PRESENTATION_STYLE_ASSIGNMENT((#17838));
#17838 = SURFACE_STYLE_USAGE(.BOTH.,#17839);
#17839 = SURFACE_SIDE_STYLE('',(#17840));
#17840 = SURFACE_STYLE_FILL_AREA(#17841);
#17841 = FILL_AREA_STYLE('',(#17842));
#17842 = FILL_AREA_STYLE_COLOUR('',#17835);
#17843 = OVER_RIDING_STYLED_ITEM('overriding color',(#17844),#1948,
  #17697);
#17844 = PRESENTATION_STYLE_ASSIGNMENT((#17845));
#17845 = SURFACE_STYLE_USAGE(.BOTH.,#17846);
#17846 = SURFACE_SIDE_STYLE('',(#17847));
#17847 = SURFACE_STYLE_FILL_AREA(#17848);
#17848 = FILL_AREA_STYLE('',(#17849));
#17849 = FILL_AREA_STYLE_COLOUR('',#17835);
#17850 = OVER_RIDING_STYLED_ITEM('overriding color',(#17851),#1972,
  #17697);
#17851 = PRESENTATION_STYLE_ASSIGNMENT((#17852));
#17852 = SURFACE_STYLE_USAGE(.BOTH.,#17853);
#17853 = SURFACE_SIDE_STYLE('',(#17854));
#17854 = SURFACE_STYLE_FILL_AREA(#17855);
#17855 = FILL_AREA_STYLE('',(#17856));
#17856 = FILL_AREA_STYLE_COLOUR('',#17835);
#17857 = OVER_RIDING_STYLED_ITEM('overriding color',(#17858),#1989,
  #17697);
#17858 = PRESENTATION_STYLE_ASSIGNMENT((#17859));
#17859 = SURFACE_STYLE_USAGE(.BOTH.,#17860);
#17860 = SURFACE_SIDE_STYLE('',(#17861));
#17861 = SURFACE_STYLE_FILL_AREA(#17862);
#17862 = FILL_AREA_STYLE('',(#17863));
#17863 = FILL_AREA_STYLE_COLOUR('',#17715);
#17864 = OVER_RIDING_STYLED_ITEM('overriding color',(#17865),#2014,
  #17697);
#17865 = PRESENTATION_STYLE_ASSIGNMENT((#17866));
#17866 = SURFACE_STYLE_USAGE(.BOTH.,#17867);
#17867 = SURFACE_SIDE_STYLE('',(#17868));
#17868 = SURFACE_STYLE_FILL_AREA(#17869);
#17869 = FILL_AREA_STYLE('',(#17870));
#17870 = FILL_AREA_STYLE_COLOUR('',#17835);
#17871 = OVER_RIDING_STYLED_ITEM('overriding color',(#17872),#2045,
  #17697);
#17872 = PRESENTATION_STYLE_ASSIGNMENT((#17873));
#17873 = SURFACE_STYLE_USAGE(.BOTH.,#17874);
#17874 = SURFACE_SIDE_STYLE('',(#17875));
#17875 = SURFACE_STYLE_FILL_AREA(#17876);
#17876 = FILL_AREA_STYLE('',(#17877));
#17877 = FILL_AREA_STYLE_COLOUR('',#17835);
#17878 = OVER_RIDING_STYLED_ITEM('overriding color',(#17879),#2069,
  #17697);
#17879 = PRESENTATION_STYLE_ASSIGNMENT((#17880));
#17880 = SURFACE_STYLE_USAGE(.BOTH.,#17881);
#17881 = SURFACE_SIDE_STYLE('',(#17882));
#17882 = SURFACE_STYLE_FILL_AREA(#17883);
#17883 = FILL_AREA_STYLE('',(#17884));
#17884 = FILL_AREA_STYLE_COLOUR('',#17835);
#17885 = OVER_RIDING_STYLED_ITEM('overriding color',(#17886),#2093,
  #17697);
#17886 = PRESENTATION_STYLE_ASSIGNMENT((#17887));
#17887 = SURFACE_STYLE_USAGE(.BOTH.,#17888);
#17888 = SURFACE_SIDE_STYLE('',(#17889));
#17889 = SURFACE_STYLE_FILL_AREA(#17890);
#17890 = FILL_AREA_STYLE('',(#17891));
#17891 = FILL_AREA_STYLE_COLOUR('',#17835);
#17892 = OVER_RIDING_STYLED_ITEM('overriding color',(#17893),#2110,
  #17697);
#17893 = PRESENTATION_STYLE_ASSIGNMENT((#17894));
#17894 = SURFACE_STYLE_USAGE(.BOTH.,#17895);
#17895 = SURFACE_SIDE_STYLE('',(#17896));
#17896 = SURFACE_STYLE_FILL_AREA(#17897);
#17897 = FILL_AREA_STYLE('',(#17898));
#17898 = FILL_AREA_STYLE_COLOUR('',#17715);
#17899 = OVER_RIDING_STYLED_ITEM('overriding color',(#17900),#2135,
  #17697);
#17900 = PRESENTATION_STYLE_ASSIGNMENT((#17901));
#17901 = SURFACE_STYLE_USAGE(.BOTH.,#17902);
#17902 = SURFACE_SIDE_STYLE('',(#17903));
#17903 = SURFACE_STYLE_FILL_AREA(#17904);
#17904 = FILL_AREA_STYLE('',(#17905));
#17905 = FILL_AREA_STYLE_COLOUR('',#17835);
#17906 = OVER_RIDING_STYLED_ITEM('overriding color',(#17907),#2166,
  #17697);
#17907 = PRESENTATION_STYLE_ASSIGNMENT((#17908));
#17908 = SURFACE_STYLE_USAGE(.BOTH.,#17909);
#17909 = SURFACE_SIDE_STYLE('',(#17910));
#17910 = SURFACE_STYLE_FILL_AREA(#17911);
#17911 = FILL_AREA_STYLE('',(#17912));
#17912 = FILL_AREA_STYLE_COLOUR('',#17835);
#17913 = OVER_RIDING_STYLED_ITEM('overriding color',(#17914),#2190,
  #17697);
#17914 = PRESENTATION_STYLE_ASSIGNMENT((#17915));
#17915 = SURFACE_STYLE_USAGE(.BOTH.,#17916);
#17916 = SURFACE_SIDE_STYLE('',(#17917));
#17917 = SURFACE_STYLE_FILL_AREA(#17918);
#17918 = FILL_AREA_STYLE('',(#17919));
#17919 = FILL_AREA_STYLE_COLOUR('',#17835);
#17920 = OVER_RIDING_STYLED_ITEM('overriding color',(#17921),#2214,
  #17697);
#17921 = PRESENTATION_STYLE_ASSIGNMENT((#17922));
#17922 = SURFACE_STYLE_USAGE(.BOTH.,#17923);
#17923 = SURFACE_SIDE_STYLE('',(#17924));
#17924 = SURFACE_STYLE_FILL_AREA(#17925);
#17925 = FILL_AREA_STYLE('',(#17926));
#17926 = FILL_AREA_STYLE_COLOUR('',#17835);
#17927 = OVER_RIDING_STYLED_ITEM('overriding color',(#17928),#2231,
  #17697);
#17928 = PRESENTATION_STYLE_ASSIGNMENT((#17929));
#17929 = SURFACE_STYLE_USAGE(.BOTH.,#17930);
#17930 = SURFACE_SIDE_STYLE('',(#17931));
#17931 = SURFACE_STYLE_FILL_AREA(#17932);
#17932 = FILL_AREA_STYLE('',(#17933));
#17933 = FILL_AREA_STYLE_COLOUR('',#17715);
#17934 = OVER_RIDING_STYLED_ITEM('overriding color',(#17935),#2249,
  #17697);
#17935 = PRESENTATION_STYLE_ASSIGNMENT((#17936));
#17936 = SURFACE_STYLE_USAGE(.BOTH.,#17937);
#17937 = SURFACE_SIDE_STYLE('',(#17938));
#17938 = SURFACE_STYLE_FILL_AREA(#17939);
#17939 = FILL_AREA_STYLE('',(#17940));
#17940 = FILL_AREA_STYLE_COLOUR('',#17715);
#17941 = OVER_RIDING_STYLED_ITEM('overriding color',(#17942),#2266,
  #17697);
#17942 = PRESENTATION_STYLE_ASSIGNMENT((#17943));
#17943 = SURFACE_STYLE_USAGE(.BOTH.,#17944);
#17944 = SURFACE_SIDE_STYLE('',(#17945));
#17945 = SURFACE_STYLE_FILL_AREA(#17946);
#17946 = FILL_AREA_STYLE('',(#17947));
#17947 = FILL_AREA_STYLE_COLOUR('',#17715);
#17948 = OVER_RIDING_STYLED_ITEM('overriding color',(#17949),#2313,
  #17697);
#17949 = PRESENTATION_STYLE_ASSIGNMENT((#17950));
#17950 = SURFACE_STYLE_USAGE(.BOTH.,#17951);
#17951 = SURFACE_SIDE_STYLE('',(#17952));
#17952 = SURFACE_STYLE_FILL_AREA(#17953);
#17953 = FILL_AREA_STYLE('',(#17954));
#17954 = FILL_AREA_STYLE_COLOUR('',#17715);
#17955 = OVER_RIDING_STYLED_ITEM('overriding color',(#17956),#2326,
  #17697);
#17956 = PRESENTATION_STYLE_ASSIGNMENT((#17957));
#17957 = SURFACE_STYLE_USAGE(.BOTH.,#17958);
#17958 = SURFACE_SIDE_STYLE('',(#17959));
#17959 = SURFACE_STYLE_FILL_AREA(#17960);
#17960 = FILL_AREA_STYLE('',(#17961));
#17961 = FILL_AREA_STYLE_COLOUR('',#17715);
#17962 = OVER_RIDING_STYLED_ITEM('overriding color',(#17963),#2335,
  #17697);
#17963 = PRESENTATION_STYLE_ASSIGNMENT((#17964));
#17964 = SURFACE_STYLE_USAGE(.BOTH.,#17965);
#17965 = SURFACE_SIDE_STYLE('',(#17966));
#17966 = SURFACE_STYLE_FILL_AREA(#17967);
#17967 = FILL_AREA_STYLE('',(#17968));
#17968 = FILL_AREA_STYLE_COLOUR('',#17715);
#17969 = OVER_RIDING_STYLED_ITEM('overriding color',(#17970),#2344,
  #17697);
#17970 = PRESENTATION_STYLE_ASSIGNMENT((#17971));
#17971 = SURFACE_STYLE_USAGE(.BOTH.,#17972);
#17972 = SURFACE_SIDE_STYLE('',(#17973));
#17973 = SURFACE_STYLE_FILL_AREA(#17974);
#17974 = FILL_AREA_STYLE('',(#17975));
#17975 = FILL_AREA_STYLE_COLOUR('',#17715);
#17976 = OVER_RIDING_STYLED_ITEM('overriding color',(#17977),#2353,
  #17697);
#17977 = PRESENTATION_STYLE_ASSIGNMENT((#17978));
#17978 = SURFACE_STYLE_USAGE(.BOTH.,#17979);
#17979 = SURFACE_SIDE_STYLE('',(#17980));
#17980 = SURFACE_STYLE_FILL_AREA(#17981);
#17981 = FILL_AREA_STYLE('',(#17982));
#17982 = FILL_AREA_STYLE_COLOUR('',#17835);
#17983 = OVER_RIDING_STYLED_ITEM('overriding color',(#17984),#2365,
  #17697);
#17984 = PRESENTATION_STYLE_ASSIGNMENT((#17985));
#17985 = SURFACE_STYLE_USAGE(.BOTH.,#17986);
#17986 = SURFACE_SIDE_STYLE('',(#17987));
#17987 = SURFACE_STYLE_FILL_AREA(#17988);
#17988 = FILL_AREA_STYLE('',(#17989));
#17989 = FILL_AREA_STYLE_COLOUR('',#17715);
#17990 = OVER_RIDING_STYLED_ITEM('overriding color',(#17991),#2374,
  #17697);
#17991 = PRESENTATION_STYLE_ASSIGNMENT((#17992));
#17992 = SURFACE_STYLE_USAGE(.BOTH.,#17993);
#17993 = SURFACE_SIDE_STYLE('',(#17994));
#17994 = SURFACE_STYLE_FILL_AREA(#17995);
#17995 = FILL_AREA_STYLE('',(#17996));
#17996 = FILL_AREA_STYLE_COLOUR('',#17835);
#17997 = OVER_RIDING_STYLED_ITEM('overriding color',(#17998),#2386,
  #17697);
#17998 = PRESENTATION_STYLE_ASSIGNMENT((#17999));
#17999 = SURFACE_STYLE_USAGE(.BOTH.,#18000);
#18000 = SURFACE_SIDE_STYLE('',(#18001));
#18001 = SURFACE_STYLE_FILL_AREA(#18002);
#18002 = FILL_AREA_STYLE('',(#18003));
#18003 = FILL_AREA_STYLE_COLOUR('',#17715);
#18004 = OVER_RIDING_STYLED_ITEM('overriding color',(#18005),#2395,
  #17697);
#18005 = PRESENTATION_STYLE_ASSIGNMENT((#18006));
#18006 = SURFACE_STYLE_USAGE(.BOTH.,#18007);
#18007 = SURFACE_SIDE_STYLE('',(#18008));
#18008 = SURFACE_STYLE_FILL_AREA(#18009);
#18009 = FILL_AREA_STYLE('',(#18010));
#18010 = FILL_AREA_STYLE_COLOUR('',#17835);
#18011 = OVER_RIDING_STYLED_ITEM('overriding color',(#18012),#2407,
  #17697);
#18012 = PRESENTATION_STYLE_ASSIGNMENT((#18013));
#18013 = SURFACE_STYLE_USAGE(.BOTH.,#18014);
#18014 = SURFACE_SIDE_STYLE('',(#18015));
#18015 = SURFACE_STYLE_FILL_AREA(#18016);
#18016 = FILL_AREA_STYLE('',(#18017));
#18017 = FILL_AREA_STYLE_COLOUR('',#18018);
#18018 = COLOUR_RGB('',0.740301381017,0.740301381017,0.740301381017);
#18019 = OVER_RIDING_STYLED_ITEM('overriding color',(#18020),#2432,
  #17697);
#18020 = PRESENTATION_STYLE_ASSIGNMENT((#18021));
#18021 = SURFACE_STYLE_USAGE(.BOTH.,#18022);
#18022 = SURFACE_SIDE_STYLE('',(#18023));
#18023 = SURFACE_STYLE_FILL_AREA(#18024);
#18024 = FILL_AREA_STYLE('',(#18025));
#18025 = FILL_AREA_STYLE_COLOUR('',#18018);
#18026 = OVER_RIDING_STYLED_ITEM('overriding color',(#18027),#2452,
  #17697);
#18027 = PRESENTATION_STYLE_ASSIGNMENT((#18028));
#18028 = SURFACE_STYLE_USAGE(.BOTH.,#18029);
#18029 = SURFACE_SIDE_STYLE('',(#18030));
#18030 = SURFACE_STYLE_FILL_AREA(#18031);
#18031 = FILL_AREA_STYLE('',(#18032));
#18032 = FILL_AREA_STYLE_COLOUR('',#18018);
#18033 = OVER_RIDING_STYLED_ITEM('overriding color',(#18034),#2477,
  #17697);
#18034 = PRESENTATION_STYLE_ASSIGNMENT((#18035));
#18035 = SURFACE_STYLE_USAGE(.BOTH.,#18036);
#18036 = SURFACE_SIDE_STYLE('',(#18037));
#18037 = SURFACE_STYLE_FILL_AREA(#18038);
#18038 = FILL_AREA_STYLE('',(#18039));
#18039 = FILL_AREA_STYLE_COLOUR('',#18018);
#18040 = OVER_RIDING_STYLED_ITEM('overriding color',(#18041),#2502,
  #17697);
#18041 = PRESENTATION_STYLE_ASSIGNMENT((#18042));
#18042 = SURFACE_STYLE_USAGE(.BOTH.,#18043);
#18043 = SURFACE_SIDE_STYLE('',(#18044));
#18044 = SURFACE_STYLE_FILL_AREA(#18045);
#18045 = FILL_AREA_STYLE('',(#18046));
#18046 = FILL_AREA_STYLE_COLOUR('',#18018);
#18047 = OVER_RIDING_STYLED_ITEM('overriding color',(#18048),#2527,
  #17697);
#18048 = PRESENTATION_STYLE_ASSIGNMENT((#18049));
#18049 = SURFACE_STYLE_USAGE(.BOTH.,#18050);
#18050 = SURFACE_SIDE_STYLE('',(#18051));
#18051 = SURFACE_STYLE_FILL_AREA(#18052);
#18052 = FILL_AREA_STYLE('',(#18053));
#18053 = FILL_AREA_STYLE_COLOUR('',#18018);
#18054 = MECHANICAL_DESIGN_GEOMETRIC_PRESENTATION_REPRESENTATION('',(
    #18055,#18063,#18070,#18077,#18084,#18091,#18098,#18105,#18112,
    #18119,#18126,#18133,#18140,#18147,#18154,#18161,#18168,#18175,
    #18182,#18189,#18196,#18203,#18210,#18217,#18224,#18231,#18238,
    #18245,#18252,#18259,#18266,#18273,#18280),#5274);
#18055 = STYLED_ITEM('color',(#18056),#4369);
#18056 = PRESENTATION_STYLE_ASSIGNMENT((#18057));
#18057 = SURFACE_STYLE_USAGE(.BOTH.,#18058);
#18058 = SURFACE_SIDE_STYLE('',(#18059));
#18059 = SURFACE_STYLE_FILL_AREA(#18060);
#18060 = FILL_AREA_STYLE('',(#18061));
#18061 = FILL_AREA_STYLE_COLOUR('',#18062);
#18062 = COLOUR_RGB('',0.399999997426,0.699999984889,0.150000005922);
#18063 = STYLED_ITEM('color',(#18064),#4411);
#18064 = PRESENTATION_STYLE_ASSIGNMENT((#18065));
#18065 = SURFACE_STYLE_USAGE(.BOTH.,#18066);
#18066 = SURFACE_SIDE_STYLE('',(#18067));
#18067 = SURFACE_STYLE_FILL_AREA(#18068);
#18068 = FILL_AREA_STYLE('',(#18069));
#18069 = FILL_AREA_STYLE_COLOUR('',#18062);
#18070 = STYLED_ITEM('color',(#18071),#4472);
#18071 = PRESENTATION_STYLE_ASSIGNMENT((#18072));
#18072 = SURFACE_STYLE_USAGE(.BOTH.,#18073);
#18073 = SURFACE_SIDE_STYLE('',(#18074));
#18074 = SURFACE_STYLE_FILL_AREA(#18075);
#18075 = FILL_AREA_STYLE('',(#18076));
#18076 = FILL_AREA_STYLE_COLOUR('',#18062);
#18077 = STYLED_ITEM('color',(#18078),#4496);
#18078 = PRESENTATION_STYLE_ASSIGNMENT((#18079));
#18079 = SURFACE_STYLE_USAGE(.BOTH.,#18080);
#18080 = SURFACE_SIDE_STYLE('',(#18081));
#18081 = SURFACE_STYLE_FILL_AREA(#18082);
#18082 = FILL_AREA_STYLE('',(#18083));
#18083 = FILL_AREA_STYLE_COLOUR('',#18062);
#18084 = STYLED_ITEM('color',(#18085),#4550);
#18085 = PRESENTATION_STYLE_ASSIGNMENT((#18086));
#18086 = SURFACE_STYLE_USAGE(.BOTH.,#18087);
#18087 = SURFACE_SIDE_STYLE('',(#18088));
#18088 = SURFACE_STYLE_FILL_AREA(#18089);
#18089 = FILL_AREA_STYLE('',(#18090));
#18090 = FILL_AREA_STYLE_COLOUR('',#18062);
#18091 = STYLED_ITEM('color',(#18092),#4567);
#18092 = PRESENTATION_STYLE_ASSIGNMENT((#18093));
#18093 = SURFACE_STYLE_USAGE(.BOTH.,#18094);
#18094 = SURFACE_SIDE_STYLE('',(#18095));
#18095 = SURFACE_STYLE_FILL_AREA(#18096);
#18096 = FILL_AREA_STYLE('',(#18097));
#18097 = FILL_AREA_STYLE_COLOUR('',#18062);
#18098 = STYLED_ITEM('color',(#18099),#4579);
#18099 = PRESENTATION_STYLE_ASSIGNMENT((#18100));
#18100 = SURFACE_STYLE_USAGE(.BOTH.,#18101);
#18101 = SURFACE_SIDE_STYLE('',(#18102));
#18102 = SURFACE_STYLE_FILL_AREA(#18103);
#18103 = FILL_AREA_STYLE('',(#18104));
#18104 = FILL_AREA_STYLE_COLOUR('',#18062);
#18105 = STYLED_ITEM('color',(#18106),#4658);
#18106 = PRESENTATION_STYLE_ASSIGNMENT((#18107));
#18107 = SURFACE_STYLE_USAGE(.BOTH.,#18108);
#18108 = SURFACE_SIDE_STYLE('',(#18109));
#18109 = SURFACE_STYLE_FILL_AREA(#18110);
#18110 = FILL_AREA_STYLE('',(#18111));
#18111 = FILL_AREA_STYLE_COLOUR('',#18062);
#18112 = STYLED_ITEM('color',(#18113),#4685);
#18113 = PRESENTATION_STYLE_ASSIGNMENT((#18114));
#18114 = SURFACE_STYLE_USAGE(.BOTH.,#18115);
#18115 = SURFACE_SIDE_STYLE('',(#18116));
#18116 = SURFACE_STYLE_FILL_AREA(#18117);
#18117 = FILL_AREA_STYLE('',(#18118));
#18118 = FILL_AREA_STYLE_COLOUR('',#16697);
#18119 = STYLED_ITEM('color',(#18120),#4716);
#18120 = PRESENTATION_STYLE_ASSIGNMENT((#18121));
#18121 = SURFACE_STYLE_USAGE(.BOTH.,#18122);
#18122 = SURFACE_SIDE_STYLE('',(#18123));
#18123 = SURFACE_STYLE_FILL_AREA(#18124);
#18124 = FILL_AREA_STYLE('',(#18125));
#18125 = FILL_AREA_STYLE_COLOUR('',#16697);
#18126 = STYLED_ITEM('color',(#18127),#4756);
#18127 = PRESENTATION_STYLE_ASSIGNMENT((#18128));
#18128 = SURFACE_STYLE_USAGE(.BOTH.,#18129);
#18129 = SURFACE_SIDE_STYLE('',(#18130));
#18130 = SURFACE_STYLE_FILL_AREA(#18131);
#18131 = FILL_AREA_STYLE('',(#18132));
#18132 = FILL_AREA_STYLE_COLOUR('',#16697);
#18133 = STYLED_ITEM('color',(#18134),#4780);
#18134 = PRESENTATION_STYLE_ASSIGNMENT((#18135));
#18135 = SURFACE_STYLE_USAGE(.BOTH.,#18136);
#18136 = SURFACE_SIDE_STYLE('',(#18137));
#18137 = SURFACE_STYLE_FILL_AREA(#18138);
#18138 = FILL_AREA_STYLE('',(#18139));
#18139 = FILL_AREA_STYLE_COLOUR('',#16697);
#18140 = STYLED_ITEM('color',(#18141),#4797);
#18141 = PRESENTATION_STYLE_ASSIGNMENT((#18142));
#18142 = SURFACE_STYLE_USAGE(.BOTH.,#18143);
#18143 = SURFACE_SIDE_STYLE('',(#18144));
#18144 = SURFACE_STYLE_FILL_AREA(#18145);
#18145 = FILL_AREA_STYLE('',(#18146));
#18146 = FILL_AREA_STYLE_COLOUR('',#16697);
#18147 = STYLED_ITEM('color',(#18148),#4844);
#18148 = PRESENTATION_STYLE_ASSIGNMENT((#18149));
#18149 = SURFACE_STYLE_USAGE(.BOTH.,#18150);
#18150 = SURFACE_SIDE_STYLE('',(#18151));
#18151 = SURFACE_STYLE_FILL_AREA(#18152);
#18152 = FILL_AREA_STYLE('',(#18153));
#18153 = FILL_AREA_STYLE_COLOUR('',#16697);
#18154 = STYLED_ITEM('color',(#18155),#4868);
#18155 = PRESENTATION_STYLE_ASSIGNMENT((#18156));
#18156 = SURFACE_STYLE_USAGE(.BOTH.,#18157);
#18157 = SURFACE_SIDE_STYLE('',(#18158));
#18158 = SURFACE_STYLE_FILL_AREA(#18159);
#18159 = FILL_AREA_STYLE('',(#18160));
#18160 = FILL_AREA_STYLE_COLOUR('',#16697);
#18161 = STYLED_ITEM('color',(#18162),#4892);
#18162 = PRESENTATION_STYLE_ASSIGNMENT((#18163));
#18163 = SURFACE_STYLE_USAGE(.BOTH.,#18164);
#18164 = SURFACE_SIDE_STYLE('',(#18165));
#18165 = SURFACE_STYLE_FILL_AREA(#18166);
#18166 = FILL_AREA_STYLE('',(#18167));
#18167 = FILL_AREA_STYLE_COLOUR('',#16697);
#18168 = STYLED_ITEM('color',(#18169),#4909);
#18169 = PRESENTATION_STYLE_ASSIGNMENT((#18170));
#18170 = SURFACE_STYLE_USAGE(.BOTH.,#18171);
#18171 = SURFACE_SIDE_STYLE('',(#18172));
#18172 = SURFACE_STYLE_FILL_AREA(#18173);
#18173 = FILL_AREA_STYLE('',(#18174));
#18174 = FILL_AREA_STYLE_COLOUR('',#18062);
#18175 = STYLED_ITEM('color',(#18176),#4928);
#18176 = PRESENTATION_STYLE_ASSIGNMENT((#18177));
#18177 = SURFACE_STYLE_USAGE(.BOTH.,#18178);
#18178 = SURFACE_SIDE_STYLE('',(#18179));
#18179 = SURFACE_STYLE_FILL_AREA(#18180);
#18180 = FILL_AREA_STYLE('',(#18181));
#18181 = FILL_AREA_STYLE_COLOUR('',#16697);
#18182 = STYLED_ITEM('color',(#18183),#4952);
#18183 = PRESENTATION_STYLE_ASSIGNMENT((#18184));
#18184 = SURFACE_STYLE_USAGE(.BOTH.,#18185);
#18185 = SURFACE_SIDE_STYLE('',(#18186));
#18186 = SURFACE_STYLE_FILL_AREA(#18187);
#18187 = FILL_AREA_STYLE('',(#18188));
#18188 = FILL_AREA_STYLE_COLOUR('',#16697);
#18189 = STYLED_ITEM('color',(#18190),#4976);
#18190 = PRESENTATION_STYLE_ASSIGNMENT((#18191));
#18191 = SURFACE_STYLE_USAGE(.BOTH.,#18192);
#18192 = SURFACE_SIDE_STYLE('',(#18193));
#18193 = SURFACE_STYLE_FILL_AREA(#18194);
#18194 = FILL_AREA_STYLE('',(#18195));
#18195 = FILL_AREA_STYLE_COLOUR('',#16697);
#18196 = STYLED_ITEM('color',(#18197),#4993);
#18197 = PRESENTATION_STYLE_ASSIGNMENT((#18198));
#18198 = SURFACE_STYLE_USAGE(.BOTH.,#18199);
#18199 = SURFACE_SIDE_STYLE('',(#18200));
#18200 = SURFACE_STYLE_FILL_AREA(#18201);
#18201 = FILL_AREA_STYLE('',(#18202));
#18202 = FILL_AREA_STYLE_COLOUR('',#16697);
#18203 = STYLED_ITEM('color',(#18204),#5024);
#18204 = PRESENTATION_STYLE_ASSIGNMENT((#18205));
#18205 = SURFACE_STYLE_USAGE(.BOTH.,#18206);
#18206 = SURFACE_SIDE_STYLE('',(#18207));
#18207 = SURFACE_STYLE_FILL_AREA(#18208);
#18208 = FILL_AREA_STYLE('',(#18209));
#18209 = FILL_AREA_STYLE_COLOUR('',#16697);
#18210 = STYLED_ITEM('color',(#18211),#5055);
#18211 = PRESENTATION_STYLE_ASSIGNMENT((#18212));
#18212 = SURFACE_STYLE_USAGE(.BOTH.,#18213);
#18213 = SURFACE_SIDE_STYLE('',(#18214));
#18214 = SURFACE_STYLE_FILL_AREA(#18215);
#18215 = FILL_AREA_STYLE('',(#18216));
#18216 = FILL_AREA_STYLE_COLOUR('',#16697);
#18217 = STYLED_ITEM('color',(#18218),#5072);
#18218 = PRESENTATION_STYLE_ASSIGNMENT((#18219));
#18219 = SURFACE_STYLE_USAGE(.BOTH.,#18220);
#18220 = SURFACE_SIDE_STYLE('',(#18221));
#18221 = SURFACE_STYLE_FILL_AREA(#18222);
#18222 = FILL_AREA_STYLE('',(#18223));
#18223 = FILL_AREA_STYLE_COLOUR('',#16697);
#18224 = STYLED_ITEM('color',(#18225),#5089);
#18225 = PRESENTATION_STYLE_ASSIGNMENT((#18226));
#18226 = SURFACE_STYLE_USAGE(.BOTH.,#18227);
#18227 = SURFACE_SIDE_STYLE('',(#18228));
#18228 = SURFACE_STYLE_FILL_AREA(#18229);
#18229 = FILL_AREA_STYLE('',(#18230));
#18230 = FILL_AREA_STYLE_COLOUR('',#16697);
#18231 = STYLED_ITEM('color',(#18232),#5120);
#18232 = PRESENTATION_STYLE_ASSIGNMENT((#18233));
#18233 = SURFACE_STYLE_USAGE(.BOTH.,#18234);
#18234 = SURFACE_SIDE_STYLE('',(#18235));
#18235 = SURFACE_STYLE_FILL_AREA(#18236);
#18236 = FILL_AREA_STYLE('',(#18237));
#18237 = FILL_AREA_STYLE_COLOUR('',#16697);
#18238 = STYLED_ITEM('color',(#18239),#5144);
#18239 = PRESENTATION_STYLE_ASSIGNMENT((#18240));
#18240 = SURFACE_STYLE_USAGE(.BOTH.,#18241);
#18241 = SURFACE_SIDE_STYLE('',(#18242));
#18242 = SURFACE_STYLE_FILL_AREA(#18243);
#18243 = FILL_AREA_STYLE('',(#18244));
#18244 = FILL_AREA_STYLE_COLOUR('',#16697);
#18245 = STYLED_ITEM('color',(#18246),#5168);
#18246 = PRESENTATION_STYLE_ASSIGNMENT((#18247));
#18247 = SURFACE_STYLE_USAGE(.BOTH.,#18248);
#18248 = SURFACE_SIDE_STYLE('',(#18249));
#18249 = SURFACE_STYLE_FILL_AREA(#18250);
#18250 = FILL_AREA_STYLE('',(#18251));
#18251 = FILL_AREA_STYLE_COLOUR('',#16697);
#18252 = STYLED_ITEM('color',(#18253),#5185);
#18253 = PRESENTATION_STYLE_ASSIGNMENT((#18254));
#18254 = SURFACE_STYLE_USAGE(.BOTH.,#18255);
#18255 = SURFACE_SIDE_STYLE('',(#18256));
#18256 = SURFACE_STYLE_FILL_AREA(#18257);
#18257 = FILL_AREA_STYLE('',(#18258));
#18258 = FILL_AREA_STYLE_COLOUR('',#16697);
#18259 = STYLED_ITEM('color',(#18260),#5197);
#18260 = PRESENTATION_STYLE_ASSIGNMENT((#18261));
#18261 = SURFACE_STYLE_USAGE(.BOTH.,#18262);
#18262 = SURFACE_SIDE_STYLE('',(#18263));
#18263 = SURFACE_STYLE_FILL_AREA(#18264);
#18264 = FILL_AREA_STYLE('',(#18265));
#18265 = FILL_AREA_STYLE_COLOUR('',#16697);
#18266 = STYLED_ITEM('color',(#18267),#5228);
#18267 = PRESENTATION_STYLE_ASSIGNMENT((#18268));
#18268 = SURFACE_STYLE_USAGE(.BOTH.,#18269);
#18269 = SURFACE_SIDE_STYLE('',(#18270));
#18270 = SURFACE_STYLE_FILL_AREA(#18271);
#18271 = FILL_AREA_STYLE('',(#18272));
#18272 = FILL_AREA_STYLE_COLOUR('',#16697);
#18273 = STYLED_ITEM('color',(#18274),#5245);
#18274 = PRESENTATION_STYLE_ASSIGNMENT((#18275));
#18275 = SURFACE_STYLE_USAGE(.BOTH.,#18276);
#18276 = SURFACE_SIDE_STYLE('',(#18277));
#18277 = SURFACE_STYLE_FILL_AREA(#18278);
#18278 = FILL_AREA_STYLE('',(#18279));
#18279 = FILL_AREA_STYLE_COLOUR('',#16697);
#18280 = STYLED_ITEM('color',(#18281),#5262);
#18281 = PRESENTATION_STYLE_ASSIGNMENT((#18282));
#18282 = SURFACE_STYLE_USAGE(.BOTH.,#18283);
#18283 = SURFACE_SIDE_STYLE('',(#18284));
#18284 = SURFACE_STYLE_FILL_AREA(#18285);
#18285 = FILL_AREA_STYLE('',(#18286));
#18286 = FILL_AREA_STYLE_COLOUR('',#16697);
#18287 = MECHANICAL_DESIGN_GEOMETRIC_PRESENTATION_REPRESENTATION('',(
    #18288,#18295,#18302,#18309,#18316,#18323,#18330,#18337,#18344,
    #18351,#18358,#18365,#18372,#18379,#18386),#864);
#18288 = STYLED_ITEM('color',(#18289),#203);
#18289 = PRESENTATION_STYLE_ASSIGNMENT((#18290));
#18290 = SURFACE_STYLE_USAGE(.BOTH.,#18291);
#18291 = SURFACE_SIDE_STYLE('',(#18292));
#18292 = SURFACE_STYLE_FILL_AREA(#18293);
#18293 = FILL_AREA_STYLE('',(#18294));
#18294 = FILL_AREA_STYLE_COLOUR('',#17427);
#18295 = STYLED_ITEM('color',(#18296),#236);
#18296 = PRESENTATION_STYLE_ASSIGNMENT((#18297));
#18297 = SURFACE_STYLE_USAGE(.BOTH.,#18298);
#18298 = SURFACE_SIDE_STYLE('',(#18299));
#18299 = SURFACE_STYLE_FILL_AREA(#18300);
#18300 = FILL_AREA_STYLE('',(#18301));
#18301 = FILL_AREA_STYLE_COLOUR('',#17427);
#18302 = STYLED_ITEM('color',(#18303),#262);
#18303 = PRESENTATION_STYLE_ASSIGNMENT((#18304));
#18304 = SURFACE_STYLE_USAGE(.BOTH.,#18305);
#18305 = SURFACE_SIDE_STYLE('',(#18306));
#18306 = SURFACE_STYLE_FILL_AREA(#18307);
#18307 = FILL_AREA_STYLE('',(#18308));
#18308 = FILL_AREA_STYLE_COLOUR('',#17427);
#18309 = STYLED_ITEM('color',(#18310),#282);
#18310 = PRESENTATION_STYLE_ASSIGNMENT((#18311));
#18311 = SURFACE_STYLE_USAGE(.BOTH.,#18312);
#18312 = SURFACE_SIDE_STYLE('',(#18313));
#18313 = SURFACE_STYLE_FILL_AREA(#18314);
#18314 = FILL_AREA_STYLE('',(#18315));
#18315 = FILL_AREA_STYLE_COLOUR('',#17427);
#18316 = STYLED_ITEM('color',(#18317),#465);
#18317 = PRESENTATION_STYLE_ASSIGNMENT((#18318));
#18318 = SURFACE_STYLE_USAGE(.BOTH.,#18319);
#18319 = SURFACE_SIDE_STYLE('',(#18320));
#18320 = SURFACE_STYLE_FILL_AREA(#18321);
#18321 = FILL_AREA_STYLE('',(#18322));
#18322 = FILL_AREA_STYLE_COLOUR('',#17427);
#18323 = STYLED_ITEM('color',(#18324),#490);
#18324 = PRESENTATION_STYLE_ASSIGNMENT((#18325));
#18325 = SURFACE_STYLE_USAGE(.BOTH.,#18326);
#18326 = SURFACE_SIDE_STYLE('',(#18327));
#18327 = SURFACE_STYLE_FILL_AREA(#18328);
#18328 = FILL_AREA_STYLE('',(#18329));
#18329 = FILL_AREA_STYLE_COLOUR('',#16697);
#18330 = STYLED_ITEM('color',(#18331),#516);
#18331 = PRESENTATION_STYLE_ASSIGNMENT((#18332));
#18332 = SURFACE_STYLE_USAGE(.BOTH.,#18333);
#18333 = SURFACE_SIDE_STYLE('',(#18334));
#18334 = SURFACE_STYLE_FILL_AREA(#18335);
#18335 = FILL_AREA_STYLE('',(#18336));
#18336 = FILL_AREA_STYLE_COLOUR('',#17427);
#18337 = STYLED_ITEM('color',(#18338),#536);
#18338 = PRESENTATION_STYLE_ASSIGNMENT((#18339));
#18339 = SURFACE_STYLE_USAGE(.BOTH.,#18340);
#18340 = SURFACE_SIDE_STYLE('',(#18341));
#18341 = SURFACE_STYLE_FILL_AREA(#18342);
#18342 = FILL_AREA_STYLE('',(#18343));
#18343 = FILL_AREA_STYLE_COLOUR('',#16697);
#18344 = STYLED_ITEM('color',(#18345),#561);
#18345 = PRESENTATION_STYLE_ASSIGNMENT((#18346));
#18346 = SURFACE_STYLE_USAGE(.BOTH.,#18347);
#18347 = SURFACE_SIDE_STYLE('',(#18348));
#18348 = SURFACE_STYLE_FILL_AREA(#18349);
#18349 = FILL_AREA_STYLE('',(#18350));
#18350 = FILL_AREA_STYLE_COLOUR('',#17427);
#18351 = STYLED_ITEM('color',(#18352),#586);
#18352 = PRESENTATION_STYLE_ASSIGNMENT((#18353));
#18353 = SURFACE_STYLE_USAGE(.BOTH.,#18354);
#18354 = SURFACE_SIDE_STYLE('',(#18355));
#18355 = SURFACE_STYLE_FILL_AREA(#18356);
#18356 = FILL_AREA_STYLE('',(#18357));
#18357 = FILL_AREA_STYLE_COLOUR('',#16697);
#18358 = STYLED_ITEM('color',(#18359),#595);
#18359 = PRESENTATION_STYLE_ASSIGNMENT((#18360));
#18360 = SURFACE_STYLE_USAGE(.BOTH.,#18361);
#18361 = SURFACE_SIDE_STYLE('',(#18362));
#18362 = SURFACE_STYLE_FILL_AREA(#18363);
#18363 = FILL_AREA_STYLE('',(#18364));
#18364 = FILL_AREA_STYLE_COLOUR('',#17427);
#18365 = STYLED_ITEM('color',(#18366),#621);
#18366 = PRESENTATION_STYLE_ASSIGNMENT((#18367));
#18367 = SURFACE_STYLE_USAGE(.BOTH.,#18368);
#18368 = SURFACE_SIDE_STYLE('',(#18369));
#18369 = SURFACE_STYLE_FILL_AREA(#18370);
#18370 = FILL_AREA_STYLE('',(#18371));
#18371 = FILL_AREA_STYLE_COLOUR('',#17427);
#18372 = STYLED_ITEM('color',(#18373),#804);
#18373 = PRESENTATION_STYLE_ASSIGNMENT((#18374));
#18374 = SURFACE_STYLE_USAGE(.BOTH.,#18375);
#18375 = SURFACE_SIDE_STYLE('',(#18376));
#18376 = SURFACE_STYLE_FILL_AREA(#18377);
#18377 = FILL_AREA_STYLE('',(#18378));
#18378 = FILL_AREA_STYLE_COLOUR('',#16697);
#18379 = STYLED_ITEM('color',(#18380),#830);
#18380 = PRESENTATION_STYLE_ASSIGNMENT((#18381));
#18381 = SURFACE_STYLE_USAGE(.BOTH.,#18382);
#18382 = SURFACE_SIDE_STYLE('',(#18383));
#18383 = SURFACE_STYLE_FILL_AREA(#18384);
#18384 = FILL_AREA_STYLE('',(#18385));
#18385 = FILL_AREA_STYLE_COLOUR('',#16697);
#18386 = STYLED_ITEM('color',(#18387),#855);
#18387 = PRESENTATION_STYLE_ASSIGNMENT((#18388));
#18388 = SURFACE_STYLE_USAGE(.BOTH.,#18389);
#18389 = SURFACE_SIDE_STYLE('',(#18390));
#18390 = SURFACE_STYLE_FILL_AREA(#18391);
#18391 = FILL_AREA_STYLE('',(#18392));
#18392 = FILL_AREA_STYLE_COLOUR('',#16697);
#18393 = MECHANICAL_DESIGN_GEOMETRIC_PRESENTATION_REPRESENTATION('',(
    #18394,#18401,#18408,#18415,#18422,#18429,#18436,#18443,#18450,
    #18457,#18464,#18472,#18479,#18486,#18493,#18500),#1233);
#18394 = STYLED_ITEM('color',(#18395),#885);
#18395 = PRESENTATION_STYLE_ASSIGNMENT((#18396));
#18396 = SURFACE_STYLE_USAGE(.BOTH.,#18397);
#18397 = SURFACE_SIDE_STYLE('',(#18398));
#18398 = SURFACE_STYLE_FILL_AREA(#18399);
#18399 = FILL_AREA_STYLE('',(#18400));
#18400 = FILL_AREA_STYLE_COLOUR('',#16697);
#18401 = STYLED_ITEM('color',(#18402),#918);
#18402 = PRESENTATION_STYLE_ASSIGNMENT((#18403));
#18403 = SURFACE_STYLE_USAGE(.BOTH.,#18404);
#18404 = SURFACE_SIDE_STYLE('',(#18405));
#18405 = SURFACE_STYLE_FILL_AREA(#18406);
#18406 = FILL_AREA_STYLE('',(#18407));
#18407 = FILL_AREA_STYLE_COLOUR('',#16697);
#18408 = STYLED_ITEM('color',(#18409),#944);
#18409 = PRESENTATION_STYLE_ASSIGNMENT((#18410));
#18410 = SURFACE_STYLE_USAGE(.BOTH.,#18411);
#18411 = SURFACE_SIDE_STYLE('',(#18412));
#18412 = SURFACE_STYLE_FILL_AREA(#18413);
#18413 = FILL_AREA_STYLE('',(#18414));
#18414 = FILL_AREA_STYLE_COLOUR('',#16697);
#18415 = STYLED_ITEM('color',(#18416),#969);
#18416 = PRESENTATION_STYLE_ASSIGNMENT((#18417));
#18417 = SURFACE_STYLE_USAGE(.BOTH.,#18418);
#18418 = SURFACE_SIDE_STYLE('',(#18419));
#18419 = SURFACE_STYLE_FILL_AREA(#18420);
#18420 = FILL_AREA_STYLE('',(#18421));
#18421 = FILL_AREA_STYLE_COLOUR('',#16697);
#18422 = STYLED_ITEM('color',(#18423),#995);
#18423 = PRESENTATION_STYLE_ASSIGNMENT((#18424));
#18424 = SURFACE_STYLE_USAGE(.BOTH.,#18425);
#18425 = SURFACE_SIDE_STYLE('',(#18426));
#18426 = SURFACE_STYLE_FILL_AREA(#18427);
#18427 = FILL_AREA_STYLE('',(#18428));
#18428 = FILL_AREA_STYLE_COLOUR('',#16697);
#18429 = STYLED_ITEM('color',(#18430),#1020);
#18430 = PRESENTATION_STYLE_ASSIGNMENT((#18431));
#18431 = SURFACE_STYLE_USAGE(.BOTH.,#18432);
#18432 = SURFACE_SIDE_STYLE('',(#18433));
#18433 = SURFACE_STYLE_FILL_AREA(#18434);
#18434 = FILL_AREA_STYLE('',(#18435));
#18435 = FILL_AREA_STYLE_COLOUR('',#16697);
#18436 = STYLED_ITEM('color',(#18437),#1029);
#18437 = PRESENTATION_STYLE_ASSIGNMENT((#18438));
#18438 = SURFACE_STYLE_USAGE(.BOTH.,#18439);
#18439 = SURFACE_SIDE_STYLE('',(#18440));
#18440 = SURFACE_STYLE_FILL_AREA(#18441);
#18441 = FILL_AREA_STYLE('',(#18442));
#18442 = FILL_AREA_STYLE_COLOUR('',#16697);
#18443 = STYLED_ITEM('color',(#18444),#1040);
#18444 = PRESENTATION_STYLE_ASSIGNMENT((#18445));
#18445 = SURFACE_STYLE_USAGE(.BOTH.,#18446);
#18446 = SURFACE_SIDE_STYLE('',(#18447));
#18447 = SURFACE_STYLE_FILL_AREA(#18448);
#18448 = FILL_AREA_STYLE('',(#18449));
#18449 = FILL_AREA_STYLE_COLOUR('',#17548);
#18450 = STYLED_ITEM('color',(#18451),#1073);
#18451 = PRESENTATION_STYLE_ASSIGNMENT((#18452));
#18452 = SURFACE_STYLE_USAGE(.BOTH.,#18453);
#18453 = SURFACE_SIDE_STYLE('',(#18454));
#18454 = SURFACE_STYLE_FILL_AREA(#18455);
#18455 = FILL_AREA_STYLE('',(#18456));
#18456 = FILL_AREA_STYLE_COLOUR('',#17548);
#18457 = STYLED_ITEM('color',(#18458),#1093);
#18458 = PRESENTATION_STYLE_ASSIGNMENT((#18459));
#18459 = SURFACE_STYLE_USAGE(.BOTH.,#18460);
#18460 = SURFACE_SIDE_STYLE('',(#18461));
#18461 = SURFACE_STYLE_FILL_AREA(#18462);
#18462 = FILL_AREA_STYLE('',(#18463));
#18463 = FILL_AREA_STYLE_COLOUR('',#17548);
#18464 = STYLED_ITEM('color',(#18465),#1113);
#18465 = PRESENTATION_STYLE_ASSIGNMENT((#18466));
#18466 = SURFACE_STYLE_USAGE(.BOTH.,#18467);
#18467 = SURFACE_SIDE_STYLE('',(#18468));
#18468 = SURFACE_STYLE_FILL_AREA(#18469);
#18469 = FILL_AREA_STYLE('',(#18470));
#18470 = FILL_AREA_STYLE_COLOUR('',#18471);
#18471 = COLOUR_RGB('',0.,0.631244006163,0.748016017657);
#18472 = STYLED_ITEM('color',(#18473),#1138);
#18473 = PRESENTATION_STYLE_ASSIGNMENT((#18474));
#18474 = SURFACE_STYLE_USAGE(.BOTH.,#18475);
#18475 = SURFACE_SIDE_STYLE('',(#18476));
#18476 = SURFACE_STYLE_FILL_AREA(#18477);
#18477 = FILL_AREA_STYLE('',(#18478));
#18478 = FILL_AREA_STYLE_COLOUR('',#18471);
#18479 = STYLED_ITEM('color',(#18480),#1163);
#18480 = PRESENTATION_STYLE_ASSIGNMENT((#18481));
#18481 = SURFACE_STYLE_USAGE(.BOTH.,#18482);
#18482 = SURFACE_SIDE_STYLE('',(#18483));
#18483 = SURFACE_STYLE_FILL_AREA(#18484);
#18484 = FILL_AREA_STYLE('',(#18485));
#18485 = FILL_AREA_STYLE_COLOUR('',#18471);
#18486 = STYLED_ITEM('color',(#18487),#1189);
#18487 = PRESENTATION_STYLE_ASSIGNMENT((#18488));
#18488 = SURFACE_STYLE_USAGE(.BOTH.,#18489);
#18489 = SURFACE_SIDE_STYLE('',(#18490));
#18490 = SURFACE_STYLE_FILL_AREA(#18491);
#18491 = FILL_AREA_STYLE('',(#18492));
#18492 = FILL_AREA_STYLE_COLOUR('',#18471);
#18493 = STYLED_ITEM('color',(#18494),#1215);
#18494 = PRESENTATION_STYLE_ASSIGNMENT((#18495));
#18495 = SURFACE_STYLE_USAGE(.BOTH.,#18496);
#18496 = SURFACE_SIDE_STYLE('',(#18497));
#18497 = SURFACE_STYLE_FILL_AREA(#18498);
#18498 = FILL_AREA_STYLE('',(#18499));
#18499 = FILL_AREA_STYLE_COLOUR('',#18471);
#18500 = STYLED_ITEM('color',(#18501),#1224);
#18501 = PRESENTATION_STYLE_ASSIGNMENT((#18502));
#18502 = SURFACE_STYLE_USAGE(.BOTH.,#18503);
#18503 = SURFACE_SIDE_STYLE('',(#18504));
#18504 = SURFACE_STYLE_FILL_AREA(#18505);
#18505 = FILL_AREA_STYLE('',(#18506));
#18506 = FILL_AREA_STYLE_COLOUR('',#18471);
#18507 = MECHANICAL_DESIGN_GEOMETRIC_PRESENTATION_REPRESENTATION('',(
    #18508,#18515,#18522,#18529,#18536,#18543,#18550,#18557,#18564,
    #18571,#18578,#18585,#18592,#18599,#18606,#18613,#18620,#18627,
    #18634,#18641,#18648,#18655,#18662,#18669,#18676,#18683,#18690,
    #18697,#18704,#18711,#18718,#18725,#18732),#9889);
#18508 = STYLED_ITEM('color',(#18509),#8969);
#18509 = PRESENTATION_STYLE_ASSIGNMENT((#18510));
#18510 = SURFACE_STYLE_USAGE(.BOTH.,#18511);
#18511 = SURFACE_SIDE_STYLE('',(#18512));
#18512 = SURFACE_STYLE_FILL_AREA(#18513);
#18513 = FILL_AREA_STYLE('',(#18514));
#18514 = FILL_AREA_STYLE_COLOUR('',#18062);
#18515 = STYLED_ITEM('color',(#18516),#9011);
#18516 = PRESENTATION_STYLE_ASSIGNMENT((#18517));
#18517 = SURFACE_STYLE_USAGE(.BOTH.,#18518);
#18518 = SURFACE_SIDE_STYLE('',(#18519));
#18519 = SURFACE_STYLE_FILL_AREA(#18520);
#18520 = FILL_AREA_STYLE('',(#18521));
#18521 = FILL_AREA_STYLE_COLOUR('',#18062);
#18522 = STYLED_ITEM('color',(#18523),#9085);
#18523 = PRESENTATION_STYLE_ASSIGNMENT((#18524));
#18524 = SURFACE_STYLE_USAGE(.BOTH.,#18525);
#18525 = SURFACE_SIDE_STYLE('',(#18526));
#18526 = SURFACE_STYLE_FILL_AREA(#18527);
#18527 = FILL_AREA_STYLE('',(#18528));
#18528 = FILL_AREA_STYLE_COLOUR('',#18062);
#18529 = STYLED_ITEM('color',(#18530),#9110);
#18530 = PRESENTATION_STYLE_ASSIGNMENT((#18531));
#18531 = SURFACE_STYLE_USAGE(.BOTH.,#18532);
#18532 = SURFACE_SIDE_STYLE('',(#18533));
#18533 = SURFACE_STYLE_FILL_AREA(#18534);
#18534 = FILL_AREA_STYLE('',(#18535));
#18535 = FILL_AREA_STYLE_COLOUR('',#18062);
#18536 = STYLED_ITEM('color',(#18537),#9164);
#18537 = PRESENTATION_STYLE_ASSIGNMENT((#18538));
#18538 = SURFACE_STYLE_USAGE(.BOTH.,#18539);
#18539 = SURFACE_SIDE_STYLE('',(#18540));
#18540 = SURFACE_STYLE_FILL_AREA(#18541);
#18541 = FILL_AREA_STYLE('',(#18542));
#18542 = FILL_AREA_STYLE_COLOUR('',#18062);
#18543 = STYLED_ITEM('color',(#18544),#9181);
#18544 = PRESENTATION_STYLE_ASSIGNMENT((#18545));
#18545 = SURFACE_STYLE_USAGE(.BOTH.,#18546);
#18546 = SURFACE_SIDE_STYLE('',(#18547));
#18547 = SURFACE_STYLE_FILL_AREA(#18548);
#18548 = FILL_AREA_STYLE('',(#18549));
#18549 = FILL_AREA_STYLE_COLOUR('',#18062);
#18550 = STYLED_ITEM('color',(#18551),#9193);
#18551 = PRESENTATION_STYLE_ASSIGNMENT((#18552));
#18552 = SURFACE_STYLE_USAGE(.BOTH.,#18553);
#18553 = SURFACE_SIDE_STYLE('',(#18554));
#18554 = SURFACE_STYLE_FILL_AREA(#18555);
#18555 = FILL_AREA_STYLE('',(#18556));
#18556 = FILL_AREA_STYLE_COLOUR('',#18062);
#18557 = STYLED_ITEM('color',(#18558),#9273);
#18558 = PRESENTATION_STYLE_ASSIGNMENT((#18559));
#18559 = SURFACE_STYLE_USAGE(.BOTH.,#18560);
#18560 = SURFACE_SIDE_STYLE('',(#18561));
#18561 = SURFACE_STYLE_FILL_AREA(#18562);
#18562 = FILL_AREA_STYLE('',(#18563));
#18563 = FILL_AREA_STYLE_COLOUR('',#18062);
#18564 = STYLED_ITEM('color',(#18565),#9300);
#18565 = PRESENTATION_STYLE_ASSIGNMENT((#18566));
#18566 = SURFACE_STYLE_USAGE(.BOTH.,#18567);
#18567 = SURFACE_SIDE_STYLE('',(#18568));
#18568 = SURFACE_STYLE_FILL_AREA(#18569);
#18569 = FILL_AREA_STYLE('',(#18570));
#18570 = FILL_AREA_STYLE_COLOUR('',#16697);
#18571 = STYLED_ITEM('color',(#18572),#9331);
#18572 = PRESENTATION_STYLE_ASSIGNMENT((#18573));
#18573 = SURFACE_STYLE_USAGE(.BOTH.,#18574);
#18574 = SURFACE_SIDE_STYLE('',(#18575));
#18575 = SURFACE_STYLE_FILL_AREA(#18576);
#18576 = FILL_AREA_STYLE('',(#18577));
#18577 = FILL_AREA_STYLE_COLOUR('',#16697);
#18578 = STYLED_ITEM('color',(#18579),#9371);
#18579 = PRESENTATION_STYLE_ASSIGNMENT((#18580));
#18580 = SURFACE_STYLE_USAGE(.BOTH.,#18581);
#18581 = SURFACE_SIDE_STYLE('',(#18582));
#18582 = SURFACE_STYLE_FILL_AREA(#18583);
#18583 = FILL_AREA_STYLE('',(#18584));
#18584 = FILL_AREA_STYLE_COLOUR('',#16697);
#18585 = STYLED_ITEM('color',(#18586),#9395);
#18586 = PRESENTATION_STYLE_ASSIGNMENT((#18587));
#18587 = SURFACE_STYLE_USAGE(.BOTH.,#18588);
#18588 = SURFACE_SIDE_STYLE('',(#18589));
#18589 = SURFACE_STYLE_FILL_AREA(#18590);
#18590 = FILL_AREA_STYLE('',(#18591));
#18591 = FILL_AREA_STYLE_COLOUR('',#16697);
#18592 = STYLED_ITEM('color',(#18593),#9412);
#18593 = PRESENTATION_STYLE_ASSIGNMENT((#18594));
#18594 = SURFACE_STYLE_USAGE(.BOTH.,#18595);
#18595 = SURFACE_SIDE_STYLE('',(#18596));
#18596 = SURFACE_STYLE_FILL_AREA(#18597);
#18597 = FILL_AREA_STYLE('',(#18598));
#18598 = FILL_AREA_STYLE_COLOUR('',#16697);
#18599 = STYLED_ITEM('color',(#18600),#9459);
#18600 = PRESENTATION_STYLE_ASSIGNMENT((#18601));
#18601 = SURFACE_STYLE_USAGE(.BOTH.,#18602);
#18602 = SURFACE_SIDE_STYLE('',(#18603));
#18603 = SURFACE_STYLE_FILL_AREA(#18604);
#18604 = FILL_AREA_STYLE('',(#18605));
#18605 = FILL_AREA_STYLE_COLOUR('',#16697);
#18606 = STYLED_ITEM('color',(#18607),#9483);
#18607 = PRESENTATION_STYLE_ASSIGNMENT((#18608));
#18608 = SURFACE_STYLE_USAGE(.BOTH.,#18609);
#18609 = SURFACE_SIDE_STYLE('',(#18610));
#18610 = SURFACE_STYLE_FILL_AREA(#18611);
#18611 = FILL_AREA_STYLE('',(#18612));
#18612 = FILL_AREA_STYLE_COLOUR('',#16697);
#18613 = STYLED_ITEM('color',(#18614),#9507);
#18614 = PRESENTATION_STYLE_ASSIGNMENT((#18615));
#18615 = SURFACE_STYLE_USAGE(.BOTH.,#18616);
#18616 = SURFACE_SIDE_STYLE('',(#18617));
#18617 = SURFACE_STYLE_FILL_AREA(#18618);
#18618 = FILL_AREA_STYLE('',(#18619));
#18619 = FILL_AREA_STYLE_COLOUR('',#16697);
#18620 = STYLED_ITEM('color',(#18621),#9524);
#18621 = PRESENTATION_STYLE_ASSIGNMENT((#18622));
#18622 = SURFACE_STYLE_USAGE(.BOTH.,#18623);
#18623 = SURFACE_SIDE_STYLE('',(#18624));
#18624 = SURFACE_STYLE_FILL_AREA(#18625);
#18625 = FILL_AREA_STYLE('',(#18626));
#18626 = FILL_AREA_STYLE_COLOUR('',#18062);
#18627 = STYLED_ITEM('color',(#18628),#9543);
#18628 = PRESENTATION_STYLE_ASSIGNMENT((#18629));
#18629 = SURFACE_STYLE_USAGE(.BOTH.,#18630);
#18630 = SURFACE_SIDE_STYLE('',(#18631));
#18631 = SURFACE_STYLE_FILL_AREA(#18632);
#18632 = FILL_AREA_STYLE('',(#18633));
#18633 = FILL_AREA_STYLE_COLOUR('',#16697);
#18634 = STYLED_ITEM('color',(#18635),#9567);
#18635 = PRESENTATION_STYLE_ASSIGNMENT((#18636));
#18636 = SURFACE_STYLE_USAGE(.BOTH.,#18637);
#18637 = SURFACE_SIDE_STYLE('',(#18638));
#18638 = SURFACE_STYLE_FILL_AREA(#18639);
#18639 = FILL_AREA_STYLE('',(#18640));
#18640 = FILL_AREA_STYLE_COLOUR('',#16697);
#18641 = STYLED_ITEM('color',(#18642),#9591);
#18642 = PRESENTATION_STYLE_ASSIGNMENT((#18643));
#18643 = SURFACE_STYLE_USAGE(.BOTH.,#18644);
#18644 = SURFACE_SIDE_STYLE('',(#18645));
#18645 = SURFACE_STYLE_FILL_AREA(#18646);
#18646 = FILL_AREA_STYLE('',(#18647));
#18647 = FILL_AREA_STYLE_COLOUR('',#16697);
#18648 = STYLED_ITEM('color',(#18649),#9608);
#18649 = PRESENTATION_STYLE_ASSIGNMENT((#18650));
#18650 = SURFACE_STYLE_USAGE(.BOTH.,#18651);
#18651 = SURFACE_SIDE_STYLE('',(#18652));
#18652 = SURFACE_STYLE_FILL_AREA(#18653);
#18653 = FILL_AREA_STYLE('',(#18654));
#18654 = FILL_AREA_STYLE_COLOUR('',#16697);
#18655 = STYLED_ITEM('color',(#18656),#9639);
#18656 = PRESENTATION_STYLE_ASSIGNMENT((#18657));
#18657 = SURFACE_STYLE_USAGE(.BOTH.,#18658);
#18658 = SURFACE_SIDE_STYLE('',(#18659));
#18659 = SURFACE_STYLE_FILL_AREA(#18660);
#18660 = FILL_AREA_STYLE('',(#18661));
#18661 = FILL_AREA_STYLE_COLOUR('',#16697);
#18662 = STYLED_ITEM('color',(#18663),#9670);
#18663 = PRESENTATION_STYLE_ASSIGNMENT((#18664));
#18664 = SURFACE_STYLE_USAGE(.BOTH.,#18665);
#18665 = SURFACE_SIDE_STYLE('',(#18666));
#18666 = SURFACE_STYLE_FILL_AREA(#18667);
#18667 = FILL_AREA_STYLE('',(#18668));
#18668 = FILL_AREA_STYLE_COLOUR('',#16697);
#18669 = STYLED_ITEM('color',(#18670),#9687);
#18670 = PRESENTATION_STYLE_ASSIGNMENT((#18671));
#18671 = SURFACE_STYLE_USAGE(.BOTH.,#18672);
#18672 = SURFACE_SIDE_STYLE('',(#18673));
#18673 = SURFACE_STYLE_FILL_AREA(#18674);
#18674 = FILL_AREA_STYLE('',(#18675));
#18675 = FILL_AREA_STYLE_COLOUR('',#16697);
#18676 = STYLED_ITEM('color',(#18677),#9704);
#18677 = PRESENTATION_STYLE_ASSIGNMENT((#18678));
#18678 = SURFACE_STYLE_USAGE(.BOTH.,#18679);
#18679 = SURFACE_SIDE_STYLE('',(#18680));
#18680 = SURFACE_STYLE_FILL_AREA(#18681);
#18681 = FILL_AREA_STYLE('',(#18682));
#18682 = FILL_AREA_STYLE_COLOUR('',#16697);
#18683 = STYLED_ITEM('color',(#18684),#9735);
#18684 = PRESENTATION_STYLE_ASSIGNMENT((#18685));
#18685 = SURFACE_STYLE_USAGE(.BOTH.,#18686);
#18686 = SURFACE_SIDE_STYLE('',(#18687));
#18687 = SURFACE_STYLE_FILL_AREA(#18688);
#18688 = FILL_AREA_STYLE('',(#18689));
#18689 = FILL_AREA_STYLE_COLOUR('',#16697);
#18690 = STYLED_ITEM('color',(#18691),#9759);
#18691 = PRESENTATION_STYLE_ASSIGNMENT((#18692));
#18692 = SURFACE_STYLE_USAGE(.BOTH.,#18693);
#18693 = SURFACE_SIDE_STYLE('',(#18694));
#18694 = SURFACE_STYLE_FILL_AREA(#18695);
#18695 = FILL_AREA_STYLE('',(#18696));
#18696 = FILL_AREA_STYLE_COLOUR('',#16697);
#18697 = STYLED_ITEM('color',(#18698),#9783);
#18698 = PRESENTATION_STYLE_ASSIGNMENT((#18699));
#18699 = SURFACE_STYLE_USAGE(.BOTH.,#18700);
#18700 = SURFACE_SIDE_STYLE('',(#18701));
#18701 = SURFACE_STYLE_FILL_AREA(#18702);
#18702 = FILL_AREA_STYLE('',(#18703));
#18703 = FILL_AREA_STYLE_COLOUR('',#16697);
#18704 = STYLED_ITEM('color',(#18705),#9800);
#18705 = PRESENTATION_STYLE_ASSIGNMENT((#18706));
#18706 = SURFACE_STYLE_USAGE(.BOTH.,#18707);
#18707 = SURFACE_SIDE_STYLE('',(#18708));
#18708 = SURFACE_STYLE_FILL_AREA(#18709);
#18709 = FILL_AREA_STYLE('',(#18710));
#18710 = FILL_AREA_STYLE_COLOUR('',#16697);
#18711 = STYLED_ITEM('color',(#18712),#9812);
#18712 = PRESENTATION_STYLE_ASSIGNMENT((#18713));
#18713 = SURFACE_STYLE_USAGE(.BOTH.,#18714);
#18714 = SURFACE_SIDE_STYLE('',(#18715));
#18715 = SURFACE_STYLE_FILL_AREA(#18716);
#18716 = FILL_AREA_STYLE('',(#18717));
#18717 = FILL_AREA_STYLE_COLOUR('',#16697);
#18718 = STYLED_ITEM('color',(#18719),#9843);
#18719 = PRESENTATION_STYLE_ASSIGNMENT((#18720));
#18720 = SURFACE_STYLE_USAGE(.BOTH.,#18721);
#18721 = SURFACE_SIDE_STYLE('',(#18722));
#18722 = SURFACE_STYLE_FILL_AREA(#18723);
#18723 = FILL_AREA_STYLE('',(#18724));
#18724 = FILL_AREA_STYLE_COLOUR('',#16697);
#18725 = STYLED_ITEM('color',(#18726),#9860);
#18726 = PRESENTATION_STYLE_ASSIGNMENT((#18727));
#18727 = SURFACE_STYLE_USAGE(.BOTH.,#18728);
#18728 = SURFACE_SIDE_STYLE('',(#18729));
#18729 = SURFACE_STYLE_FILL_AREA(#18730);
#18730 = FILL_AREA_STYLE('',(#18731));
#18731 = FILL_AREA_STYLE_COLOUR('',#16697);
#18732 = STYLED_ITEM('color',(#18733),#9877);
#18733 = PRESENTATION_STYLE_ASSIGNMENT((#18734));
#18734 = SURFACE_STYLE_USAGE(.BOTH.,#18735);
#18735 = SURFACE_SIDE_STYLE('',(#18736));
#18736 = SURFACE_STYLE_FILL_AREA(#18737);
#18737 = FILL_AREA_STYLE('',(#18738));
#18738 = FILL_AREA_STYLE_COLOUR('',#16697);
#18739 = MECHANICAL_DESIGN_GEOMETRIC_PRESENTATION_REPRESENTATION('',(
    #18740,#18747,#18754,#18761,#18768,#18775,#18782,#18789,#18796,
    #18803,#18810,#18817,#18824,#18831,#18838,#18845,#18852,#18859,
    #18866,#18873,#18880,#18887,#18894,#18901,#18908,#18915,#18922),
  #3331);
#18740 = STYLED_ITEM('color',(#18741),#2557);
#18741 = PRESENTATION_STYLE_ASSIGNMENT((#18742));
#18742 = SURFACE_STYLE_USAGE(.BOTH.,#18743);
#18743 = SURFACE_SIDE_STYLE('',(#18744));
#18744 = SURFACE_STYLE_FILL_AREA(#18745);
#18745 = FILL_AREA_STYLE('',(#18746));
#18746 = FILL_AREA_STYLE_COLOUR('',#16528);
#18747 = STYLED_ITEM('color',(#18748),#2597);
#18748 = PRESENTATION_STYLE_ASSIGNMENT((#18749));
#18749 = SURFACE_STYLE_USAGE(.BOTH.,#18750);
#18750 = SURFACE_SIDE_STYLE('',(#18751));
#18751 = SURFACE_STYLE_FILL_AREA(#18752);
#18752 = FILL_AREA_STYLE('',(#18753));
#18753 = FILL_AREA_STYLE_COLOUR('',#16528);
#18754 = STYLED_ITEM('color',(#18755),#2621);
#18755 = PRESENTATION_STYLE_ASSIGNMENT((#18756));
#18756 = SURFACE_STYLE_USAGE(.BOTH.,#18757);
#18757 = SURFACE_SIDE_STYLE('',(#18758));
#18758 = SURFACE_STYLE_FILL_AREA(#18759);
#18759 = FILL_AREA_STYLE('',(#18760));
#18760 = FILL_AREA_STYLE_COLOUR('',#16528);
#18761 = STYLED_ITEM('color',(#18762),#2733);
#18762 = PRESENTATION_STYLE_ASSIGNMENT((#18763));
#18763 = SURFACE_STYLE_USAGE(.BOTH.,#18764);
#18764 = SURFACE_SIDE_STYLE('',(#18765));
#18765 = SURFACE_STYLE_FILL_AREA(#18766);
#18766 = FILL_AREA_STYLE('',(#18767));
#18767 = FILL_AREA_STYLE_COLOUR('',#16528);
#18768 = STYLED_ITEM('color',(#18769),#2743);
#18769 = PRESENTATION_STYLE_ASSIGNMENT((#18770));
#18770 = SURFACE_STYLE_USAGE(.BOTH.,#18771);
#18771 = SURFACE_SIDE_STYLE('',(#18772));
#18772 = SURFACE_STYLE_FILL_AREA(#18773);
#18773 = FILL_AREA_STYLE('',(#18774));
#18774 = FILL_AREA_STYLE_COLOUR('',#16697);
#18775 = STYLED_ITEM('color',(#18776),#2774);
#18776 = PRESENTATION_STYLE_ASSIGNMENT((#18777));
#18777 = SURFACE_STYLE_USAGE(.BOTH.,#18778);
#18778 = SURFACE_SIDE_STYLE('',(#18779));
#18779 = SURFACE_STYLE_FILL_AREA(#18780);
#18780 = FILL_AREA_STYLE('',(#18781));
#18781 = FILL_AREA_STYLE_COLOUR('',#16697);
#18782 = STYLED_ITEM('color',(#18783),#2798);
#18783 = PRESENTATION_STYLE_ASSIGNMENT((#18784));
#18784 = SURFACE_STYLE_USAGE(.BOTH.,#18785);
#18785 = SURFACE_SIDE_STYLE('',(#18786));
#18786 = SURFACE_STYLE_FILL_AREA(#18787);
#18787 = FILL_AREA_STYLE('',(#18788));
#18788 = FILL_AREA_STYLE_COLOUR('',#16697);
#18789 = STYLED_ITEM('color',(#18790),#2822);
#18790 = PRESENTATION_STYLE_ASSIGNMENT((#18791));
#18791 = SURFACE_STYLE_USAGE(.BOTH.,#18792);
#18792 = SURFACE_SIDE_STYLE('',(#18793));
#18793 = SURFACE_STYLE_FILL_AREA(#18794);
#18794 = FILL_AREA_STYLE('',(#18795));
#18795 = FILL_AREA_STYLE_COLOUR('',#16697);
#18796 = STYLED_ITEM('color',(#18797),#2839);
#18797 = PRESENTATION_STYLE_ASSIGNMENT((#18798));
#18798 = SURFACE_STYLE_USAGE(.BOTH.,#18799);
#18799 = SURFACE_SIDE_STYLE('',(#18800));
#18800 = SURFACE_STYLE_FILL_AREA(#18801);
#18801 = FILL_AREA_STYLE('',(#18802));
#18802 = FILL_AREA_STYLE_COLOUR('',#16697);
#18803 = STYLED_ITEM('color',(#18804),#2870);
#18804 = PRESENTATION_STYLE_ASSIGNMENT((#18805));
#18805 = SURFACE_STYLE_USAGE(.BOTH.,#18806);
#18806 = SURFACE_SIDE_STYLE('',(#18807));
#18807 = SURFACE_STYLE_FILL_AREA(#18808);
#18808 = FILL_AREA_STYLE('',(#18809));
#18809 = FILL_AREA_STYLE_COLOUR('',#16697);
#18810 = STYLED_ITEM('color',(#18811),#2926);
#18811 = PRESENTATION_STYLE_ASSIGNMENT((#18812));
#18812 = SURFACE_STYLE_USAGE(.BOTH.,#18813);
#18813 = SURFACE_SIDE_STYLE('',(#18814));
#18814 = SURFACE_STYLE_FILL_AREA(#18815);
#18815 = FILL_AREA_STYLE('',(#18816));
#18816 = FILL_AREA_STYLE_COLOUR('',#16697);
#18817 = STYLED_ITEM('color',(#18818),#2950);
#18818 = PRESENTATION_STYLE_ASSIGNMENT((#18819));
#18819 = SURFACE_STYLE_USAGE(.BOTH.,#18820);
#18820 = SURFACE_SIDE_STYLE('',(#18821));
#18821 = SURFACE_STYLE_FILL_AREA(#18822);
#18822 = FILL_AREA_STYLE('',(#18823));
#18823 = FILL_AREA_STYLE_COLOUR('',#16697);
#18824 = STYLED_ITEM('color',(#18825),#2999);
#18825 = PRESENTATION_STYLE_ASSIGNMENT((#18826));
#18826 = SURFACE_STYLE_USAGE(.BOTH.,#18827);
#18827 = SURFACE_SIDE_STYLE('',(#18828));
#18828 = SURFACE_STYLE_FILL_AREA(#18829);
#18829 = FILL_AREA_STYLE('',(#18830));
#18830 = FILL_AREA_STYLE_COLOUR('',#16697);
#18831 = STYLED_ITEM('color',(#18832),#3030);
#18832 = PRESENTATION_STYLE_ASSIGNMENT((#18833));
#18833 = SURFACE_STYLE_USAGE(.BOTH.,#18834);
#18834 = SURFACE_SIDE_STYLE('',(#18835));
#18835 = SURFACE_STYLE_FILL_AREA(#18836);
#18836 = FILL_AREA_STYLE('',(#18837));
#18837 = FILL_AREA_STYLE_COLOUR('',#16697);
#18838 = STYLED_ITEM('color',(#18839),#3086);
#18839 = PRESENTATION_STYLE_ASSIGNMENT((#18840));
#18840 = SURFACE_STYLE_USAGE(.BOTH.,#18841);
#18841 = SURFACE_SIDE_STYLE('',(#18842));
#18842 = SURFACE_STYLE_FILL_AREA(#18843);
#18843 = FILL_AREA_STYLE('',(#18844));
#18844 = FILL_AREA_STYLE_COLOUR('',#16697);
#18845 = STYLED_ITEM('color',(#18846),#3110);
#18846 = PRESENTATION_STYLE_ASSIGNMENT((#18847));
#18847 = SURFACE_STYLE_USAGE(.BOTH.,#18848);
#18848 = SURFACE_SIDE_STYLE('',(#18849));
#18849 = SURFACE_STYLE_FILL_AREA(#18850);
#18850 = FILL_AREA_STYLE('',(#18851));
#18851 = FILL_AREA_STYLE_COLOUR('',#16697);
#18852 = STYLED_ITEM('color',(#18853),#3159);
#18853 = PRESENTATION_STYLE_ASSIGNMENT((#18854));
#18854 = SURFACE_STYLE_USAGE(.BOTH.,#18855);
#18855 = SURFACE_SIDE_STYLE('',(#18856));
#18856 = SURFACE_STYLE_FILL_AREA(#18857);
#18857 = FILL_AREA_STYLE('',(#18858));
#18858 = FILL_AREA_STYLE_COLOUR('',#16697);
#18859 = STYLED_ITEM('color',(#18860),#3171);
#18860 = PRESENTATION_STYLE_ASSIGNMENT((#18861));
#18861 = SURFACE_STYLE_USAGE(.BOTH.,#18862);
#18862 = SURFACE_SIDE_STYLE('',(#18863));
#18863 = SURFACE_STYLE_FILL_AREA(#18864);
#18864 = FILL_AREA_STYLE('',(#18865));
#18865 = FILL_AREA_STYLE_COLOUR('',#16697);
#18866 = STYLED_ITEM('color',(#18867),#3188);
#18867 = PRESENTATION_STYLE_ASSIGNMENT((#18868));
#18868 = SURFACE_STYLE_USAGE(.BOTH.,#18869);
#18869 = SURFACE_SIDE_STYLE('',(#18870));
#18870 = SURFACE_STYLE_FILL_AREA(#18871);
#18871 = FILL_AREA_STYLE('',(#18872));
#18872 = FILL_AREA_STYLE_COLOUR('',#16697);
#18873 = STYLED_ITEM('color',(#18874),#3205);
#18874 = PRESENTATION_STYLE_ASSIGNMENT((#18875));
#18875 = SURFACE_STYLE_USAGE(.BOTH.,#18876);
#18876 = SURFACE_SIDE_STYLE('',(#18877));
#18877 = SURFACE_STYLE_FILL_AREA(#18878);
#18878 = FILL_AREA_STYLE('',(#18879));
#18879 = FILL_AREA_STYLE_COLOUR('',#16697);
#18880 = STYLED_ITEM('color',(#18881),#3222);
#18881 = PRESENTATION_STYLE_ASSIGNMENT((#18882));
#18882 = SURFACE_STYLE_USAGE(.BOTH.,#18883);
#18883 = SURFACE_SIDE_STYLE('',(#18884));
#18884 = SURFACE_STYLE_FILL_AREA(#18885);
#18885 = FILL_AREA_STYLE('',(#18886));
#18886 = FILL_AREA_STYLE_COLOUR('',#16697);
#18887 = STYLED_ITEM('color',(#18888),#3239);
#18888 = PRESENTATION_STYLE_ASSIGNMENT((#18889));
#18889 = SURFACE_STYLE_USAGE(.BOTH.,#18890);
#18890 = SURFACE_SIDE_STYLE('',(#18891));
#18891 = SURFACE_STYLE_FILL_AREA(#18892);
#18892 = FILL_AREA_STYLE('',(#18893));
#18893 = FILL_AREA_STYLE_COLOUR('',#16697);
#18894 = STYLED_ITEM('color',(#18895),#3251);
#18895 = PRESENTATION_STYLE_ASSIGNMENT((#18896));
#18896 = SURFACE_STYLE_USAGE(.BOTH.,#18897);
#18897 = SURFACE_SIDE_STYLE('',(#18898));
#18898 = SURFACE_STYLE_FILL_AREA(#18899);
#18899 = FILL_AREA_STYLE('',(#18900));
#18900 = FILL_AREA_STYLE_COLOUR('',#16697);
#18901 = STYLED_ITEM('color',(#18902),#3268);
#18902 = PRESENTATION_STYLE_ASSIGNMENT((#18903));
#18903 = SURFACE_STYLE_USAGE(.BOTH.,#18904);
#18904 = SURFACE_SIDE_STYLE('',(#18905));
#18905 = SURFACE_STYLE_FILL_AREA(#18906);
#18906 = FILL_AREA_STYLE('',(#18907));
#18907 = FILL_AREA_STYLE_COLOUR('',#16697);
#18908 = STYLED_ITEM('color',(#18909),#3285);
#18909 = PRESENTATION_STYLE_ASSIGNMENT((#18910));
#18910 = SURFACE_STYLE_USAGE(.BOTH.,#18911);
#18911 = SURFACE_SIDE_STYLE('',(#18912));
#18912 = SURFACE_STYLE_FILL_AREA(#18913);
#18913 = FILL_AREA_STYLE('',(#18914));
#18914 = FILL_AREA_STYLE_COLOUR('',#16697);
#18915 = STYLED_ITEM('color',(#18916),#3302);
#18916 = PRESENTATION_STYLE_ASSIGNMENT((#18917));
#18917 = SURFACE_STYLE_USAGE(.BOTH.,#18918);
#18918 = SURFACE_SIDE_STYLE('',(#18919));
#18919 = SURFACE_STYLE_FILL_AREA(#18920);
#18920 = FILL_AREA_STYLE('',(#18921));
#18921 = FILL_AREA_STYLE_COLOUR('',#16697);
#18922 = STYLED_ITEM('color',(#18923),#3319);
#18923 = PRESENTATION_STYLE_ASSIGNMENT((#18924));
#18924 = SURFACE_STYLE_USAGE(.BOTH.,#18925);
#18925 = SURFACE_SIDE_STYLE('',(#18926));
#18926 = SURFACE_STYLE_FILL_AREA(#18927);
#18927 = FILL_AREA_STYLE('',(#18928));
#18928 = FILL_AREA_STYLE_COLOUR('',#16697);
#18929 = MECHANICAL_DESIGN_GEOMETRIC_PRESENTATION_REPRESENTATION('',(
    #18930,#18937,#18944,#18952,#18959,#18966,#18973,#18980,#18987,
    #18994,#19001,#19008,#19015,#19022,#19029,#19036,#19043,#19050,
    #19057,#19064,#19071,#19078,#19085,#19092,#19099,#19106,#19113,
    #19120,#19127,#19134,#19141,#19148),#10910);
#18930 = STYLED_ITEM('color',(#18931),#9925);
#18931 = PRESENTATION_STYLE_ASSIGNMENT((#18932));
#18932 = SURFACE_STYLE_USAGE(.BOTH.,#18933);
#18933 = SURFACE_SIDE_STYLE('',(#18934));
#18934 = SURFACE_STYLE_FILL_AREA(#18935);
#18935 = FILL_AREA_STYLE('',(#18936));
#18936 = FILL_AREA_STYLE_COLOUR('',#16697);
#18937 = STYLED_ITEM('color',(#18938),#9942);
#18938 = PRESENTATION_STYLE_ASSIGNMENT((#18939));
#18939 = SURFACE_STYLE_USAGE(.BOTH.,#18940);
#18940 = SURFACE_SIDE_STYLE('',(#18941));
#18941 = SURFACE_STYLE_FILL_AREA(#18942);
#18942 = FILL_AREA_STYLE('',(#18943));
#18943 = FILL_AREA_STYLE_COLOUR('',#16697);
#18944 = STYLED_ITEM('color',(#18945),#9967);
#18945 = PRESENTATION_STYLE_ASSIGNMENT((#18946));
#18946 = SURFACE_STYLE_USAGE(.BOTH.,#18947);
#18947 = SURFACE_SIDE_STYLE('',(#18948));
#18948 = SURFACE_STYLE_FILL_AREA(#18949);
#18949 = FILL_AREA_STYLE('',(#18950));
#18950 = FILL_AREA_STYLE_COLOUR('',#18951);
#18951 = COLOUR_RGB('',0.136999991899,0.40200001271,0.726999997272);
#18952 = STYLED_ITEM('color',(#18953),#9998);
#18953 = PRESENTATION_STYLE_ASSIGNMENT((#18954));
#18954 = SURFACE_STYLE_USAGE(.BOTH.,#18955);
#18955 = SURFACE_SIDE_STYLE('',(#18956));
#18956 = SURFACE_STYLE_FILL_AREA(#18957);
#18957 = FILL_AREA_STYLE('',(#18958));
#18958 = FILL_AREA_STYLE_COLOUR('',#18951);
#18959 = STYLED_ITEM('color',(#18960),#10023);
#18960 = PRESENTATION_STYLE_ASSIGNMENT((#18961));
#18961 = SURFACE_STYLE_USAGE(.BOTH.,#18962);
#18962 = SURFACE_SIDE_STYLE('',(#18963));
#18963 = SURFACE_STYLE_FILL_AREA(#18964);
#18964 = FILL_AREA_STYLE('',(#18965));
#18965 = FILL_AREA_STYLE_COLOUR('',#16697);
#18966 = STYLED_ITEM('color',(#18967),#10048);
#18967 = PRESENTATION_STYLE_ASSIGNMENT((#18968));
#18968 = SURFACE_STYLE_USAGE(.BOTH.,#18969);
#18969 = SURFACE_SIDE_STYLE('',(#18970));
#18970 = SURFACE_STYLE_FILL_AREA(#18971);
#18971 = FILL_AREA_STYLE('',(#18972));
#18972 = FILL_AREA_STYLE_COLOUR('',#18951);
#18973 = STYLED_ITEM('color',(#18974),#10068);
#18974 = PRESENTATION_STYLE_ASSIGNMENT((#18975));
#18975 = SURFACE_STYLE_USAGE(.BOTH.,#18976);
#18976 = SURFACE_SIDE_STYLE('',(#18977));
#18977 = SURFACE_STYLE_FILL_AREA(#18978);
#18978 = FILL_AREA_STYLE('',(#18979));
#18979 = FILL_AREA_STYLE_COLOUR('',#16697);
#18980 = STYLED_ITEM('color',(#18981),#10077);
#18981 = PRESENTATION_STYLE_ASSIGNMENT((#18982));
#18982 = SURFACE_STYLE_USAGE(.BOTH.,#18983);
#18983 = SURFACE_SIDE_STYLE('',(#18984));
#18984 = SURFACE_STYLE_FILL_AREA(#18985);
#18985 = FILL_AREA_STYLE('',(#18986));
#18986 = FILL_AREA_STYLE_COLOUR('',#18951);
#18987 = STYLED_ITEM('color',(#18988),#10107);
#18988 = PRESENTATION_STYLE_ASSIGNMENT((#18989));
#18989 = SURFACE_STYLE_USAGE(.BOTH.,#18990);
#18990 = SURFACE_SIDE_STYLE('',(#18991));
#18991 = SURFACE_STYLE_FILL_AREA(#18992);
#18992 = FILL_AREA_STYLE('',(#18993));
#18993 = FILL_AREA_STYLE_COLOUR('',#18951);
#18994 = STYLED_ITEM('color',(#18995),#10142);
#18995 = PRESENTATION_STYLE_ASSIGNMENT((#18996));
#18996 = SURFACE_STYLE_USAGE(.BOTH.,#18997);
#18997 = SURFACE_SIDE_STYLE('',(#18998));
#18998 = SURFACE_STYLE_FILL_AREA(#18999);
#18999 = FILL_AREA_STYLE('',(#19000));
#19000 = FILL_AREA_STYLE_COLOUR('',#18951);
#19001 = STYLED_ITEM('color',(#19002),#10215);
#19002 = PRESENTATION_STYLE_ASSIGNMENT((#19003));
#19003 = SURFACE_STYLE_USAGE(.BOTH.,#19004);
#19004 = SURFACE_SIDE_STYLE('',(#19005));
#19005 = SURFACE_STYLE_FILL_AREA(#19006);
#19006 = FILL_AREA_STYLE('',(#19007));
#19007 = FILL_AREA_STYLE_COLOUR('',#18951);
#19008 = STYLED_ITEM('color',(#19009),#10255);
#19009 = PRESENTATION_STYLE_ASSIGNMENT((#19010));
#19010 = SURFACE_STYLE_USAGE(.BOTH.,#19011);
#19011 = SURFACE_SIDE_STYLE('',(#19012));
#19012 = SURFACE_STYLE_FILL_AREA(#19013);
#19013 = FILL_AREA_STYLE('',(#19014));
#19014 = FILL_AREA_STYLE_COLOUR('',#18951);
#19015 = STYLED_ITEM('color',(#19016),#10328);
#19016 = PRESENTATION_STYLE_ASSIGNMENT((#19017));
#19017 = SURFACE_STYLE_USAGE(.BOTH.,#19018);
#19018 = SURFACE_SIDE_STYLE('',(#19019));
#19019 = SURFACE_STYLE_FILL_AREA(#19020);
#19020 = FILL_AREA_STYLE('',(#19021));
#19021 = FILL_AREA_STYLE_COLOUR('',#18951);
#19022 = STYLED_ITEM('color',(#19023),#10353);
#19023 = PRESENTATION_STYLE_ASSIGNMENT((#19024));
#19024 = SURFACE_STYLE_USAGE(.BOTH.,#19025);
#19025 = SURFACE_SIDE_STYLE('',(#19026));
#19026 = SURFACE_STYLE_FILL_AREA(#19027);
#19027 = FILL_AREA_STYLE('',(#19028));
#19028 = FILL_AREA_STYLE_COLOUR('',#18951);
#19029 = STYLED_ITEM('color',(#19030),#10379);
#19030 = PRESENTATION_STYLE_ASSIGNMENT((#19031));
#19031 = SURFACE_STYLE_USAGE(.BOTH.,#19032);
#19032 = SURFACE_SIDE_STYLE('',(#19033));
#19033 = SURFACE_STYLE_FILL_AREA(#19034);
#19034 = FILL_AREA_STYLE('',(#19035));
#19035 = FILL_AREA_STYLE_COLOUR('',#18951);
#19036 = STYLED_ITEM('color',(#19037),#10399);
#19037 = PRESENTATION_STYLE_ASSIGNMENT((#19038));
#19038 = SURFACE_STYLE_USAGE(.BOTH.,#19039);
#19039 = SURFACE_SIDE_STYLE('',(#19040));
#19040 = SURFACE_STYLE_FILL_AREA(#19041);
#19041 = FILL_AREA_STYLE('',(#19042));
#19042 = FILL_AREA_STYLE_COLOUR('',#18951);
#19043 = STYLED_ITEM('color',(#19044),#10569);
#19044 = PRESENTATION_STYLE_ASSIGNMENT((#19045));
#19045 = SURFACE_STYLE_USAGE(.BOTH.,#19046);
#19046 = SURFACE_SIDE_STYLE('',(#19047));
#19047 = SURFACE_STYLE_FILL_AREA(#19048);
#19048 = FILL_AREA_STYLE('',(#19049));
#19049 = FILL_AREA_STYLE_COLOUR('',#16697);
#19050 = STYLED_ITEM('color',(#19051),#10639);
#19051 = PRESENTATION_STYLE_ASSIGNMENT((#19052));
#19052 = SURFACE_STYLE_USAGE(.BOTH.,#19053);
#19053 = SURFACE_SIDE_STYLE('',(#19054));
#19054 = SURFACE_STYLE_FILL_AREA(#19055);
#19055 = FILL_AREA_STYLE('',(#19056));
#19056 = FILL_AREA_STYLE_COLOUR('',#16697);
#19057 = STYLED_ITEM('color',(#19058),#10663);
#19058 = PRESENTATION_STYLE_ASSIGNMENT((#19059));
#19059 = SURFACE_STYLE_USAGE(.BOTH.,#19060);
#19060 = SURFACE_SIDE_STYLE('',(#19061));
#19061 = SURFACE_STYLE_FILL_AREA(#19062);
#19062 = FILL_AREA_STYLE('',(#19063));
#19063 = FILL_AREA_STYLE_COLOUR('',#16697);
#19064 = STYLED_ITEM('color',(#19065),#10679);
#19065 = PRESENTATION_STYLE_ASSIGNMENT((#19066));
#19066 = SURFACE_STYLE_USAGE(.BOTH.,#19067);
#19067 = SURFACE_SIDE_STYLE('',(#19068));
#19068 = SURFACE_STYLE_FILL_AREA(#19069);
#19069 = FILL_AREA_STYLE('',(#19070));
#19070 = FILL_AREA_STYLE_COLOUR('',#16697);
#19071 = STYLED_ITEM('color',(#19072),#10691);
#19072 = PRESENTATION_STYLE_ASSIGNMENT((#19073));
#19073 = SURFACE_STYLE_USAGE(.BOTH.,#19074);
#19074 = SURFACE_SIDE_STYLE('',(#19075));
#19075 = SURFACE_STYLE_FILL_AREA(#19076);
#19076 = FILL_AREA_STYLE('',(#19077));
#19077 = FILL_AREA_STYLE_COLOUR('',#16697);
#19078 = STYLED_ITEM('color',(#19079),#10715);
#19079 = PRESENTATION_STYLE_ASSIGNMENT((#19080));
#19080 = SURFACE_STYLE_USAGE(.BOTH.,#19081);
#19081 = SURFACE_SIDE_STYLE('',(#19082));
#19082 = SURFACE_STYLE_FILL_AREA(#19083);
#19083 = FILL_AREA_STYLE('',(#19084));
#19084 = FILL_AREA_STYLE_COLOUR('',#16697);
#19085 = STYLED_ITEM('color',(#19086),#10731);
#19086 = PRESENTATION_STYLE_ASSIGNMENT((#19087));
#19087 = SURFACE_STYLE_USAGE(.BOTH.,#19088);
#19088 = SURFACE_SIDE_STYLE('',(#19089));
#19089 = SURFACE_STYLE_FILL_AREA(#19090);
#19090 = FILL_AREA_STYLE('',(#19091));
#19091 = FILL_AREA_STYLE_COLOUR('',#16697);
#19092 = STYLED_ITEM('color',(#19093),#10743);
#19093 = PRESENTATION_STYLE_ASSIGNMENT((#19094));
#19094 = SURFACE_STYLE_USAGE(.BOTH.,#19095);
#19095 = SURFACE_SIDE_STYLE('',(#19096));
#19096 = SURFACE_STYLE_FILL_AREA(#19097);
#19097 = FILL_AREA_STYLE('',(#19098));
#19098 = FILL_AREA_STYLE_COLOUR('',#16697);
#19099 = STYLED_ITEM('color',(#19100),#10767);
#19100 = PRESENTATION_STYLE_ASSIGNMENT((#19101));
#19101 = SURFACE_STYLE_USAGE(.BOTH.,#19102);
#19102 = SURFACE_SIDE_STYLE('',(#19103));
#19103 = SURFACE_STYLE_FILL_AREA(#19104);
#19104 = FILL_AREA_STYLE('',(#19105));
#19105 = FILL_AREA_STYLE_COLOUR('',#16697);
#19106 = STYLED_ITEM('color',(#19107),#10783);
#19107 = PRESENTATION_STYLE_ASSIGNMENT((#19108));
#19108 = SURFACE_STYLE_USAGE(.BOTH.,#19109);
#19109 = SURFACE_SIDE_STYLE('',(#19110));
#19110 = SURFACE_STYLE_FILL_AREA(#19111);
#19111 = FILL_AREA_STYLE('',(#19112));
#19112 = FILL_AREA_STYLE_COLOUR('',#16697);
#19113 = STYLED_ITEM('color',(#19114),#10795);
#19114 = PRESENTATION_STYLE_ASSIGNMENT((#19115));
#19115 = SURFACE_STYLE_USAGE(.BOTH.,#19116);
#19116 = SURFACE_SIDE_STYLE('',(#19117));
#19117 = SURFACE_STYLE_FILL_AREA(#19118);
#19118 = FILL_AREA_STYLE('',(#19119));
#19119 = FILL_AREA_STYLE_COLOUR('',#16697);
#19120 = STYLED_ITEM('color',(#19121),#10819);
#19121 = PRESENTATION_STYLE_ASSIGNMENT((#19122));
#19122 = SURFACE_STYLE_USAGE(.BOTH.,#19123);
#19123 = SURFACE_SIDE_STYLE('',(#19124));
#19124 = SURFACE_STYLE_FILL_AREA(#19125);
#19125 = FILL_AREA_STYLE('',(#19126));
#19126 = FILL_AREA_STYLE_COLOUR('',#16697);
#19127 = STYLED_ITEM('color',(#19128),#10835);
#19128 = PRESENTATION_STYLE_ASSIGNMENT((#19129));
#19129 = SURFACE_STYLE_USAGE(.BOTH.,#19130);
#19130 = SURFACE_SIDE_STYLE('',(#19131));
#19131 = SURFACE_STYLE_FILL_AREA(#19132);
#19132 = FILL_AREA_STYLE('',(#19133));
#19133 = FILL_AREA_STYLE_COLOUR('',#16697);
#19134 = STYLED_ITEM('color',(#19135),#10849);
#19135 = PRESENTATION_STYLE_ASSIGNMENT((#19136));
#19136 = SURFACE_STYLE_USAGE(.BOTH.,#19137);
#19137 = SURFACE_SIDE_STYLE('',(#19138));
#19138 = SURFACE_STYLE_FILL_AREA(#19139);
#19139 = FILL_AREA_STYLE('',(#19140));
#19140 = FILL_AREA_STYLE_COLOUR('',#18951);
#19141 = STYLED_ITEM('color',(#19142),#10866);
#19142 = PRESENTATION_STYLE_ASSIGNMENT((#19143));
#19143 = SURFACE_STYLE_USAGE(.BOTH.,#19144);
#19144 = SURFACE_SIDE_STYLE('',(#19145));
#19145 = SURFACE_STYLE_FILL_AREA(#19146);
#19146 = FILL_AREA_STYLE('',(#19147));
#19147 = FILL_AREA_STYLE_COLOUR('',#18951);
#19148 = STYLED_ITEM('color',(#19149),#10900);
#19149 = PRESENTATION_STYLE_ASSIGNMENT((#19150));
#19150 = SURFACE_STYLE_USAGE(.BOTH.,#19151);
#19151 = SURFACE_SIDE_STYLE('',(#19152));
#19152 = SURFACE_STYLE_FILL_AREA(#19153);
#19153 = FILL_AREA_STYLE('',(#19154));
#19154 = FILL_AREA_STYLE_COLOUR('',#16697);
#19155 = MECHANICAL_DESIGN_GEOMETRIC_PRESENTATION_REPRESENTATION('',(
    #19156),#16509);
#19156 = STYLED_ITEM('color',(#19157),#11034);
#19157 = PRESENTATION_STYLE_ASSIGNMENT((#19158));
#19158 = SURFACE_STYLE_USAGE(.BOTH.,#19159);
#19159 = SURFACE_SIDE_STYLE('',(#19160));
#19160 = SURFACE_STYLE_FILL_AREA(#19161);
#19161 = FILL_AREA_STYLE('',(#19162));
#19162 = FILL_AREA_STYLE_COLOUR('',#19163);
#19163 = COLOUR_RGB('',0.313304153717,0.484529207832,0.410020903123);
#19164 = MECHANICAL_DESIGN_GEOMETRIC_PRESENTATION_REPRESENTATION('',(
    #19165,#19173,#19180,#19187,#19194,#19201,#19208,#19215,#19222,
    #19229,#19236,#19243,#19250,#19257,#19264,#19271),#4343);
#19165 = STYLED_ITEM('color',(#19166),#3920);
#19166 = PRESENTATION_STYLE_ASSIGNMENT((#19167));
#19167 = SURFACE_STYLE_USAGE(.BOTH.,#19168);
#19168 = SURFACE_SIDE_STYLE('',(#19169));
#19169 = SURFACE_STYLE_FILL_AREA(#19170);
#19170 = FILL_AREA_STYLE('',(#19171));
#19171 = FILL_AREA_STYLE_COLOUR('',#19172);
#19172 = COLOUR_RGB('',0.894999966383,0.890999961016,0.813000030345);
#19173 = STYLED_ITEM('color',(#19174),#3947);
#19174 = PRESENTATION_STYLE_ASSIGNMENT((#19175));
#19175 = SURFACE_STYLE_USAGE(.BOTH.,#19176);
#19176 = SURFACE_SIDE_STYLE('',(#19177));
#19177 = SURFACE_STYLE_FILL_AREA(#19178);
#19178 = FILL_AREA_STYLE('',(#19179));
#19179 = FILL_AREA_STYLE_COLOUR('',#19172);
#19180 = STYLED_ITEM('color',(#19181),#3972);
#19181 = PRESENTATION_STYLE_ASSIGNMENT((#19182));
#19182 = SURFACE_STYLE_USAGE(.BOTH.,#19183);
#19183 = SURFACE_SIDE_STYLE('',(#19184));
#19184 = SURFACE_STYLE_FILL_AREA(#19185);
#19185 = FILL_AREA_STYLE('',(#19186));
#19186 = FILL_AREA_STYLE_COLOUR('',#19172);
#19187 = STYLED_ITEM('color',(#19188),#4000);
#19188 = PRESENTATION_STYLE_ASSIGNMENT((#19189));
#19189 = SURFACE_STYLE_USAGE(.BOTH.,#19190);
#19190 = SURFACE_SIDE_STYLE('',(#19191));
#19191 = SURFACE_STYLE_FILL_AREA(#19192);
#19192 = FILL_AREA_STYLE('',(#19193));
#19193 = FILL_AREA_STYLE_COLOUR('',#19172);
#19194 = STYLED_ITEM('color',(#19195),#4032);
#19195 = PRESENTATION_STYLE_ASSIGNMENT((#19196));
#19196 = SURFACE_STYLE_USAGE(.BOTH.,#19197);
#19197 = SURFACE_SIDE_STYLE('',(#19198));
#19198 = SURFACE_STYLE_FILL_AREA(#19199);
#19199 = FILL_AREA_STYLE('',(#19200));
#19200 = FILL_AREA_STYLE_COLOUR('',#19172);
#19201 = STYLED_ITEM('color',(#19202),#4049);
#19202 = PRESENTATION_STYLE_ASSIGNMENT((#19203));
#19203 = SURFACE_STYLE_USAGE(.BOTH.,#19204);
#19204 = SURFACE_SIDE_STYLE('',(#19205));
#19205 = SURFACE_STYLE_FILL_AREA(#19206);
#19206 = FILL_AREA_STYLE('',(#19207));
#19207 = FILL_AREA_STYLE_COLOUR('',#19172);
#19208 = STYLED_ITEM('color',(#19209),#4127);
#19209 = PRESENTATION_STYLE_ASSIGNMENT((#19210));
#19210 = SURFACE_STYLE_USAGE(.BOTH.,#19211);
#19211 = SURFACE_SIDE_STYLE('',(#19212));
#19212 = SURFACE_STYLE_FILL_AREA(#19213);
#19213 = FILL_AREA_STYLE('',(#19214));
#19214 = FILL_AREA_STYLE_COLOUR('',#16697);
#19215 = STYLED_ITEM('color',(#19216),#4158);
#19216 = PRESENTATION_STYLE_ASSIGNMENT((#19217));
#19217 = SURFACE_STYLE_USAGE(.BOTH.,#19218);
#19218 = SURFACE_SIDE_STYLE('',(#19219));
#19219 = SURFACE_STYLE_FILL_AREA(#19220);
#19220 = FILL_AREA_STYLE('',(#19221));
#19221 = FILL_AREA_STYLE_COLOUR('',#16697);
#19222 = STYLED_ITEM('color',(#19223),#4182);
#19223 = PRESENTATION_STYLE_ASSIGNMENT((#19224));
#19224 = SURFACE_STYLE_USAGE(.BOTH.,#19225);
#19225 = SURFACE_SIDE_STYLE('',(#19226));
#19226 = SURFACE_STYLE_FILL_AREA(#19227);
#19227 = FILL_AREA_STYLE('',(#19228));
#19228 = FILL_AREA_STYLE_COLOUR('',#16697);
#19229 = STYLED_ITEM('color',(#19230),#4206);
#19230 = PRESENTATION_STYLE_ASSIGNMENT((#19231));
#19231 = SURFACE_STYLE_USAGE(.BOTH.,#19232);
#19232 = SURFACE_SIDE_STYLE('',(#19233));
#19233 = SURFACE_STYLE_FILL_AREA(#19234);
#19234 = FILL_AREA_STYLE('',(#19235));
#19235 = FILL_AREA_STYLE_COLOUR('',#16697);
#19236 = STYLED_ITEM('color',(#19237),#4223);
#19237 = PRESENTATION_STYLE_ASSIGNMENT((#19238));
#19238 = SURFACE_STYLE_USAGE(.BOTH.,#19239);
#19239 = SURFACE_SIDE_STYLE('',(#19240));
#19240 = SURFACE_STYLE_FILL_AREA(#19241);
#19241 = FILL_AREA_STYLE('',(#19242));
#19242 = FILL_AREA_STYLE_COLOUR('',#16697);
#19243 = STYLED_ITEM('color',(#19244),#4254);
#19244 = PRESENTATION_STYLE_ASSIGNMENT((#19245));
#19245 = SURFACE_STYLE_USAGE(.BOTH.,#19246);
#19246 = SURFACE_SIDE_STYLE('',(#19247));
#19247 = SURFACE_STYLE_FILL_AREA(#19248);
#19248 = FILL_AREA_STYLE('',(#19249));
#19249 = FILL_AREA_STYLE_COLOUR('',#16697);
#19250 = STYLED_ITEM('color',(#19251),#4278);
#19251 = PRESENTATION_STYLE_ASSIGNMENT((#19252));
#19252 = SURFACE_STYLE_USAGE(.BOTH.,#19253);
#19253 = SURFACE_SIDE_STYLE('',(#19254));
#19254 = SURFACE_STYLE_FILL_AREA(#19255);
#19255 = FILL_AREA_STYLE('',(#19256));
#19256 = FILL_AREA_STYLE_COLOUR('',#16697);
#19257 = STYLED_ITEM('color',(#19258),#4302);
#19258 = PRESENTATION_STYLE_ASSIGNMENT((#19259));
#19259 = SURFACE_STYLE_USAGE(.BOTH.,#19260);
#19260 = SURFACE_SIDE_STYLE('',(#19261));
#19261 = SURFACE_STYLE_FILL_AREA(#19262);
#19262 = FILL_AREA_STYLE('',(#19263));
#19263 = FILL_AREA_STYLE_COLOUR('',#16697);
#19264 = STYLED_ITEM('color',(#19265),#4319);
#19265 = PRESENTATION_STYLE_ASSIGNMENT((#19266));
#19266 = SURFACE_STYLE_USAGE(.BOTH.,#19267);
#19267 = SURFACE_SIDE_STYLE('',(#19268));
#19268 = SURFACE_STYLE_FILL_AREA(#19269);
#19269 = FILL_AREA_STYLE('',(#19270));
#19270 = FILL_AREA_STYLE_COLOUR('',#16697);
#19271 = STYLED_ITEM('color',(#19272),#4331);
#19272 = PRESENTATION_STYLE_ASSIGNMENT((#19273));
#19273 = SURFACE_STYLE_USAGE(.BOTH.,#19274);
#19274 = SURFACE_SIDE_STYLE('',(#19275));
#19275 = SURFACE_STYLE_FILL_AREA(#19276);
#19276 = FILL_AREA_STYLE('',(#19277));
#19277 = FILL_AREA_STYLE_COLOUR('',#16697);
ENDSEC;
END-ISO-10303-21;
